2024-11-15 19:05:00 - robotic_functions - [INFO] - dpu connected to robotics_eVOLVER server

2024-11-15 19:05:00 - robotic_functions - [INFO] - requesting robotics status

2024-11-15 19:05:01 - robotic_functions - [INFO] - {'type': 'robotics', 'data': {'mode': 'idle', 'active_quad': None, 'active_pumps': [], 'vial_window': [], 'xArm': {'warning_code': 0, 'error_code': 0, 'arm_state': None, 'connected': True}, 'OctoPrint': {'octoprint_0': {'connection_status': True}}, 'prime_status': {'influx': False, 'efflux': False}}}

2024-11-15 19:05:18 - robotic_functions - [INFO] - Robotics broadcast received

2024-11-15 19:05:43 - robotic_functions - [INFO] - pausing experiment

2024-11-15 19:05:45 - robotic_functions - [INFO] - stopping experiment

2024-11-15 19:05:45 - robotic_functions - [INFO] - dpu disconnected from robotics_eVOLVER server

2024-11-15 19:20:42 - robotic_functions - [INFO] - dpu connected to robotics_eVOLVER server

2024-11-15 19:20:42 - robotic_functions - [INFO] - requesting robotics status

2024-11-15 19:20:42 - robotic_functions - [INFO] - {'type': 'robotics', 'data': {'mode': 'idle', 'active_quad': None, 'active_pumps': [], 'vial_window': [], 'xArm': {'warning_code': 0, 'error_code': 0, 'arm_state': 2, 'connected': True, 'warn_code': 0}, 'OctoPrint': {'octoprint_0': {'connection_status': True}}, 'prime_status': {'influx': False, 'efflux': False}}}

2024-11-15 19:21:01 - robotic_functions - [INFO] - Robotics broadcast received

2024-11-15 19:21:33 - robotic_functions - [INFO] - pausing experiment

2024-11-15 19:21:34 - robotic_functions - [INFO] - Robotics broadcast received

2024-11-15 19:21:35 - robotic_functions - [INFO] - stopping experiment

2024-11-15 19:21:35 - robotic_functions - [INFO] - dpu disconnected from robotics_eVOLVER server

2024-11-15 19:24:23 - robotic_functions - [INFO] - dpu connected to robotics_eVOLVER server

2024-11-15 19:24:23 - robotic_functions - [INFO] - requesting robotics status

2024-11-15 19:24:23 - robotic_functions - [INFO] - {'type': 'robotics', 'data': {'mode': 'pause', 'active_quad': None, 'active_pumps': [], 'vial_window': [], 'xArm': {'warning_code': 0, 'error_code': 0, 'arm_state': 2, 'connected': True, 'warn_code': 0}, 'OctoPrint': {'octoprint_0': {'connection_status': True}}, 'prime_status': {'influx': False, 'efflux': False}}}

2024-11-15 19:24:41 - robotic_functions - [INFO] - Robotics broadcast received

2024-11-15 19:24:48 - robotic_functions - [INFO] - pausing experiment

2024-11-15 19:24:49 - robotic_functions - [INFO] - stopping experiment

2024-11-15 19:24:49 - robotic_functions - [INFO] - dpu disconnected from robotics_eVOLVER server

2024-11-15 19:25:23 - robotic_functions - [INFO] - dpu connected to robotics_eVOLVER server

2024-11-15 19:25:23 - robotic_functions - [INFO] - requesting robotics status

2024-11-15 19:25:23 - robotic_functions - [INFO] - {'type': 'robotics', 'data': {'mode': 'idle', 'active_quad': None, 'active_pumps': [], 'vial_window': [], 'xArm': {'warning_code': 0, 'error_code': 0, 'arm_state': 2, 'connected': True, 'warn_code': 0}, 'OctoPrint': {'octoprint_0': {'connection_status': True}}, 'prime_status': {'influx': False, 'efflux': False}}}

2024-11-15 19:25:48 - robotic_functions - [INFO] - Robotics broadcast received

2024-11-15 19:26:34 - robotic_functions - [INFO] - Robotics broadcast received

2024-11-15 19:26:34 - evolver - [INFO] - running routine number: 1

2024-11-15 19:26:34 - robotic_functions - [INFO] - requesting robotics status

2024-11-15 19:26:34 - robotic_functions - [INFO] - {'type': 'robotics', 'data': {'mode': 'idle', 'active_quad': None, 'active_pumps': [], 'vial_window': [], 'xArm': {'warning_code': 0, 'error_code': 0, 'arm_state': 2, 'connected': True, 'warn_code': 0}, 'OctoPrint': {'octoprint_0': {'connection_status': True}}, 'prime_status': {'influx': False, 'efflux': False}}}

2024-11-15 19:26:34 - robotic_functions - [INFO] - dilution routine execution: {'syringe_pump_command': {'base_media': {'quad_0': {'vial_0': 0, 'vial_1': 0, 'vial_2': 0, 'vial_3': 0, 'vial_4': 0, 'vial_5': 0, 'vial_6': 0, 'vial_7': 0, 'vial_8': 0, 'vial_9': 0, 'vial_10': 0, 'vial_11': 0, 'vial_12': 0, 'vial_13': 0, 'vial_14': 0, 'vial_15': 0, 'vial_16': 0, 'vial_17': 0}}}, 'ipp_efflux_command': {'quad_0': {'frequency': 5, 'duration': 120, 'polarity': 0}}}

2024-11-15 19:26:34 - evolver - [INFO] - running routine number: 2

2024-11-15 19:26:34 - robotic_functions - [INFO] - requesting robotics status

2024-11-15 19:26:34 - robotic_functions - [INFO] - {'type': 'robotics', 'data': {'mode': 'dilution', 'active_quad': None, 'active_pumps': [], 'vial_window': [], 'xArm': {'warning_code': 0, 'error_code': 0, 'arm_state': 2, 'connected': True, 'warn_code': 0}, 'OctoPrint': {'octoprint_0': {'connection_status': True}}, 'prime_status': {'influx': False, 'efflux': False}}}

2024-11-15 19:26:34 - robotic_functions - [WARNING] - robotics not in idle mode, cannot start dilutions

2024-11-15 19:26:34 - evolver - [INFO] - running routine number: 3

2024-11-15 19:26:34 - robotic_functions - [INFO] - requesting robotics status

2024-11-15 19:26:34 - robotic_functions - [INFO] - {'type': 'robotics', 'data': {'mode': 'dilution', 'active_quad': None, 'active_pumps': [], 'vial_window': [], 'xArm': {'warning_code': 0, 'error_code': 0, 'arm_state': 2, 'connected': True, 'warn_code': 0}, 'OctoPrint': {'octoprint_0': {'connection_status': True}}, 'prime_status': {'influx': False, 'efflux': False}}}

2024-11-15 19:26:34 - robotic_functions - [WARNING] - robotics not in idle mode, cannot start dilutions

2024-11-15 19:26:34 - evolver - [INFO] - running routine number: 4

2024-11-15 19:26:34 - robotic_functions - [INFO] - requesting robotics status

2024-11-15 19:26:34 - robotic_functions - [INFO] - {'type': 'robotics', 'data': {'mode': 'dilution', 'active_quad': None, 'active_pumps': [], 'vial_window': [], 'xArm': {'warning_code': 0, 'error_code': 0, 'arm_state': 2, 'connected': True, 'warn_code': 0}, 'OctoPrint': {'octoprint_0': {'connection_status': True}}, 'prime_status': {'influx': False, 'efflux': False}}}

2024-11-15 19:26:34 - robotic_functions - [WARNING] - robotics not in idle mode, cannot start dilutions

2024-11-15 19:26:34 - evolver - [INFO] - running routine number: 5

2024-11-15 19:26:34 - robotic_functions - [INFO] - requesting robotics status

2024-11-15 19:26:34 - robotic_functions - [INFO] - {'type': 'robotics', 'data': {'mode': 'dilution', 'active_quad': None, 'active_pumps': [], 'vial_window': [], 'xArm': {'warning_code': 0, 'error_code': 0, 'arm_state': 2, 'connected': True, 'warn_code': 0}, 'OctoPrint': {'octoprint_0': {'connection_status': True}}, 'prime_status': {'influx': False, 'efflux': False}}}

2024-11-15 19:26:34 - robotic_functions - [WARNING] - robotics not in idle mode, cannot start dilutions

2024-11-15 19:26:34 - evolver - [INFO] - running routine number: 6

2024-11-15 19:26:34 - robotic_functions - [INFO] - requesting robotics status

2024-11-15 19:26:34 - robotic_functions - [INFO] - {'type': 'robotics', 'data': {'mode': 'dilution', 'active_quad': None, 'active_pumps': [], 'vial_window': [], 'xArm': {'warning_code': 0, 'error_code': 0, 'arm_state': 2, 'connected': True, 'warn_code': 0}, 'OctoPrint': {'octoprint_0': {'connection_status': True}}, 'prime_status': {'influx': False, 'efflux': False}}}

2024-11-15 19:26:34 - robotic_functions - [WARNING] - robotics not in idle mode, cannot start dilutions

2024-11-15 19:26:34 - evolver - [INFO] - running routine number: 7

2024-11-15 19:26:34 - robotic_functions - [INFO] - requesting robotics status

2024-11-15 19:26:34 - robotic_functions - [INFO] - {'type': 'robotics', 'data': {'mode': 'dilution', 'active_quad': None, 'active_pumps': [], 'vial_window': [], 'xArm': {'warning_code': 0, 'error_code': 0, 'arm_state': 2, 'connected': True, 'warn_code': 0}, 'OctoPrint': {'octoprint_0': {'connection_status': True}}, 'prime_status': {'influx': False, 'efflux': False}}}

2024-11-15 19:26:34 - robotic_functions - [WARNING] - robotics not in idle mode, cannot start dilutions

2024-11-15 19:26:34 - evolver - [INFO] - running routine number: 8

2024-11-15 19:26:34 - robotic_functions - [INFO] - requesting robotics status

2024-11-15 19:26:34 - robotic_functions - [INFO] - {'type': 'robotics', 'data': {'mode': 'dilution', 'active_quad': None, 'active_pumps': [], 'vial_window': [], 'xArm': {'warning_code': 0, 'error_code': 0, 'arm_state': 2, 'connected': True, 'warn_code': 0}, 'OctoPrint': {'octoprint_0': {'connection_status': True}}, 'prime_status': {'influx': False, 'efflux': False}}}

2024-11-15 19:26:35 - robotic_functions - [WARNING] - robotics not in idle mode, cannot start dilutions

2024-11-15 19:26:35 - evolver - [INFO] - running routine number: 9

2024-11-15 19:26:35 - robotic_functions - [INFO] - requesting robotics status

2024-11-15 19:26:35 - robotic_functions - [INFO] - {'type': 'robotics', 'data': {'mode': 'dilution', 'active_quad': None, 'active_pumps': [], 'vial_window': [], 'xArm': {'warning_code': 0, 'error_code': 0, 'arm_state': 2, 'connected': True, 'warn_code': 0}, 'OctoPrint': {'octoprint_0': {'connection_status': True}}, 'prime_status': {'influx': False, 'efflux': False}}}

2024-11-15 19:26:35 - robotic_functions - [WARNING] - robotics not in idle mode, cannot start dilutions

2024-11-15 19:26:35 - evolver - [INFO] - running routine number: 10

2024-11-15 19:26:35 - robotic_functions - [INFO] - requesting robotics status

2024-11-15 19:26:35 - robotic_functions - [INFO] - {'type': 'robotics', 'data': {'mode': 'dilution', 'active_quad': None, 'active_pumps': [], 'vial_window': [], 'xArm': {'warning_code': 0, 'error_code': 0, 'arm_state': 2, 'connected': True, 'warn_code': 0}, 'OctoPrint': {'octoprint_0': {'connection_status': True}}, 'prime_status': {'influx': False, 'efflux': False}}}

2024-11-15 19:26:35 - robotic_functions - [WARNING] - robotics not in idle mode, cannot start dilutions

2024-11-15 19:26:35 - evolver - [INFO] - running routine number: 11

2024-11-15 19:26:35 - robotic_functions - [INFO] - requesting robotics status

2024-11-15 19:26:35 - robotic_functions - [INFO] - {'type': 'robotics', 'data': {'mode': 'dilution', 'active_quad': None, 'active_pumps': [], 'vial_window': [], 'xArm': {'warning_code': 0, 'error_code': 0, 'arm_state': 2, 'connected': True, 'warn_code': 0}, 'OctoPrint': {'octoprint_0': {'connection_status': True}}, 'prime_status': {'influx': False, 'efflux': False}}}

2024-11-15 19:26:35 - robotic_functions - [WARNING] - robotics not in idle mode, cannot start dilutions

2024-11-15 19:26:35 - evolver - [INFO] - running routine number: 12

2024-11-15 19:26:35 - robotic_functions - [INFO] - requesting robotics status

2024-11-15 19:26:35 - robotic_functions - [INFO] - {'type': 'robotics', 'data': {'mode': 'dilution', 'active_quad': None, 'active_pumps': [], 'vial_window': [], 'xArm': {'warning_code': 0, 'error_code': 0, 'arm_state': 2, 'connected': True, 'warn_code': 0}, 'OctoPrint': {'octoprint_0': {'connection_status': True}}, 'prime_status': {'influx': False, 'efflux': False}}}

2024-11-15 19:26:35 - robotic_functions - [WARNING] - robotics not in idle mode, cannot start dilutions

2024-11-15 19:26:35 - evolver - [INFO] - running routine number: 13

2024-11-15 19:26:35 - robotic_functions - [INFO] - requesting robotics status

2024-11-15 19:26:35 - robotic_functions - [INFO] - {'type': 'robotics', 'data': {'mode': 'dilution', 'active_quad': None, 'active_pumps': [], 'vial_window': [], 'xArm': {'warning_code': 0, 'error_code': 0, 'arm_state': 2, 'connected': True, 'warn_code': 0}, 'OctoPrint': {'octoprint_0': {'connection_status': True}}, 'prime_status': {'influx': False, 'efflux': False}}}

2024-11-15 19:26:35 - robotic_functions - [WARNING] - robotics not in idle mode, cannot start dilutions

2024-11-15 19:26:35 - evolver - [INFO] - running routine number: 14

2024-11-15 19:26:35 - robotic_functions - [INFO] - requesting robotics status

2024-11-15 19:26:35 - robotic_functions - [INFO] - {'type': 'robotics', 'data': {'mode': 'dilution', 'active_quad': None, 'active_pumps': [], 'vial_window': [], 'xArm': {'warning_code': 0, 'error_code': 0, 'arm_state': 2, 'connected': True, 'warn_code': 0}, 'OctoPrint': {'octoprint_0': {'connection_status': True}}, 'prime_status': {'influx': False, 'efflux': False}}}

2024-11-15 19:26:35 - robotic_functions - [WARNING] - robotics not in idle mode, cannot start dilutions

2024-11-15 19:26:35 - evolver - [INFO] - running routine number: 15

2024-11-15 19:26:35 - robotic_functions - [INFO] - requesting robotics status

2024-11-15 19:26:35 - robotic_functions - [INFO] - {'type': 'robotics', 'data': {'mode': 'dilution', 'active_quad': None, 'active_pumps': [], 'vial_window': [], 'xArm': {'warning_code': 0, 'error_code': 0, 'arm_state': 2, 'connected': True, 'warn_code': 0}, 'OctoPrint': {'octoprint_0': {'connection_status': True}}, 'prime_status': {'influx': False, 'efflux': False}}}

2024-11-15 19:26:35 - robotic_functions - [WARNING] - robotics not in idle mode, cannot start dilutions

2024-11-15 19:26:35 - evolver - [INFO] - running routine number: 16

2024-11-15 19:26:35 - robotic_functions - [INFO] - requesting robotics status

2024-11-15 19:26:35 - robotic_functions - [INFO] - {'type': 'robotics', 'data': {'mode': 'dilution', 'active_quad': None, 'active_pumps': [], 'vial_window': [], 'xArm': {'warning_code': 0, 'error_code': 0, 'arm_state': 2, 'connected': True, 'warn_code': 0}, 'OctoPrint': {'octoprint_0': {'connection_status': True}}, 'prime_status': {'influx': False, 'efflux': False}}}

2024-11-15 19:26:35 - robotic_functions - [WARNING] - robotics not in idle mode, cannot start dilutions

2024-11-15 19:26:35 - evolver - [INFO] - running routine number: 17

2024-11-15 19:26:35 - robotic_functions - [INFO] - requesting robotics status

2024-11-15 19:26:35 - robotic_functions - [INFO] - {'type': 'robotics', 'data': {'mode': 'dilution', 'active_quad': None, 'active_pumps': [], 'vial_window': [], 'xArm': {'warning_code': 0, 'error_code': 0, 'arm_state': 2, 'connected': True, 'warn_code': 0}, 'OctoPrint': {'octoprint_0': {'connection_status': True}}, 'prime_status': {'influx': False, 'efflux': False}}}

2024-11-15 19:26:35 - robotic_functions - [WARNING] - robotics not in idle mode, cannot start dilutions

2024-11-15 19:26:35 - evolver - [INFO] - running routine number: 18

2024-11-15 19:26:35 - robotic_functions - [INFO] - requesting robotics status

2024-11-15 19:26:36 - robotic_functions - [INFO] - {'type': 'robotics', 'data': {'mode': 'dilution', 'active_quad': None, 'active_pumps': [], 'vial_window': [], 'xArm': {'warning_code': 0, 'error_code': 0, 'arm_state': 2, 'connected': True, 'warn_code': 0}, 'OctoPrint': {'octoprint_0': {'connection_status': True}}, 'prime_status': {'influx': False, 'efflux': False}}}

2024-11-15 19:26:36 - robotic_functions - [WARNING] - robotics not in idle mode, cannot start dilutions

2024-11-15 19:26:36 - evolver - [INFO] - running routine number: 19

2024-11-15 19:26:36 - robotic_functions - [INFO] - requesting robotics status

2024-11-15 19:26:36 - robotic_functions - [INFO] - {'type': 'robotics', 'data': {'mode': 'dilution', 'active_quad': None, 'active_pumps': [], 'vial_window': [], 'xArm': {'warning_code': 0, 'error_code': 0, 'arm_state': 2, 'connected': True, 'warn_code': 0}, 'OctoPrint': {'octoprint_0': {'connection_status': True}}, 'prime_status': {'influx': False, 'efflux': False}}}

2024-11-15 19:26:36 - robotic_functions - [WARNING] - robotics not in idle mode, cannot start dilutions

2024-11-15 19:26:36 - evolver - [INFO] - running routine number: 20

2024-11-15 19:26:36 - robotic_functions - [INFO] - requesting robotics status

2024-11-15 19:26:36 - robotic_functions - [INFO] - {'type': 'robotics', 'data': {'mode': 'dilution', 'active_quad': None, 'active_pumps': [], 'vial_window': [], 'xArm': {'warning_code': 0, 'error_code': 0, 'arm_state': 2, 'connected': True, 'warn_code': 0}, 'OctoPrint': {'octoprint_0': {'connection_status': True}}, 'prime_status': {'influx': False, 'efflux': False}}}

2024-11-15 19:26:36 - robotic_functions - [WARNING] - robotics not in idle mode, cannot start dilutions

2024-11-15 19:26:36 - evolver - [INFO] - running routine number: 21

2024-11-15 19:26:36 - robotic_functions - [INFO] - requesting robotics status

2024-11-15 19:26:36 - robotic_functions - [INFO] - {'type': 'robotics', 'data': {'mode': 'dilution', 'active_quad': None, 'active_pumps': [], 'vial_window': [], 'xArm': {'warning_code': 0, 'error_code': 0, 'arm_state': 2, 'connected': True, 'warn_code': 0}, 'OctoPrint': {'octoprint_0': {'connection_status': True}}, 'prime_status': {'influx': False, 'efflux': False}}}

2024-11-15 19:26:36 - robotic_functions - [WARNING] - robotics not in idle mode, cannot start dilutions

2024-11-15 19:26:36 - evolver - [INFO] - running routine number: 22

2024-11-15 19:26:36 - robotic_functions - [INFO] - requesting robotics status

2024-11-15 19:26:36 - robotic_functions - [INFO] - {'type': 'robotics', 'data': {'mode': 'dilution', 'active_quad': None, 'active_pumps': [], 'vial_window': [], 'xArm': {'warning_code': 0, 'error_code': 0, 'arm_state': 2, 'connected': True, 'warn_code': 0}, 'OctoPrint': {'octoprint_0': {'connection_status': True}}, 'prime_status': {'influx': False, 'efflux': False}}}

2024-11-15 19:26:36 - robotic_functions - [WARNING] - robotics not in idle mode, cannot start dilutions

2024-11-15 19:26:36 - evolver - [INFO] - running routine number: 23

2024-11-15 19:26:36 - robotic_functions - [INFO] - requesting robotics status

2024-11-15 19:26:36 - robotic_functions - [INFO] - {'type': 'robotics', 'data': {'mode': 'dilution', 'active_quad': None, 'active_pumps': [], 'vial_window': [], 'xArm': {'warning_code': 0, 'error_code': 0, 'arm_state': 2, 'connected': True, 'warn_code': 0}, 'OctoPrint': {'octoprint_0': {'connection_status': True}}, 'prime_status': {'influx': False, 'efflux': False}}}

2024-11-15 19:26:36 - robotic_functions - [WARNING] - robotics not in idle mode, cannot start dilutions

2024-11-15 19:26:36 - evolver - [INFO] - running routine number: 24

2024-11-15 19:26:36 - robotic_functions - [INFO] - requesting robotics status

2024-11-15 19:26:36 - robotic_functions - [INFO] - {'type': 'robotics', 'data': {'mode': 'dilution', 'active_quad': None, 'active_pumps': [], 'vial_window': [], 'xArm': {'warning_code': 0, 'error_code': 0, 'arm_state': 2, 'connected': True, 'warn_code': 0}, 'OctoPrint': {'octoprint_0': {'connection_status': True}}, 'prime_status': {'influx': False, 'efflux': False}}}

2024-11-15 19:26:36 - robotic_functions - [WARNING] - robotics not in idle mode, cannot start dilutions

2024-11-15 19:26:36 - evolver - [INFO] - running routine number: 25

2024-11-15 19:26:36 - robotic_functions - [INFO] - requesting robotics status

2024-11-15 19:26:36 - robotic_functions - [INFO] - {'type': 'robotics', 'data': {'mode': 'dilution', 'active_quad': None, 'active_pumps': [], 'vial_window': [], 'xArm': {'warning_code': 0, 'error_code': 0, 'arm_state': 2, 'connected': True, 'warn_code': 0}, 'OctoPrint': {'octoprint_0': {'connection_status': True}}, 'prime_status': {'influx': False, 'efflux': False}}}

2024-11-15 19:26:36 - robotic_functions - [WARNING] - robotics not in idle mode, cannot start dilutions

2024-11-15 19:26:36 - evolver - [INFO] - running routine number: 26

2024-11-15 19:26:36 - robotic_functions - [INFO] - requesting robotics status

2024-11-15 19:26:36 - robotic_functions - [INFO] - {'type': 'robotics', 'data': {'mode': 'dilution', 'active_quad': None, 'active_pumps': [], 'vial_window': [], 'xArm': {'warning_code': 0, 'error_code': 0, 'arm_state': 2, 'connected': True, 'warn_code': 0}, 'OctoPrint': {'octoprint_0': {'connection_status': True}}, 'prime_status': {'influx': False, 'efflux': False}}}

2024-11-15 19:26:36 - robotic_functions - [WARNING] - robotics not in idle mode, cannot start dilutions

2024-11-15 19:26:36 - evolver - [INFO] - running routine number: 27

2024-11-15 19:26:36 - robotic_functions - [INFO] - requesting robotics status

2024-11-15 19:26:36 - robotic_functions - [INFO] - {'type': 'robotics', 'data': {'mode': 'dilution', 'active_quad': None, 'active_pumps': [], 'vial_window': [], 'xArm': {'warning_code': 0, 'error_code': 0, 'arm_state': 2, 'connected': True, 'warn_code': 0}, 'OctoPrint': {'octoprint_0': {'connection_status': True}}, 'prime_status': {'influx': False, 'efflux': False}}}

2024-11-15 19:26:37 - robotic_functions - [WARNING] - robotics not in idle mode, cannot start dilutions

2024-11-15 19:26:37 - evolver - [INFO] - running routine number: 28

2024-11-15 19:26:37 - robotic_functions - [INFO] - requesting robotics status

2024-11-15 19:26:37 - robotic_functions - [INFO] - {'type': 'robotics', 'data': {'mode': 'dilution', 'active_quad': None, 'active_pumps': [], 'vial_window': [], 'xArm': {'warning_code': 0, 'error_code': 0, 'arm_state': 2, 'connected': True, 'warn_code': 0}, 'OctoPrint': {'octoprint_0': {'connection_status': True}}, 'prime_status': {'influx': False, 'efflux': False}}}

2024-11-15 19:26:37 - robotic_functions - [WARNING] - robotics not in idle mode, cannot start dilutions

2024-11-15 19:26:37 - evolver - [INFO] - running routine number: 29

2024-11-15 19:26:37 - robotic_functions - [INFO] - requesting robotics status

2024-11-15 19:26:37 - robotic_functions - [INFO] - {'type': 'robotics', 'data': {'mode': 'dilution', 'active_quad': None, 'active_pumps': [], 'vial_window': [], 'xArm': {'warning_code': 0, 'error_code': 0, 'arm_state': 2, 'connected': True, 'warn_code': 0}, 'OctoPrint': {'octoprint_0': {'connection_status': True}}, 'prime_status': {'influx': False, 'efflux': False}}}

2024-11-15 19:26:37 - robotic_functions - [WARNING] - robotics not in idle mode, cannot start dilutions

2024-11-15 19:26:37 - evolver - [INFO] - running routine number: 30

2024-11-15 19:26:37 - robotic_functions - [INFO] - requesting robotics status

2024-11-15 19:26:37 - robotic_functions - [INFO] - {'type': 'robotics', 'data': {'mode': 'dilution', 'active_quad': None, 'active_pumps': [], 'vial_window': [], 'xArm': {'warning_code': 0, 'error_code': 0, 'arm_state': 2, 'connected': True, 'warn_code': 0}, 'OctoPrint': {'octoprint_0': {'connection_status': True}}, 'prime_status': {'influx': False, 'efflux': False}}}

2024-11-15 19:26:37 - robotic_functions - [WARNING] - robotics not in idle mode, cannot start dilutions

2024-11-15 19:26:37 - evolver - [INFO] - running routine number: 31

2024-11-15 19:26:37 - robotic_functions - [INFO] - requesting robotics status

2024-11-15 19:26:37 - robotic_functions - [INFO] - {'type': 'robotics', 'data': {'mode': 'dilution', 'active_quad': None, 'active_pumps': [], 'vial_window': [], 'xArm': {'warning_code': 0, 'error_code': 0, 'arm_state': 2, 'connected': True, 'warn_code': 0}, 'OctoPrint': {'octoprint_0': {'connection_status': True}}, 'prime_status': {'influx': False, 'efflux': False}}}

2024-11-15 19:26:37 - robotic_functions - [WARNING] - robotics not in idle mode, cannot start dilutions

2024-11-15 19:26:37 - evolver - [INFO] - running routine number: 32

2024-11-15 19:26:37 - robotic_functions - [INFO] - requesting robotics status

2024-11-15 19:26:37 - robotic_functions - [INFO] - {'type': 'robotics', 'data': {'mode': 'dilution', 'active_quad': None, 'active_pumps': [], 'vial_window': [], 'xArm': {'warning_code': 0, 'error_code': 0, 'arm_state': 2, 'connected': True, 'warn_code': 0}, 'OctoPrint': {'octoprint_0': {'connection_status': True}}, 'prime_status': {'influx': False, 'efflux': False}}}

2024-11-15 19:26:37 - robotic_functions - [WARNING] - robotics not in idle mode, cannot start dilutions

2024-11-15 19:26:37 - evolver - [INFO] - running routine number: 33

2024-11-15 19:26:37 - robotic_functions - [INFO] - requesting robotics status

2024-11-15 19:26:37 - robotic_functions - [INFO] - {'type': 'robotics', 'data': {'mode': 'dilution', 'active_quad': None, 'active_pumps': [], 'vial_window': [], 'xArm': {'warning_code': 0, 'error_code': 0, 'arm_state': 2, 'connected': True, 'warn_code': 0}, 'OctoPrint': {'octoprint_0': {'connection_status': True}}, 'prime_status': {'influx': False, 'efflux': False}}}

2024-11-15 19:26:37 - robotic_functions - [WARNING] - robotics not in idle mode, cannot start dilutions

2024-11-15 19:26:37 - evolver - [INFO] - running routine number: 34

2024-11-15 19:26:37 - robotic_functions - [INFO] - requesting robotics status

2024-11-15 19:26:37 - robotic_functions - [INFO] - {'type': 'robotics', 'data': {'mode': 'dilution', 'active_quad': None, 'active_pumps': [], 'vial_window': [], 'xArm': {'warning_code': 0, 'error_code': 0, 'arm_state': 2, 'connected': True, 'warn_code': 0}, 'OctoPrint': {'octoprint_0': {'connection_status': True}}, 'prime_status': {'influx': False, 'efflux': False}}}

2024-11-15 19:26:37 - robotic_functions - [WARNING] - robotics not in idle mode, cannot start dilutions

2024-11-15 19:26:37 - evolver - [INFO] - running routine number: 35

2024-11-15 19:26:37 - robotic_functions - [INFO] - requesting robotics status

2024-11-15 19:26:37 - robotic_functions - [INFO] - {'type': 'robotics', 'data': {'mode': 'dilution', 'active_quad': None, 'active_pumps': [], 'vial_window': [], 'xArm': {'warning_code': 0, 'error_code': 0, 'arm_state': 2, 'connected': True, 'warn_code': 0}, 'OctoPrint': {'octoprint_0': {'connection_status': True}}, 'prime_status': {'influx': False, 'efflux': False}}}

2024-11-15 19:26:37 - robotic_functions - [WARNING] - robotics not in idle mode, cannot start dilutions

2024-11-15 19:26:37 - evolver - [INFO] - running routine number: 36

2024-11-15 19:26:37 - robotic_functions - [INFO] - requesting robotics status

2024-11-15 19:26:37 - robotic_functions - [INFO] - {'type': 'robotics', 'data': {'mode': 'dilution', 'active_quad': None, 'active_pumps': [], 'vial_window': [], 'xArm': {'warning_code': 0, 'error_code': 0, 'arm_state': 2, 'connected': True, 'warn_code': 0}, 'OctoPrint': {'octoprint_0': {'connection_status': True}}, 'prime_status': {'influx': False, 'efflux': False}}}

2024-11-15 19:26:37 - robotic_functions - [WARNING] - robotics not in idle mode, cannot start dilutions

2024-11-15 19:26:37 - evolver - [INFO] - running routine number: 37

2024-11-15 19:26:37 - robotic_functions - [INFO] - requesting robotics status

2024-11-15 19:26:37 - robotic_functions - [INFO] - {'type': 'robotics', 'data': {'mode': 'dilution', 'active_quad': None, 'active_pumps': [], 'vial_window': [], 'xArm': {'warning_code': 0, 'error_code': 0, 'arm_state': 2, 'connected': True, 'warn_code': 0}, 'OctoPrint': {'octoprint_0': {'connection_status': True}}, 'prime_status': {'influx': False, 'efflux': False}}}

2024-11-15 19:26:38 - robotic_functions - [WARNING] - robotics not in idle mode, cannot start dilutions

2024-11-15 19:26:38 - evolver - [INFO] - running routine number: 38

2024-11-15 19:26:38 - robotic_functions - [INFO] - requesting robotics status

2024-11-15 19:26:38 - robotic_functions - [INFO] - {'type': 'robotics', 'data': {'mode': 'dilution', 'active_quad': None, 'active_pumps': [], 'vial_window': [], 'xArm': {'warning_code': 0, 'error_code': 0, 'arm_state': 2, 'connected': True, 'warn_code': 0}, 'OctoPrint': {'octoprint_0': {'connection_status': True}}, 'prime_status': {'influx': False, 'efflux': False}}}

2024-11-15 19:26:38 - robotic_functions - [WARNING] - robotics not in idle mode, cannot start dilutions

2024-11-15 19:26:38 - evolver - [INFO] - running routine number: 39

2024-11-15 19:26:38 - robotic_functions - [INFO] - requesting robotics status

2024-11-15 19:26:38 - robotic_functions - [INFO] - {'type': 'robotics', 'data': {'mode': 'dilution', 'active_quad': None, 'active_pumps': [], 'vial_window': [], 'xArm': {'warning_code': 0, 'error_code': 0, 'arm_state': 2, 'connected': True, 'warn_code': 0}, 'OctoPrint': {'octoprint_0': {'connection_status': True}}, 'prime_status': {'influx': False, 'efflux': False}}}

2024-11-15 19:26:38 - robotic_functions - [WARNING] - robotics not in idle mode, cannot start dilutions

2024-11-15 19:26:38 - evolver - [INFO] - running routine number: 40

2024-11-15 19:26:38 - robotic_functions - [INFO] - requesting robotics status

2024-11-15 19:26:38 - robotic_functions - [INFO] - {'type': 'robotics', 'data': {'mode': 'dilution', 'active_quad': None, 'active_pumps': [], 'vial_window': [], 'xArm': {'warning_code': 0, 'error_code': 0, 'arm_state': 2, 'connected': True, 'warn_code': 0}, 'OctoPrint': {'octoprint_0': {'connection_status': True}}, 'prime_status': {'influx': False, 'efflux': False}}}

2024-11-15 19:26:38 - robotic_functions - [WARNING] - robotics not in idle mode, cannot start dilutions

2024-11-15 19:26:38 - evolver - [INFO] - running routine number: 41

2024-11-15 19:26:38 - robotic_functions - [INFO] - requesting robotics status

2024-11-15 19:26:38 - robotic_functions - [INFO] - {'type': 'robotics', 'data': {'mode': 'dilution', 'active_quad': None, 'active_pumps': [], 'vial_window': [], 'xArm': {'warning_code': 0, 'error_code': 0, 'arm_state': 2, 'connected': True, 'warn_code': 0}, 'OctoPrint': {'octoprint_0': {'connection_status': True}}, 'prime_status': {'influx': False, 'efflux': False}}}

2024-11-15 19:26:38 - robotic_functions - [WARNING] - robotics not in idle mode, cannot start dilutions

2024-11-15 19:26:38 - evolver - [INFO] - running routine number: 42

2024-11-15 19:26:38 - robotic_functions - [INFO] - requesting robotics status

2024-11-15 19:26:38 - robotic_functions - [INFO] - {'type': 'robotics', 'data': {'mode': 'dilution', 'active_quad': None, 'active_pumps': [], 'vial_window': [], 'xArm': {'warning_code': 0, 'error_code': 0, 'arm_state': 2, 'connected': True, 'warn_code': 0}, 'OctoPrint': {'octoprint_0': {'connection_status': True}}, 'prime_status': {'influx': False, 'efflux': False}}}

2024-11-15 19:26:38 - robotic_functions - [WARNING] - robotics not in idle mode, cannot start dilutions

2024-11-15 19:26:38 - evolver - [INFO] - running routine number: 43

2024-11-15 19:26:38 - robotic_functions - [INFO] - requesting robotics status

2024-11-15 19:26:38 - robotic_functions - [INFO] - {'type': 'robotics', 'data': {'mode': 'dilution', 'active_quad': None, 'active_pumps': [], 'vial_window': [], 'xArm': {'warning_code': 0, 'error_code': 0, 'arm_state': 2, 'connected': True, 'warn_code': 0}, 'OctoPrint': {'octoprint_0': {'connection_status': True}}, 'prime_status': {'influx': False, 'efflux': False}}}

2024-11-15 19:26:38 - robotic_functions - [WARNING] - robotics not in idle mode, cannot start dilutions

2024-11-15 19:26:38 - evolver - [INFO] - running routine number: 44

2024-11-15 19:26:38 - robotic_functions - [INFO] - requesting robotics status

2024-11-15 19:26:38 - robotic_functions - [INFO] - {'type': 'robotics', 'data': {'mode': 'dilution', 'active_quad': None, 'active_pumps': [], 'vial_window': [], 'xArm': {'warning_code': 0, 'error_code': 0, 'arm_state': 2, 'connected': True, 'warn_code': 0}, 'OctoPrint': {'octoprint_0': {'connection_status': True}}, 'prime_status': {'influx': False, 'efflux': False}}}

2024-11-15 19:26:38 - robotic_functions - [WARNING] - robotics not in idle mode, cannot start dilutions

2024-11-15 19:26:38 - evolver - [INFO] - running routine number: 45

2024-11-15 19:26:38 - robotic_functions - [INFO] - requesting robotics status

2024-11-15 19:26:38 - robotic_functions - [INFO] - {'type': 'robotics', 'data': {'mode': 'dilution', 'active_quad': None, 'active_pumps': [], 'vial_window': [], 'xArm': {'warning_code': 0, 'error_code': 0, 'arm_state': 2, 'connected': True, 'warn_code': 0}, 'OctoPrint': {'octoprint_0': {'connection_status': True}}, 'prime_status': {'influx': False, 'efflux': False}}}

2024-11-15 19:26:39 - robotic_functions - [WARNING] - robotics not in idle mode, cannot start dilutions

2024-11-15 19:26:39 - evolver - [INFO] - running routine number: 46

2024-11-15 19:26:39 - robotic_functions - [INFO] - requesting robotics status

2024-11-15 19:26:39 - robotic_functions - [INFO] - {'type': 'robotics', 'data': {'mode': 'dilution', 'active_quad': None, 'active_pumps': [], 'vial_window': [], 'xArm': {'warning_code': 0, 'error_code': 0, 'arm_state': 2, 'connected': True, 'warn_code': 0}, 'OctoPrint': {'octoprint_0': {'connection_status': True}}, 'prime_status': {'influx': False, 'efflux': False}}}

2024-11-15 19:26:39 - robotic_functions - [WARNING] - robotics not in idle mode, cannot start dilutions

2024-11-15 19:26:39 - evolver - [INFO] - running routine number: 47

2024-11-15 19:26:39 - robotic_functions - [INFO] - requesting robotics status

2024-11-15 19:26:39 - robotic_functions - [INFO] - {'type': 'robotics', 'data': {'mode': 'dilution', 'active_quad': None, 'active_pumps': [], 'vial_window': [], 'xArm': {'warning_code': 0, 'error_code': 0, 'arm_state': 2, 'connected': True, 'warn_code': 0}, 'OctoPrint': {'octoprint_0': {'connection_status': True}}, 'prime_status': {'influx': False, 'efflux': False}}}

2024-11-15 19:26:39 - robotic_functions - [WARNING] - robotics not in idle mode, cannot start dilutions

2024-11-15 19:26:39 - evolver - [INFO] - running routine number: 48

2024-11-15 19:26:39 - robotic_functions - [INFO] - requesting robotics status

2024-11-15 19:26:39 - robotic_functions - [INFO] - {'type': 'robotics', 'data': {'mode': 'dilution', 'active_quad': None, 'active_pumps': [], 'vial_window': [], 'xArm': {'warning_code': 0, 'error_code': 0, 'arm_state': 2, 'connected': True, 'warn_code': 0}, 'OctoPrint': {'octoprint_0': {'connection_status': True}}, 'prime_status': {'influx': False, 'efflux': False}}}

2024-11-15 19:26:39 - robotic_functions - [WARNING] - robotics not in idle mode, cannot start dilutions

2024-11-15 19:26:39 - evolver - [INFO] - running routine number: 49

2024-11-15 19:26:39 - robotic_functions - [INFO] - requesting robotics status

2024-11-15 19:26:39 - robotic_functions - [INFO] - {'type': 'robotics', 'data': {'mode': 'dilution', 'active_quad': None, 'active_pumps': [], 'vial_window': [], 'xArm': {'warning_code': 0, 'error_code': 0, 'arm_state': 2, 'connected': True, 'warn_code': 0}, 'OctoPrint': {'octoprint_0': {'connection_status': True}}, 'prime_status': {'influx': False, 'efflux': False}}}

2024-11-15 19:26:39 - robotic_functions - [WARNING] - robotics not in idle mode, cannot start dilutions

2024-11-15 19:26:39 - evolver - [INFO] - running routine number: 50

2024-11-15 19:26:39 - robotic_functions - [INFO] - requesting robotics status

2024-11-15 19:26:39 - robotic_functions - [INFO] - {'type': 'robotics', 'data': {'mode': 'dilution', 'active_quad': None, 'active_pumps': [], 'vial_window': [], 'xArm': {'warning_code': 0, 'error_code': 0, 'arm_state': 2, 'connected': True, 'warn_code': 0}, 'OctoPrint': {'octoprint_0': {'connection_status': True}}, 'prime_status': {'influx': False, 'efflux': False}}}

2024-11-15 19:26:39 - robotic_functions - [WARNING] - robotics not in idle mode, cannot start dilutions

2024-11-15 19:26:39 - evolver - [INFO] - running routine number: 51

2024-11-15 19:26:39 - robotic_functions - [INFO] - requesting robotics status

2024-11-15 19:26:39 - robotic_functions - [INFO] - {'type': 'robotics', 'data': {'mode': 'dilution', 'active_quad': None, 'active_pumps': [], 'vial_window': [], 'xArm': {'warning_code': 0, 'error_code': 0, 'arm_state': 2, 'connected': True, 'warn_code': 0}, 'OctoPrint': {'octoprint_0': {'connection_status': True}}, 'prime_status': {'influx': False, 'efflux': False}}}

2024-11-15 19:26:39 - robotic_functions - [WARNING] - robotics not in idle mode, cannot start dilutions

2024-11-15 19:26:39 - evolver - [INFO] - running routine number: 52

2024-11-15 19:26:39 - robotic_functions - [INFO] - requesting robotics status

2024-11-15 19:26:39 - robotic_functions - [INFO] - {'type': 'robotics', 'data': {'mode': 'dilution', 'active_quad': None, 'active_pumps': [], 'vial_window': [], 'xArm': {'warning_code': 0, 'error_code': 0, 'arm_state': 2, 'connected': True, 'warn_code': 0}, 'OctoPrint': {'octoprint_0': {'connection_status': True}}, 'prime_status': {'influx': False, 'efflux': False}}}

2024-11-15 19:26:39 - robotic_functions - [WARNING] - robotics not in idle mode, cannot start dilutions

2024-11-15 19:26:39 - evolver - [INFO] - running routine number: 53

2024-11-15 19:26:39 - robotic_functions - [INFO] - requesting robotics status

2024-11-15 19:26:39 - robotic_functions - [INFO] - {'type': 'robotics', 'data': {'mode': 'dilution', 'active_quad': None, 'active_pumps': [], 'vial_window': [], 'xArm': {'warning_code': 0, 'error_code': 0, 'arm_state': 2, 'connected': True, 'warn_code': 0}, 'OctoPrint': {'octoprint_0': {'connection_status': True}}, 'prime_status': {'influx': False, 'efflux': False}}}

2024-11-15 19:26:39 - robotic_functions - [WARNING] - robotics not in idle mode, cannot start dilutions

2024-11-15 19:26:39 - evolver - [INFO] - running routine number: 54

2024-11-15 19:26:39 - robotic_functions - [INFO] - requesting robotics status

2024-11-15 19:26:39 - robotic_functions - [INFO] - {'type': 'robotics', 'data': {'mode': 'dilution', 'active_quad': None, 'active_pumps': [], 'vial_window': [], 'xArm': {'warning_code': 0, 'error_code': 0, 'arm_state': 2, 'connected': True, 'warn_code': 0}, 'OctoPrint': {'octoprint_0': {'connection_status': True}}, 'prime_status': {'influx': False, 'efflux': False}}}

2024-11-15 19:26:39 - robotic_functions - [WARNING] - robotics not in idle mode, cannot start dilutions

2024-11-15 19:26:39 - evolver - [INFO] - running routine number: 55

2024-11-15 19:26:39 - robotic_functions - [INFO] - requesting robotics status

2024-11-15 19:26:39 - robotic_functions - [INFO] - {'type': 'robotics', 'data': {'mode': 'dilution', 'active_quad': None, 'active_pumps': [], 'vial_window': [], 'xArm': {'warning_code': 0, 'error_code': 0, 'arm_state': 2, 'connected': True, 'warn_code': 0}, 'OctoPrint': {'octoprint_0': {'connection_status': True}}, 'prime_status': {'influx': False, 'efflux': False}}}

2024-11-15 19:26:40 - robotic_functions - [WARNING] - robotics not in idle mode, cannot start dilutions

2024-11-15 19:26:40 - evolver - [INFO] - running routine number: 56

2024-11-15 19:26:40 - robotic_functions - [INFO] - requesting robotics status

2024-11-15 19:26:40 - robotic_functions - [INFO] - {'type': 'robotics', 'data': {'mode': 'dilution', 'active_quad': None, 'active_pumps': [], 'vial_window': [], 'xArm': {'warning_code': 0, 'error_code': 0, 'arm_state': 2, 'connected': True, 'warn_code': 0}, 'OctoPrint': {'octoprint_0': {'connection_status': True}}, 'prime_status': {'influx': False, 'efflux': False}}}

2024-11-15 19:26:40 - robotic_functions - [WARNING] - robotics not in idle mode, cannot start dilutions

2024-11-15 19:26:40 - evolver - [INFO] - running routine number: 57

2024-11-15 19:26:40 - robotic_functions - [INFO] - requesting robotics status

2024-11-15 19:26:40 - robotic_functions - [INFO] - {'type': 'robotics', 'data': {'mode': 'dilution', 'active_quad': None, 'active_pumps': [], 'vial_window': [], 'xArm': {'warning_code': 0, 'error_code': 0, 'arm_state': 2, 'connected': True, 'warn_code': 0}, 'OctoPrint': {'octoprint_0': {'connection_status': True}}, 'prime_status': {'influx': False, 'efflux': False}}}

2024-11-15 19:26:40 - robotic_functions - [WARNING] - robotics not in idle mode, cannot start dilutions

2024-11-15 19:26:40 - evolver - [INFO] - running routine number: 58

2024-11-15 19:26:40 - robotic_functions - [INFO] - requesting robotics status

2024-11-15 19:26:40 - robotic_functions - [INFO] - {'type': 'robotics', 'data': {'mode': 'dilution', 'active_quad': None, 'active_pumps': [], 'vial_window': [], 'xArm': {'warning_code': 0, 'error_code': 0, 'arm_state': 2, 'connected': True, 'warn_code': 0}, 'OctoPrint': {'octoprint_0': {'connection_status': True}}, 'prime_status': {'influx': False, 'efflux': False}}}

2024-11-15 19:26:40 - robotic_functions - [WARNING] - robotics not in idle mode, cannot start dilutions

2024-11-15 19:26:40 - evolver - [INFO] - running routine number: 59

2024-11-15 19:26:40 - robotic_functions - [INFO] - requesting robotics status

2024-11-15 19:26:40 - robotic_functions - [INFO] - {'type': 'robotics', 'data': {'mode': 'dilution', 'active_quad': None, 'active_pumps': [], 'vial_window': [], 'xArm': {'warning_code': 0, 'error_code': 0, 'arm_state': 2, 'connected': True, 'warn_code': 0}, 'OctoPrint': {'octoprint_0': {'connection_status': True}}, 'prime_status': {'influx': False, 'efflux': False}}}

2024-11-15 19:26:40 - robotic_functions - [WARNING] - robotics not in idle mode, cannot start dilutions

2024-11-15 19:26:40 - evolver - [INFO] - running routine number: 60

2024-11-15 19:26:40 - robotic_functions - [INFO] - requesting robotics status

2024-11-15 19:26:40 - robotic_functions - [INFO] - {'type': 'robotics', 'data': {'mode': 'dilution', 'active_quad': None, 'active_pumps': [], 'vial_window': [], 'xArm': {'warning_code': 0, 'error_code': 0, 'arm_state': 2, 'connected': True, 'warn_code': 0}, 'OctoPrint': {'octoprint_0': {'connection_status': True}}, 'prime_status': {'influx': False, 'efflux': False}}}

2024-11-15 19:26:40 - robotic_functions - [WARNING] - robotics not in idle mode, cannot start dilutions

2024-11-15 19:26:40 - evolver - [INFO] - running routine number: 61

2024-11-15 19:26:40 - robotic_functions - [INFO] - requesting robotics status

2024-11-15 19:26:40 - robotic_functions - [INFO] - {'type': 'robotics', 'data': {'mode': 'dilution', 'active_quad': None, 'active_pumps': [], 'vial_window': [], 'xArm': {'warning_code': 0, 'error_code': 0, 'arm_state': 2, 'connected': True, 'warn_code': 0}, 'OctoPrint': {'octoprint_0': {'connection_status': True}}, 'prime_status': {'influx': False, 'efflux': False}}}

2024-11-15 19:26:40 - robotic_functions - [WARNING] - robotics not in idle mode, cannot start dilutions

2024-11-15 19:26:40 - evolver - [INFO] - running routine number: 62

2024-11-15 19:26:40 - robotic_functions - [INFO] - requesting robotics status

2024-11-15 19:26:40 - robotic_functions - [INFO] - {'type': 'robotics', 'data': {'mode': 'dilution', 'active_quad': None, 'active_pumps': [], 'vial_window': [], 'xArm': {'warning_code': 0, 'error_code': 0, 'arm_state': 2, 'connected': True, 'warn_code': 0}, 'OctoPrint': {'octoprint_0': {'connection_status': True}}, 'prime_status': {'influx': False, 'efflux': False}}}

2024-11-15 19:26:40 - robotic_functions - [WARNING] - robotics not in idle mode, cannot start dilutions

2024-11-15 19:26:40 - evolver - [INFO] - running routine number: 63

2024-11-15 19:26:40 - robotic_functions - [INFO] - requesting robotics status

2024-11-15 19:26:40 - robotic_functions - [INFO] - {'type': 'robotics', 'data': {'mode': 'dilution', 'active_quad': None, 'active_pumps': [], 'vial_window': [], 'xArm': {'warning_code': 0, 'error_code': 0, 'arm_state': 2, 'connected': True, 'warn_code': 0}, 'OctoPrint': {'octoprint_0': {'connection_status': True}}, 'prime_status': {'influx': False, 'efflux': False}}}

2024-11-15 19:26:40 - robotic_functions - [WARNING] - robotics not in idle mode, cannot start dilutions

2024-11-15 19:26:40 - evolver - [INFO] - running routine number: 64

2024-11-15 19:26:40 - robotic_functions - [INFO] - requesting robotics status

2024-11-15 19:26:40 - robotic_functions - [INFO] - {'type': 'robotics', 'data': {'mode': 'dilution', 'active_quad': None, 'active_pumps': [], 'vial_window': [], 'xArm': {'warning_code': 0, 'error_code': 0, 'arm_state': 2, 'connected': True, 'warn_code': 0}, 'OctoPrint': {'octoprint_0': {'connection_status': True}}, 'prime_status': {'influx': False, 'efflux': False}}}

2024-11-15 19:26:40 - robotic_functions - [WARNING] - robotics not in idle mode, cannot start dilutions

2024-11-15 19:26:40 - evolver - [INFO] - running routine number: 65

2024-11-15 19:26:40 - robotic_functions - [INFO] - requesting robotics status

2024-11-15 19:26:41 - robotic_functions - [INFO] - {'type': 'robotics', 'data': {'mode': 'dilution', 'active_quad': None, 'active_pumps': [], 'vial_window': [], 'xArm': {'warning_code': 0, 'error_code': 0, 'arm_state': 2, 'connected': True, 'warn_code': 0}, 'OctoPrint': {'octoprint_0': {'connection_status': True}}, 'prime_status': {'influx': False, 'efflux': False}}}

2024-11-15 19:26:41 - robotic_functions - [WARNING] - robotics not in idle mode, cannot start dilutions

2024-11-15 19:26:41 - evolver - [INFO] - running routine number: 66

2024-11-15 19:26:41 - robotic_functions - [INFO] - requesting robotics status

2024-11-15 19:26:41 - robotic_functions - [INFO] - {'type': 'robotics', 'data': {'mode': 'dilution', 'active_quad': None, 'active_pumps': [], 'vial_window': [], 'xArm': {'warning_code': 0, 'error_code': 0, 'arm_state': 2, 'connected': True, 'warn_code': 0}, 'OctoPrint': {'octoprint_0': {'connection_status': True}}, 'prime_status': {'influx': False, 'efflux': False}}}

2024-11-15 19:26:41 - robotic_functions - [WARNING] - robotics not in idle mode, cannot start dilutions

2024-11-15 19:26:41 - evolver - [INFO] - running routine number: 67

2024-11-15 19:26:41 - robotic_functions - [INFO] - requesting robotics status

2024-11-15 19:26:41 - robotic_functions - [INFO] - {'type': 'robotics', 'data': {'mode': 'dilution', 'active_quad': None, 'active_pumps': [], 'vial_window': [], 'xArm': {'warning_code': 0, 'error_code': 0, 'arm_state': 2, 'connected': True, 'warn_code': 0}, 'OctoPrint': {'octoprint_0': {'connection_status': True}}, 'prime_status': {'influx': False, 'efflux': False}}}

2024-11-15 19:26:41 - robotic_functions - [WARNING] - robotics not in idle mode, cannot start dilutions

2024-11-15 19:26:41 - evolver - [INFO] - running routine number: 68

2024-11-15 19:26:41 - robotic_functions - [INFO] - requesting robotics status

2024-11-15 19:26:41 - robotic_functions - [INFO] - {'type': 'robotics', 'data': {'mode': 'dilution', 'active_quad': None, 'active_pumps': [], 'vial_window': [], 'xArm': {'warning_code': 0, 'error_code': 0, 'arm_state': 2, 'connected': True, 'warn_code': 0}, 'OctoPrint': {'octoprint_0': {'connection_status': True}}, 'prime_status': {'influx': False, 'efflux': False}}}

2024-11-15 19:26:41 - robotic_functions - [WARNING] - robotics not in idle mode, cannot start dilutions

2024-11-15 19:26:41 - evolver - [INFO] - running routine number: 69

2024-11-15 19:26:41 - robotic_functions - [INFO] - requesting robotics status

2024-11-15 19:26:41 - robotic_functions - [INFO] - {'type': 'robotics', 'data': {'mode': 'dilution', 'active_quad': None, 'active_pumps': [], 'vial_window': [], 'xArm': {'warning_code': 0, 'error_code': 0, 'arm_state': 2, 'connected': True, 'warn_code': 0}, 'OctoPrint': {'octoprint_0': {'connection_status': True}}, 'prime_status': {'influx': False, 'efflux': False}}}

2024-11-15 19:26:41 - robotic_functions - [WARNING] - robotics not in idle mode, cannot start dilutions

2024-11-15 19:26:41 - evolver - [INFO] - running routine number: 70

2024-11-15 19:26:41 - robotic_functions - [INFO] - requesting robotics status

2024-11-15 19:26:41 - robotic_functions - [INFO] - {'type': 'robotics', 'data': {'mode': 'dilution', 'active_quad': None, 'active_pumps': [], 'vial_window': [], 'xArm': {'warning_code': 0, 'error_code': 0, 'arm_state': 2, 'connected': True, 'warn_code': 0}, 'OctoPrint': {'octoprint_0': {'connection_status': True}}, 'prime_status': {'influx': False, 'efflux': False}}}

2024-11-15 19:26:41 - robotic_functions - [WARNING] - robotics not in idle mode, cannot start dilutions

2024-11-15 19:26:41 - evolver - [INFO] - running routine number: 71

2024-11-15 19:26:41 - robotic_functions - [INFO] - requesting robotics status

2024-11-15 19:26:41 - robotic_functions - [INFO] - {'type': 'robotics', 'data': {'mode': 'dilution', 'active_quad': None, 'active_pumps': [], 'vial_window': [], 'xArm': {'warning_code': 0, 'error_code': 0, 'arm_state': 2, 'connected': True, 'warn_code': 0}, 'OctoPrint': {'octoprint_0': {'connection_status': True}}, 'prime_status': {'influx': False, 'efflux': False}}}

2024-11-15 19:26:41 - robotic_functions - [WARNING] - robotics not in idle mode, cannot start dilutions

2024-11-15 19:26:41 - evolver - [INFO] - running routine number: 72

2024-11-15 19:26:41 - robotic_functions - [INFO] - requesting robotics status

2024-11-15 19:26:41 - robotic_functions - [INFO] - {'type': 'robotics', 'data': {'mode': 'dilution', 'active_quad': None, 'active_pumps': [], 'vial_window': [], 'xArm': {'warning_code': 0, 'error_code': 0, 'arm_state': 2, 'connected': True, 'warn_code': 0}, 'OctoPrint': {'octoprint_0': {'connection_status': True}}, 'prime_status': {'influx': False, 'efflux': False}}}

2024-11-15 19:26:41 - robotic_functions - [WARNING] - robotics not in idle mode, cannot start dilutions

2024-11-15 19:26:41 - evolver - [INFO] - running routine number: 73

2024-11-15 19:26:41 - robotic_functions - [INFO] - requesting robotics status

2024-11-15 19:26:41 - robotic_functions - [INFO] - {'type': 'robotics', 'data': {'mode': 'dilution', 'active_quad': None, 'active_pumps': [], 'vial_window': [], 'xArm': {'warning_code': 0, 'error_code': 0, 'arm_state': 2, 'connected': True, 'warn_code': 0}, 'OctoPrint': {'octoprint_0': {'connection_status': True}}, 'prime_status': {'influx': False, 'efflux': False}}}

2024-11-15 19:26:41 - robotic_functions - [WARNING] - robotics not in idle mode, cannot start dilutions

2024-11-15 19:26:41 - evolver - [INFO] - running routine number: 74

2024-11-15 19:26:41 - robotic_functions - [INFO] - requesting robotics status

2024-11-15 19:26:41 - robotic_functions - [INFO] - {'type': 'robotics', 'data': {'mode': 'dilution', 'active_quad': None, 'active_pumps': [], 'vial_window': [], 'xArm': {'warning_code': 0, 'error_code': 0, 'arm_state': 2, 'connected': True, 'warn_code': 0}, 'OctoPrint': {'octoprint_0': {'connection_status': True}}, 'prime_status': {'influx': False, 'efflux': False}}}

2024-11-15 19:26:42 - robotic_functions - [WARNING] - robotics not in idle mode, cannot start dilutions

2024-11-15 19:26:42 - evolver - [INFO] - running routine number: 75

2024-11-15 19:26:42 - robotic_functions - [INFO] - requesting robotics status

2024-11-15 19:26:42 - robotic_functions - [INFO] - {'type': 'robotics', 'data': {'mode': 'dilution', 'active_quad': None, 'active_pumps': [], 'vial_window': [], 'xArm': {'warning_code': 0, 'error_code': 0, 'arm_state': 2, 'connected': True, 'warn_code': 0}, 'OctoPrint': {'octoprint_0': {'connection_status': True}}, 'prime_status': {'influx': False, 'efflux': False}}}

2024-11-15 19:26:42 - robotic_functions - [WARNING] - robotics not in idle mode, cannot start dilutions

2024-11-15 19:26:42 - evolver - [INFO] - running routine number: 76

2024-11-15 19:26:42 - robotic_functions - [INFO] - requesting robotics status

2024-11-15 19:26:42 - robotic_functions - [INFO] - {'type': 'robotics', 'data': {'mode': 'dilution', 'active_quad': None, 'active_pumps': [], 'vial_window': [], 'xArm': {'warning_code': 0, 'error_code': 0, 'arm_state': 2, 'connected': True, 'warn_code': 0}, 'OctoPrint': {'octoprint_0': {'connection_status': True}}, 'prime_status': {'influx': False, 'efflux': False}}}

2024-11-15 19:26:42 - robotic_functions - [WARNING] - robotics not in idle mode, cannot start dilutions

2024-11-15 19:26:42 - evolver - [INFO] - running routine number: 77

2024-11-15 19:26:42 - robotic_functions - [INFO] - requesting robotics status

2024-11-15 19:26:42 - robotic_functions - [INFO] - {'type': 'robotics', 'data': {'mode': 'dilution', 'active_quad': None, 'active_pumps': [], 'vial_window': [], 'xArm': {'warning_code': 0, 'error_code': 0, 'arm_state': 2, 'connected': True, 'warn_code': 0}, 'OctoPrint': {'octoprint_0': {'connection_status': True}}, 'prime_status': {'influx': False, 'efflux': False}}}

2024-11-15 19:26:42 - robotic_functions - [WARNING] - robotics not in idle mode, cannot start dilutions

2024-11-15 19:26:42 - evolver - [INFO] - running routine number: 78

2024-11-15 19:26:42 - robotic_functions - [INFO] - requesting robotics status

2024-11-15 19:26:42 - robotic_functions - [INFO] - {'type': 'robotics', 'data': {'mode': 'dilution', 'active_quad': None, 'active_pumps': [], 'vial_window': [], 'xArm': {'warning_code': 0, 'error_code': 0, 'arm_state': 2, 'connected': True, 'warn_code': 0}, 'OctoPrint': {'octoprint_0': {'connection_status': True}}, 'prime_status': {'influx': False, 'efflux': False}}}

2024-11-15 19:26:42 - robotic_functions - [WARNING] - robotics not in idle mode, cannot start dilutions

2024-11-15 19:26:42 - evolver - [INFO] - running routine number: 79

2024-11-15 19:26:42 - robotic_functions - [INFO] - requesting robotics status

2024-11-15 19:26:42 - robotic_functions - [INFO] - {'type': 'robotics', 'data': {'mode': 'dilution', 'active_quad': None, 'active_pumps': [], 'vial_window': [], 'xArm': {'warning_code': 0, 'error_code': 0, 'arm_state': 2, 'connected': True, 'warn_code': 0}, 'OctoPrint': {'octoprint_0': {'connection_status': True}}, 'prime_status': {'influx': False, 'efflux': False}}}

2024-11-15 19:26:42 - robotic_functions - [WARNING] - robotics not in idle mode, cannot start dilutions

2024-11-15 19:26:42 - evolver - [INFO] - running routine number: 80

2024-11-15 19:26:42 - robotic_functions - [INFO] - requesting robotics status

2024-11-15 19:26:42 - robotic_functions - [INFO] - {'type': 'robotics', 'data': {'mode': 'dilution', 'active_quad': None, 'active_pumps': [], 'vial_window': [], 'xArm': {'warning_code': 0, 'error_code': 0, 'arm_state': 2, 'connected': True, 'warn_code': 0}, 'OctoPrint': {'octoprint_0': {'connection_status': True}}, 'prime_status': {'influx': False, 'efflux': False}}}

2024-11-15 19:26:42 - robotic_functions - [WARNING] - robotics not in idle mode, cannot start dilutions

2024-11-15 19:26:42 - evolver - [INFO] - running routine number: 81

2024-11-15 19:26:42 - robotic_functions - [INFO] - requesting robotics status

2024-11-15 19:26:42 - robotic_functions - [INFO] - {'type': 'robotics', 'data': {'mode': 'dilution', 'active_quad': None, 'active_pumps': [], 'vial_window': [], 'xArm': {'warning_code': 0, 'error_code': 0, 'arm_state': 2, 'connected': True, 'warn_code': 0}, 'OctoPrint': {'octoprint_0': {'connection_status': True}}, 'prime_status': {'influx': False, 'efflux': False}}}

2024-11-15 19:26:42 - robotic_functions - [WARNING] - robotics not in idle mode, cannot start dilutions

2024-11-15 19:26:42 - evolver - [INFO] - running routine number: 82

2024-11-15 19:26:42 - robotic_functions - [INFO] - requesting robotics status

2024-11-15 19:26:42 - robotic_functions - [INFO] - {'type': 'robotics', 'data': {'mode': 'dilution', 'active_quad': None, 'active_pumps': [], 'vial_window': [], 'xArm': {'warning_code': 0, 'error_code': 0, 'arm_state': 2, 'connected': True, 'warn_code': 0}, 'OctoPrint': {'octoprint_0': {'connection_status': True}}, 'prime_status': {'influx': False, 'efflux': False}}}

2024-11-15 19:26:42 - robotic_functions - [WARNING] - robotics not in idle mode, cannot start dilutions

2024-11-15 19:26:42 - evolver - [INFO] - running routine number: 83

2024-11-15 19:26:42 - robotic_functions - [INFO] - requesting robotics status

2024-11-15 19:26:42 - robotic_functions - [INFO] - {'type': 'robotics', 'data': {'mode': 'dilution', 'active_quad': None, 'active_pumps': [], 'vial_window': [], 'xArm': {'warning_code': 0, 'error_code': 0, 'arm_state': 2, 'connected': True, 'warn_code': 0}, 'OctoPrint': {'octoprint_0': {'connection_status': True}}, 'prime_status': {'influx': False, 'efflux': False}}}

2024-11-15 19:26:42 - robotic_functions - [WARNING] - robotics not in idle mode, cannot start dilutions

2024-11-15 19:26:42 - evolver - [INFO] - running routine number: 84

2024-11-15 19:26:42 - robotic_functions - [INFO] - requesting robotics status

2024-11-15 19:26:43 - robotic_functions - [INFO] - {'type': 'robotics', 'data': {'mode': 'dilution', 'active_quad': None, 'active_pumps': [], 'vial_window': [], 'xArm': {'warning_code': 0, 'error_code': 0, 'arm_state': 2, 'connected': True, 'warn_code': 0}, 'OctoPrint': {'octoprint_0': {'connection_status': True}}, 'prime_status': {'influx': False, 'efflux': False}}}

2024-11-15 19:26:43 - robotic_functions - [WARNING] - robotics not in idle mode, cannot start dilutions

2024-11-15 19:26:43 - evolver - [INFO] - running routine number: 85

2024-11-15 19:26:43 - robotic_functions - [INFO] - requesting robotics status

2024-11-15 19:26:43 - robotic_functions - [INFO] - {'type': 'robotics', 'data': {'mode': 'dilution', 'active_quad': None, 'active_pumps': [], 'vial_window': [], 'xArm': {'warning_code': 0, 'error_code': 0, 'arm_state': 2, 'connected': True, 'warn_code': 0}, 'OctoPrint': {'octoprint_0': {'connection_status': True}}, 'prime_status': {'influx': False, 'efflux': False}}}

2024-11-15 19:26:43 - robotic_functions - [WARNING] - robotics not in idle mode, cannot start dilutions

2024-11-15 19:26:43 - evolver - [INFO] - running routine number: 86

2024-11-15 19:26:43 - robotic_functions - [INFO] - requesting robotics status

2024-11-15 19:26:43 - robotic_functions - [INFO] - {'type': 'robotics', 'data': {'mode': 'dilution', 'active_quad': None, 'active_pumps': [], 'vial_window': [], 'xArm': {'warning_code': 0, 'error_code': 0, 'arm_state': 2, 'connected': True, 'warn_code': 0}, 'OctoPrint': {'octoprint_0': {'connection_status': True}}, 'prime_status': {'influx': False, 'efflux': False}}}

2024-11-15 19:26:43 - robotic_functions - [WARNING] - robotics not in idle mode, cannot start dilutions

2024-11-15 19:26:43 - evolver - [INFO] - running routine number: 87

2024-11-15 19:26:43 - robotic_functions - [INFO] - requesting robotics status

2024-11-15 19:26:43 - robotic_functions - [INFO] - {'type': 'robotics', 'data': {'mode': 'dilution', 'active_quad': None, 'active_pumps': [], 'vial_window': [], 'xArm': {'warning_code': 0, 'error_code': 0, 'arm_state': 2, 'connected': True, 'warn_code': 0}, 'OctoPrint': {'octoprint_0': {'connection_status': True}}, 'prime_status': {'influx': False, 'efflux': False}}}

2024-11-15 19:26:43 - robotic_functions - [WARNING] - robotics not in idle mode, cannot start dilutions

2024-11-15 19:26:43 - evolver - [INFO] - running routine number: 88

2024-11-15 19:26:43 - robotic_functions - [INFO] - requesting robotics status

2024-11-15 19:26:43 - robotic_functions - [INFO] - {'type': 'robotics', 'data': {'mode': 'dilution', 'active_quad': None, 'active_pumps': [], 'vial_window': [], 'xArm': {'warning_code': 0, 'error_code': 0, 'arm_state': 2, 'connected': True, 'warn_code': 0}, 'OctoPrint': {'octoprint_0': {'connection_status': True}}, 'prime_status': {'influx': False, 'efflux': False}}}

2024-11-15 19:26:43 - robotic_functions - [WARNING] - robotics not in idle mode, cannot start dilutions

2024-11-15 19:26:43 - evolver - [INFO] - running routine number: 89

2024-11-15 19:26:43 - robotic_functions - [INFO] - requesting robotics status

2024-11-15 19:26:43 - robotic_functions - [INFO] - {'type': 'robotics', 'data': {'mode': 'dilution', 'active_quad': None, 'active_pumps': [], 'vial_window': [], 'xArm': {'warning_code': 0, 'error_code': 0, 'arm_state': 2, 'connected': True, 'warn_code': 0}, 'OctoPrint': {'octoprint_0': {'connection_status': True}}, 'prime_status': {'influx': False, 'efflux': False}}}

2024-11-15 19:26:43 - robotic_functions - [WARNING] - robotics not in idle mode, cannot start dilutions

2024-11-15 19:26:43 - evolver - [INFO] - running routine number: 90

2024-11-15 19:26:43 - robotic_functions - [INFO] - requesting robotics status

2024-11-15 19:26:43 - robotic_functions - [INFO] - {'type': 'robotics', 'data': {'mode': 'dilution', 'active_quad': None, 'active_pumps': [], 'vial_window': [], 'xArm': {'warning_code': 0, 'error_code': 0, 'arm_state': 2, 'connected': True, 'warn_code': 0}, 'OctoPrint': {'octoprint_0': {'connection_status': True}}, 'prime_status': {'influx': False, 'efflux': False}}}

2024-11-15 19:26:43 - robotic_functions - [WARNING] - robotics not in idle mode, cannot start dilutions

2024-11-15 19:26:43 - evolver - [INFO] - running routine number: 91

2024-11-15 19:26:43 - robotic_functions - [INFO] - requesting robotics status

2024-11-15 19:26:43 - robotic_functions - [INFO] - {'type': 'robotics', 'data': {'mode': 'dilution', 'active_quad': None, 'active_pumps': [], 'vial_window': [], 'xArm': {'warning_code': 0, 'error_code': 0, 'arm_state': 2, 'connected': True, 'warn_code': 0}, 'OctoPrint': {'octoprint_0': {'connection_status': True}}, 'prime_status': {'influx': False, 'efflux': False}}}

2024-11-15 19:26:43 - robotic_functions - [WARNING] - robotics not in idle mode, cannot start dilutions

2024-11-15 19:26:43 - evolver - [INFO] - running routine number: 92

2024-11-15 19:26:43 - robotic_functions - [INFO] - requesting robotics status

2024-11-15 19:26:43 - robotic_functions - [INFO] - {'type': 'robotics', 'data': {'mode': 'dilution', 'active_quad': None, 'active_pumps': [], 'vial_window': [], 'xArm': {'warning_code': 0, 'error_code': 0, 'arm_state': 2, 'connected': True, 'warn_code': 0}, 'OctoPrint': {'octoprint_0': {'connection_status': True}}, 'prime_status': {'influx': False, 'efflux': False}}}

2024-11-15 19:26:43 - robotic_functions - [WARNING] - robotics not in idle mode, cannot start dilutions

2024-11-15 19:26:43 - evolver - [INFO] - running routine number: 93

2024-11-15 19:26:43 - robotic_functions - [INFO] - requesting robotics status

2024-11-15 19:26:43 - robotic_functions - [INFO] - {'type': 'robotics', 'data': {'mode': 'dilution', 'active_quad': None, 'active_pumps': [], 'vial_window': [], 'xArm': {'warning_code': 0, 'error_code': 0, 'arm_state': 2, 'connected': True, 'warn_code': 0}, 'OctoPrint': {'octoprint_0': {'connection_status': True}}, 'prime_status': {'influx': False, 'efflux': False}}}

2024-11-15 19:26:44 - robotic_functions - [WARNING] - robotics not in idle mode, cannot start dilutions

2024-11-15 19:26:44 - evolver - [INFO] - running routine number: 94

2024-11-15 19:26:44 - robotic_functions - [INFO] - requesting robotics status

2024-11-15 19:26:44 - robotic_functions - [INFO] - {'type': 'robotics', 'data': {'mode': 'dilution', 'active_quad': None, 'active_pumps': [], 'vial_window': [], 'xArm': {'warning_code': 0, 'error_code': 0, 'arm_state': 2, 'connected': True, 'warn_code': 0}, 'OctoPrint': {'octoprint_0': {'connection_status': True}}, 'prime_status': {'influx': False, 'efflux': False}}}

2024-11-15 19:26:44 - robotic_functions - [WARNING] - robotics not in idle mode, cannot start dilutions

2024-11-15 19:26:44 - evolver - [INFO] - running routine number: 95

2024-11-15 19:26:44 - robotic_functions - [INFO] - requesting robotics status

2024-11-15 19:26:44 - robotic_functions - [INFO] - {'type': 'robotics', 'data': {'mode': 'dilution', 'active_quad': None, 'active_pumps': [], 'vial_window': [], 'xArm': {'warning_code': 0, 'error_code': 0, 'arm_state': 2, 'connected': True, 'warn_code': 0}, 'OctoPrint': {'octoprint_0': {'connection_status': True}}, 'prime_status': {'influx': False, 'efflux': False}}}

2024-11-15 19:26:44 - robotic_functions - [WARNING] - robotics not in idle mode, cannot start dilutions

2024-11-15 19:26:44 - evolver - [INFO] - running routine number: 96

2024-11-15 19:26:44 - robotic_functions - [INFO] - requesting robotics status

2024-11-15 19:26:44 - robotic_functions - [INFO] - {'type': 'robotics', 'data': {'mode': 'dilution', 'active_quad': None, 'active_pumps': [], 'vial_window': [], 'xArm': {'warning_code': 0, 'error_code': 0, 'arm_state': 2, 'connected': True, 'warn_code': 0}, 'OctoPrint': {'octoprint_0': {'connection_status': True}}, 'prime_status': {'influx': False, 'efflux': False}}}

2024-11-15 19:26:44 - robotic_functions - [WARNING] - robotics not in idle mode, cannot start dilutions

2024-11-15 19:26:44 - evolver - [INFO] - running routine number: 97

2024-11-15 19:26:44 - robotic_functions - [INFO] - requesting robotics status

2024-11-15 19:26:44 - robotic_functions - [INFO] - {'type': 'robotics', 'data': {'mode': 'dilution', 'active_quad': None, 'active_pumps': [], 'vial_window': [], 'xArm': {'warning_code': 0, 'error_code': 0, 'arm_state': 2, 'connected': True, 'warn_code': 0}, 'OctoPrint': {'octoprint_0': {'connection_status': True}}, 'prime_status': {'influx': False, 'efflux': False}}}

2024-11-15 19:26:44 - robotic_functions - [WARNING] - robotics not in idle mode, cannot start dilutions

2024-11-15 19:26:44 - evolver - [INFO] - running routine number: 98

2024-11-15 19:26:44 - robotic_functions - [INFO] - requesting robotics status

2024-11-15 19:26:44 - robotic_functions - [INFO] - {'type': 'robotics', 'data': {'mode': 'dilution', 'active_quad': None, 'active_pumps': [], 'vial_window': [], 'xArm': {'warning_code': 0, 'error_code': 0, 'arm_state': 2, 'connected': True, 'warn_code': 0}, 'OctoPrint': {'octoprint_0': {'connection_status': True}}, 'prime_status': {'influx': False, 'efflux': False}}}

2024-11-15 19:26:44 - robotic_functions - [WARNING] - robotics not in idle mode, cannot start dilutions

2024-11-15 19:26:44 - evolver - [INFO] - running routine number: 99

2024-11-15 19:26:44 - robotic_functions - [INFO] - requesting robotics status

2024-11-15 19:26:44 - robotic_functions - [INFO] - {'type': 'robotics', 'data': {'mode': 'dilution', 'active_quad': None, 'active_pumps': [], 'vial_window': [], 'xArm': {'warning_code': 0, 'error_code': 0, 'arm_state': 2, 'connected': True, 'warn_code': 0}, 'OctoPrint': {'octoprint_0': {'connection_status': True}}, 'prime_status': {'influx': False, 'efflux': False}}}

2024-11-15 19:26:44 - robotic_functions - [WARNING] - robotics not in idle mode, cannot start dilutions

2024-11-15 19:26:44 - evolver - [INFO] - running routine number: 100

2024-11-15 19:26:44 - robotic_functions - [INFO] - requesting robotics status

2024-11-15 19:26:44 - robotic_functions - [INFO] - {'type': 'robotics', 'data': {'mode': 'dilution', 'active_quad': None, 'active_pumps': [], 'vial_window': [], 'xArm': {'warning_code': 0, 'error_code': 0, 'arm_state': 2, 'connected': True, 'warn_code': 0}, 'OctoPrint': {'octoprint_0': {'connection_status': True}}, 'prime_status': {'influx': False, 'efflux': False}}}

2024-11-15 19:26:44 - robotic_functions - [WARNING] - robotics not in idle mode, cannot start dilutions

2024-11-15 19:26:44 - evolver - [INFO] - running routine number: 101

2024-11-15 19:26:44 - robotic_functions - [INFO] - requesting robotics status

2024-11-15 19:26:44 - robotic_functions - [INFO] - {'type': 'robotics', 'data': {'mode': 'dilution', 'active_quad': None, 'active_pumps': [], 'vial_window': [], 'xArm': {'warning_code': 0, 'error_code': 0, 'arm_state': 2, 'connected': True, 'warn_code': 0}, 'OctoPrint': {'octoprint_0': {'connection_status': True}}, 'prime_status': {'influx': False, 'efflux': False}}}

2024-11-15 19:26:44 - robotic_functions - [WARNING] - robotics not in idle mode, cannot start dilutions

2024-11-15 19:26:44 - evolver - [INFO] - running routine number: 102

2024-11-15 19:26:44 - robotic_functions - [INFO] - requesting robotics status

2024-11-15 19:26:44 - robotic_functions - [INFO] - {'type': 'robotics', 'data': {'mode': 'dilution', 'active_quad': None, 'active_pumps': [], 'vial_window': [], 'xArm': {'warning_code': 0, 'error_code': 0, 'arm_state': 2, 'connected': True, 'warn_code': 0}, 'OctoPrint': {'octoprint_0': {'connection_status': True}}, 'prime_status': {'influx': False, 'efflux': False}}}

2024-11-15 19:26:44 - robotic_functions - [WARNING] - robotics not in idle mode, cannot start dilutions

2024-11-15 19:26:44 - evolver - [INFO] - running routine number: 103

2024-11-15 19:26:44 - robotic_functions - [INFO] - requesting robotics status

2024-11-15 19:26:44 - robotic_functions - [INFO] - {'type': 'robotics', 'data': {'mode': 'dilution', 'active_quad': None, 'active_pumps': [], 'vial_window': [], 'xArm': {'warning_code': 0, 'error_code': 0, 'arm_state': 2, 'connected': True, 'warn_code': 0}, 'OctoPrint': {'octoprint_0': {'connection_status': True}}, 'prime_status': {'influx': False, 'efflux': False}}}

2024-11-15 19:26:45 - robotic_functions - [WARNING] - robotics not in idle mode, cannot start dilutions

2024-11-15 19:26:45 - evolver - [INFO] - running routine number: 104

2024-11-15 19:26:45 - robotic_functions - [INFO] - requesting robotics status

2024-11-15 19:26:45 - robotic_functions - [INFO] - {'type': 'robotics', 'data': {'mode': 'dilution', 'active_quad': None, 'active_pumps': [], 'vial_window': [], 'xArm': {'warning_code': 0, 'error_code': 0, 'arm_state': 2, 'connected': True, 'warn_code': 0}, 'OctoPrint': {'octoprint_0': {'connection_status': True}}, 'prime_status': {'influx': False, 'efflux': False}}}

2024-11-15 19:26:45 - robotic_functions - [WARNING] - robotics not in idle mode, cannot start dilutions

2024-11-15 19:26:45 - evolver - [INFO] - running routine number: 105

2024-11-15 19:26:45 - robotic_functions - [INFO] - requesting robotics status

2024-11-15 19:26:45 - robotic_functions - [INFO] - {'type': 'robotics', 'data': {'mode': 'dilution', 'active_quad': None, 'active_pumps': [], 'vial_window': [], 'xArm': {'warning_code': 0, 'error_code': 0, 'arm_state': 2, 'connected': True, 'warn_code': 0}, 'OctoPrint': {'octoprint_0': {'connection_status': True}}, 'prime_status': {'influx': False, 'efflux': False}}}

2024-11-15 19:26:45 - robotic_functions - [WARNING] - robotics not in idle mode, cannot start dilutions

2024-11-15 19:26:45 - evolver - [INFO] - running routine number: 106

2024-11-15 19:26:45 - robotic_functions - [INFO] - requesting robotics status

2024-11-15 19:26:45 - robotic_functions - [INFO] - {'type': 'robotics', 'data': {'mode': 'dilution', 'active_quad': None, 'active_pumps': [], 'vial_window': [], 'xArm': {'warning_code': 0, 'error_code': 0, 'arm_state': 2, 'connected': True, 'warn_code': 0}, 'OctoPrint': {'octoprint_0': {'connection_status': True}}, 'prime_status': {'influx': False, 'efflux': False}}}

2024-11-15 19:26:45 - robotic_functions - [WARNING] - robotics not in idle mode, cannot start dilutions

2024-11-15 19:26:45 - evolver - [INFO] - running routine number: 107

2024-11-15 19:26:45 - robotic_functions - [INFO] - requesting robotics status

2024-11-15 19:26:45 - robotic_functions - [INFO] - {'type': 'robotics', 'data': {'mode': 'dilution', 'active_quad': None, 'active_pumps': [], 'vial_window': [], 'xArm': {'warning_code': 0, 'error_code': 0, 'arm_state': 2, 'connected': True, 'warn_code': 0}, 'OctoPrint': {'octoprint_0': {'connection_status': True}}, 'prime_status': {'influx': False, 'efflux': False}}}

2024-11-15 19:26:45 - robotic_functions - [WARNING] - robotics not in idle mode, cannot start dilutions

2024-11-15 19:26:45 - evolver - [INFO] - running routine number: 108

2024-11-15 19:26:45 - robotic_functions - [INFO] - requesting robotics status

2024-11-15 19:26:45 - robotic_functions - [INFO] - {'type': 'robotics', 'data': {'mode': 'dilution', 'active_quad': None, 'active_pumps': [], 'vial_window': [], 'xArm': {'warning_code': 0, 'error_code': 0, 'arm_state': 2, 'connected': True, 'warn_code': 0}, 'OctoPrint': {'octoprint_0': {'connection_status': True}}, 'prime_status': {'influx': False, 'efflux': False}}}

2024-11-15 19:26:45 - robotic_functions - [WARNING] - robotics not in idle mode, cannot start dilutions

2024-11-15 19:26:45 - evolver - [INFO] - running routine number: 109

2024-11-15 19:26:45 - robotic_functions - [INFO] - requesting robotics status

2024-11-15 19:26:45 - robotic_functions - [INFO] - {'type': 'robotics', 'data': {'mode': 'dilution', 'active_quad': None, 'active_pumps': [], 'vial_window': [], 'xArm': {'warning_code': 0, 'error_code': 0, 'arm_state': 2, 'connected': True, 'warn_code': 0}, 'OctoPrint': {'octoprint_0': {'connection_status': True}}, 'prime_status': {'influx': False, 'efflux': False}}}

2024-11-15 19:26:45 - robotic_functions - [WARNING] - robotics not in idle mode, cannot start dilutions

2024-11-15 19:26:45 - evolver - [INFO] - running routine number: 110

2024-11-15 19:26:45 - robotic_functions - [INFO] - requesting robotics status

2024-11-15 19:26:45 - robotic_functions - [INFO] - {'type': 'robotics', 'data': {'mode': 'dilution', 'active_quad': None, 'active_pumps': [], 'vial_window': [], 'xArm': {'warning_code': 0, 'error_code': 0, 'arm_state': 2, 'connected': True, 'warn_code': 0}, 'OctoPrint': {'octoprint_0': {'connection_status': True}}, 'prime_status': {'influx': False, 'efflux': False}}}

2024-11-15 19:26:45 - robotic_functions - [WARNING] - robotics not in idle mode, cannot start dilutions

2024-11-15 19:26:45 - evolver - [INFO] - running routine number: 111

2024-11-15 19:26:45 - robotic_functions - [INFO] - requesting robotics status

2024-11-15 19:26:45 - robotic_functions - [INFO] - {'type': 'robotics', 'data': {'mode': 'dilution', 'active_quad': None, 'active_pumps': [], 'vial_window': [], 'xArm': {'warning_code': 0, 'error_code': 0, 'arm_state': 2, 'connected': True, 'warn_code': 0}, 'OctoPrint': {'octoprint_0': {'connection_status': True}}, 'prime_status': {'influx': False, 'efflux': False}}}

2024-11-15 19:26:45 - robotic_functions - [WARNING] - robotics not in idle mode, cannot start dilutions

2024-11-15 19:26:45 - evolver - [INFO] - running routine number: 112

2024-11-15 19:26:45 - robotic_functions - [INFO] - requesting robotics status

2024-11-15 19:26:45 - robotic_functions - [INFO] - {'type': 'robotics', 'data': {'mode': 'dilution', 'active_quad': None, 'active_pumps': [], 'vial_window': [], 'xArm': {'warning_code': 0, 'error_code': 0, 'arm_state': 2, 'connected': True, 'warn_code': 0}, 'OctoPrint': {'octoprint_0': {'connection_status': True}}, 'prime_status': {'influx': False, 'efflux': False}}}

2024-11-15 19:26:46 - robotic_functions - [WARNING] - robotics not in idle mode, cannot start dilutions

2024-11-15 19:26:46 - evolver - [INFO] - running routine number: 113

2024-11-15 19:26:46 - robotic_functions - [INFO] - requesting robotics status

2024-11-15 19:26:46 - robotic_functions - [INFO] - {'type': 'robotics', 'data': {'mode': 'dilution', 'active_quad': None, 'active_pumps': [], 'vial_window': [], 'xArm': {'warning_code': 0, 'error_code': 0, 'arm_state': 2, 'connected': True, 'warn_code': 0}, 'OctoPrint': {'octoprint_0': {'connection_status': True}}, 'prime_status': {'influx': False, 'efflux': False}}}

2024-11-15 19:26:46 - robotic_functions - [WARNING] - robotics not in idle mode, cannot start dilutions

2024-11-15 19:26:46 - evolver - [INFO] - running routine number: 114

2024-11-15 19:26:46 - robotic_functions - [INFO] - requesting robotics status

2024-11-15 19:26:46 - robotic_functions - [INFO] - {'type': 'robotics', 'data': {'mode': 'dilution', 'active_quad': None, 'active_pumps': [], 'vial_window': [], 'xArm': {'warning_code': 0, 'error_code': 0, 'arm_state': 2, 'connected': True, 'warn_code': 0}, 'OctoPrint': {'octoprint_0': {'connection_status': True}}, 'prime_status': {'influx': False, 'efflux': False}}}

2024-11-15 19:26:46 - robotic_functions - [WARNING] - robotics not in idle mode, cannot start dilutions

2024-11-15 19:26:46 - evolver - [INFO] - running routine number: 115

2024-11-15 19:26:46 - robotic_functions - [INFO] - requesting robotics status

2024-11-15 19:26:46 - robotic_functions - [INFO] - {'type': 'robotics', 'data': {'mode': 'dilution', 'active_quad': None, 'active_pumps': [], 'vial_window': [], 'xArm': {'warning_code': 0, 'error_code': 0, 'arm_state': 2, 'connected': True, 'warn_code': 0}, 'OctoPrint': {'octoprint_0': {'connection_status': True}}, 'prime_status': {'influx': False, 'efflux': False}}}

2024-11-15 19:26:46 - robotic_functions - [WARNING] - robotics not in idle mode, cannot start dilutions

2024-11-15 19:26:46 - evolver - [INFO] - running routine number: 116

2024-11-15 19:26:46 - robotic_functions - [INFO] - requesting robotics status

2024-11-15 19:26:46 - robotic_functions - [INFO] - {'type': 'robotics', 'data': {'mode': 'dilution', 'active_quad': None, 'active_pumps': [], 'vial_window': [], 'xArm': {'warning_code': 0, 'error_code': 0, 'arm_state': 2, 'connected': True, 'warn_code': 0}, 'OctoPrint': {'octoprint_0': {'connection_status': True}}, 'prime_status': {'influx': False, 'efflux': False}}}

2024-11-15 19:26:46 - robotic_functions - [WARNING] - robotics not in idle mode, cannot start dilutions

2024-11-15 19:26:46 - evolver - [INFO] - running routine number: 117

2024-11-15 19:26:46 - robotic_functions - [INFO] - requesting robotics status

2024-11-15 19:26:46 - robotic_functions - [INFO] - {'type': 'robotics', 'data': {'mode': 'dilution', 'active_quad': None, 'active_pumps': [], 'vial_window': [], 'xArm': {'warning_code': 0, 'error_code': 0, 'arm_state': 2, 'connected': True, 'warn_code': 0}, 'OctoPrint': {'octoprint_0': {'connection_status': True}}, 'prime_status': {'influx': False, 'efflux': False}}}

2024-11-15 19:26:46 - robotic_functions - [WARNING] - robotics not in idle mode, cannot start dilutions

2024-11-15 19:26:46 - evolver - [INFO] - running routine number: 118

2024-11-15 19:26:46 - robotic_functions - [INFO] - requesting robotics status

2024-11-15 19:26:46 - robotic_functions - [INFO] - {'type': 'robotics', 'data': {'mode': 'dilution', 'active_quad': None, 'active_pumps': [], 'vial_window': [], 'xArm': {'warning_code': 0, 'error_code': 0, 'arm_state': 2, 'connected': True, 'warn_code': 0}, 'OctoPrint': {'octoprint_0': {'connection_status': True}}, 'prime_status': {'influx': False, 'efflux': False}}}

2024-11-15 19:26:46 - robotic_functions - [WARNING] - robotics not in idle mode, cannot start dilutions

2024-11-15 19:26:46 - evolver - [INFO] - running routine number: 119

2024-11-15 19:26:46 - robotic_functions - [INFO] - requesting robotics status

2024-11-15 19:26:46 - robotic_functions - [INFO] - {'type': 'robotics', 'data': {'mode': 'dilution', 'active_quad': None, 'active_pumps': [], 'vial_window': [], 'xArm': {'warning_code': 0, 'error_code': 0, 'arm_state': 2, 'connected': True, 'warn_code': 0}, 'OctoPrint': {'octoprint_0': {'connection_status': True}}, 'prime_status': {'influx': False, 'efflux': False}}}

2024-11-15 19:26:46 - robotic_functions - [WARNING] - robotics not in idle mode, cannot start dilutions

2024-11-15 19:26:46 - evolver - [INFO] - running routine number: 120

2024-11-15 19:26:46 - robotic_functions - [INFO] - requesting robotics status

2024-11-15 19:26:46 - robotic_functions - [INFO] - {'type': 'robotics', 'data': {'mode': 'dilution', 'active_quad': None, 'active_pumps': [], 'vial_window': [], 'xArm': {'warning_code': 0, 'error_code': 0, 'arm_state': 2, 'connected': True, 'warn_code': 0}, 'OctoPrint': {'octoprint_0': {'connection_status': True}}, 'prime_status': {'influx': False, 'efflux': False}}}

2024-11-15 19:26:46 - robotic_functions - [WARNING] - robotics not in idle mode, cannot start dilutions

2024-11-15 19:26:46 - evolver - [INFO] - running routine number: 121

2024-11-15 19:26:46 - robotic_functions - [INFO] - requesting robotics status

2024-11-15 19:26:46 - robotic_functions - [INFO] - {'type': 'robotics', 'data': {'mode': 'dilution', 'active_quad': None, 'active_pumps': [], 'vial_window': [], 'xArm': {'warning_code': 0, 'error_code': 0, 'arm_state': 2, 'connected': True, 'warn_code': 0}, 'OctoPrint': {'octoprint_0': {'connection_status': True}}, 'prime_status': {'influx': False, 'efflux': False}}}

2024-11-15 19:26:46 - robotic_functions - [WARNING] - robotics not in idle mode, cannot start dilutions

2024-11-15 19:26:46 - evolver - [INFO] - running routine number: 122

2024-11-15 19:26:46 - robotic_functions - [INFO] - requesting robotics status

2024-11-15 19:26:46 - robotic_functions - [INFO] - {'type': 'robotics', 'data': {'mode': 'dilution', 'active_quad': None, 'active_pumps': [], 'vial_window': [], 'xArm': {'warning_code': 0, 'error_code': 0, 'arm_state': 2, 'connected': True, 'warn_code': 0}, 'OctoPrint': {'octoprint_0': {'connection_status': True}}, 'prime_status': {'influx': False, 'efflux': False}}}

2024-11-15 19:26:47 - robotic_functions - [WARNING] - robotics not in idle mode, cannot start dilutions

2024-11-15 19:26:47 - evolver - [INFO] - running routine number: 123

2024-11-15 19:26:47 - robotic_functions - [INFO] - requesting robotics status

2024-11-15 19:26:47 - robotic_functions - [INFO] - {'type': 'robotics', 'data': {'mode': 'dilution', 'active_quad': None, 'active_pumps': [], 'vial_window': [], 'xArm': {'warning_code': 0, 'error_code': 0, 'arm_state': 2, 'connected': True, 'warn_code': 0}, 'OctoPrint': {'octoprint_0': {'connection_status': True}}, 'prime_status': {'influx': False, 'efflux': False}}}

2024-11-15 19:26:47 - robotic_functions - [WARNING] - robotics not in idle mode, cannot start dilutions

2024-11-15 19:26:47 - evolver - [INFO] - running routine number: 124

2024-11-15 19:26:47 - robotic_functions - [INFO] - requesting robotics status

2024-11-15 19:26:47 - robotic_functions - [INFO] - {'type': 'robotics', 'data': {'mode': 'dilution', 'active_quad': None, 'active_pumps': [], 'vial_window': [], 'xArm': {'warning_code': 0, 'error_code': 0, 'arm_state': 2, 'connected': True, 'warn_code': 0}, 'OctoPrint': {'octoprint_0': {'connection_status': True}}, 'prime_status': {'influx': False, 'efflux': False}}}

2024-11-15 19:26:47 - robotic_functions - [WARNING] - robotics not in idle mode, cannot start dilutions

2024-11-15 19:26:47 - evolver - [INFO] - running routine number: 125

2024-11-15 19:26:47 - robotic_functions - [INFO] - requesting robotics status

2024-11-15 19:26:47 - robotic_functions - [INFO] - {'type': 'robotics', 'data': {'mode': 'dilution', 'active_quad': None, 'active_pumps': [], 'vial_window': [], 'xArm': {'warning_code': 0, 'error_code': 0, 'arm_state': 2, 'connected': True, 'warn_code': 0}, 'OctoPrint': {'octoprint_0': {'connection_status': True}}, 'prime_status': {'influx': False, 'efflux': False}}}

2024-11-15 19:26:47 - robotic_functions - [WARNING] - robotics not in idle mode, cannot start dilutions

2024-11-15 19:26:47 - evolver - [INFO] - running routine number: 126

2024-11-15 19:26:47 - robotic_functions - [INFO] - requesting robotics status

2024-11-15 19:26:47 - robotic_functions - [INFO] - {'type': 'robotics', 'data': {'mode': 'dilution', 'active_quad': None, 'active_pumps': [], 'vial_window': [], 'xArm': {'warning_code': 0, 'error_code': 0, 'arm_state': 2, 'connected': True, 'warn_code': 0}, 'OctoPrint': {'octoprint_0': {'connection_status': True}}, 'prime_status': {'influx': False, 'efflux': False}}}

2024-11-15 19:26:47 - robotic_functions - [WARNING] - robotics not in idle mode, cannot start dilutions

2024-11-15 19:26:47 - evolver - [INFO] - running routine number: 127

2024-11-15 19:26:47 - robotic_functions - [INFO] - requesting robotics status

2024-11-15 19:26:47 - robotic_functions - [INFO] - {'type': 'robotics', 'data': {'mode': 'dilution', 'active_quad': None, 'active_pumps': [], 'vial_window': [], 'xArm': {'warning_code': 0, 'error_code': 0, 'arm_state': 2, 'connected': True, 'warn_code': 0}, 'OctoPrint': {'octoprint_0': {'connection_status': True}}, 'prime_status': {'influx': False, 'efflux': False}}}

2024-11-15 19:26:47 - robotic_functions - [WARNING] - robotics not in idle mode, cannot start dilutions

2024-11-15 19:26:47 - evolver - [INFO] - running routine number: 128

2024-11-15 19:26:47 - robotic_functions - [INFO] - requesting robotics status

2024-11-15 19:26:47 - robotic_functions - [INFO] - {'type': 'robotics', 'data': {'mode': 'dilution', 'active_quad': None, 'active_pumps': [], 'vial_window': [], 'xArm': {'warning_code': 0, 'error_code': 0, 'arm_state': 2, 'connected': True, 'warn_code': 0}, 'OctoPrint': {'octoprint_0': {'connection_status': True}}, 'prime_status': {'influx': False, 'efflux': False}}}

2024-11-15 19:26:47 - robotic_functions - [WARNING] - robotics not in idle mode, cannot start dilutions

2024-11-15 19:26:47 - evolver - [INFO] - running routine number: 129

2024-11-15 19:26:47 - robotic_functions - [INFO] - requesting robotics status

2024-11-15 19:26:47 - robotic_functions - [INFO] - {'type': 'robotics', 'data': {'mode': 'dilution', 'active_quad': None, 'active_pumps': [], 'vial_window': [], 'xArm': {'warning_code': 0, 'error_code': 0, 'arm_state': 2, 'connected': True, 'warn_code': 0}, 'OctoPrint': {'octoprint_0': {'connection_status': True}}, 'prime_status': {'influx': False, 'efflux': False}}}

2024-11-15 19:26:47 - robotic_functions - [WARNING] - robotics not in idle mode, cannot start dilutions

2024-11-15 19:26:47 - evolver - [INFO] - running routine number: 130

2024-11-15 19:26:47 - robotic_functions - [INFO] - requesting robotics status

2024-11-15 19:26:47 - robotic_functions - [INFO] - {'type': 'robotics', 'data': {'mode': 'dilution', 'active_quad': None, 'active_pumps': [], 'vial_window': [], 'xArm': {'warning_code': 0, 'error_code': 0, 'arm_state': 2, 'connected': True, 'warn_code': 0}, 'OctoPrint': {'octoprint_0': {'connection_status': True}}, 'prime_status': {'influx': False, 'efflux': False}}}

2024-11-15 19:26:47 - robotic_functions - [WARNING] - robotics not in idle mode, cannot start dilutions

2024-11-15 19:26:47 - evolver - [INFO] - running routine number: 131

2024-11-15 19:26:47 - robotic_functions - [INFO] - requesting robotics status

2024-11-15 19:26:47 - robotic_functions - [INFO] - {'type': 'robotics', 'data': {'mode': 'dilution', 'active_quad': None, 'active_pumps': [], 'vial_window': [], 'xArm': {'warning_code': 0, 'error_code': 0, 'arm_state': 2, 'connected': True, 'warn_code': 0}, 'OctoPrint': {'octoprint_0': {'connection_status': True}}, 'prime_status': {'influx': False, 'efflux': False}}}

2024-11-15 19:26:47 - robotic_functions - [WARNING] - robotics not in idle mode, cannot start dilutions

2024-11-15 19:26:47 - evolver - [INFO] - running routine number: 132

2024-11-15 19:26:47 - robotic_functions - [INFO] - requesting robotics status

2024-11-15 19:26:48 - robotic_functions - [INFO] - {'type': 'robotics', 'data': {'mode': 'dilution', 'active_quad': None, 'active_pumps': [], 'vial_window': [], 'xArm': {'warning_code': 0, 'error_code': 0, 'arm_state': 2, 'connected': True, 'warn_code': 0}, 'OctoPrint': {'octoprint_0': {'connection_status': True}}, 'prime_status': {'influx': False, 'efflux': False}}}

2024-11-15 19:26:48 - robotic_functions - [WARNING] - robotics not in idle mode, cannot start dilutions

2024-11-15 19:26:48 - evolver - [INFO] - running routine number: 133

2024-11-15 19:26:48 - robotic_functions - [INFO] - requesting robotics status

2024-11-15 19:26:48 - robotic_functions - [INFO] - {'type': 'robotics', 'data': {'mode': 'dilution', 'active_quad': None, 'active_pumps': [], 'vial_window': [], 'xArm': {'warning_code': 0, 'error_code': 0, 'arm_state': 2, 'connected': True, 'warn_code': 0}, 'OctoPrint': {'octoprint_0': {'connection_status': True}}, 'prime_status': {'influx': False, 'efflux': False}}}

2024-11-15 19:26:48 - robotic_functions - [WARNING] - robotics not in idle mode, cannot start dilutions

2024-11-15 19:26:48 - evolver - [INFO] - running routine number: 134

2024-11-15 19:26:48 - robotic_functions - [INFO] - requesting robotics status

2024-11-15 19:26:48 - robotic_functions - [INFO] - {'type': 'robotics', 'data': {'mode': 'dilution', 'active_quad': None, 'active_pumps': [], 'vial_window': [], 'xArm': {'warning_code': 0, 'error_code': 0, 'arm_state': 2, 'connected': True, 'warn_code': 0}, 'OctoPrint': {'octoprint_0': {'connection_status': True}}, 'prime_status': {'influx': False, 'efflux': False}}}

2024-11-15 19:26:48 - robotic_functions - [WARNING] - robotics not in idle mode, cannot start dilutions

2024-11-15 19:26:48 - evolver - [INFO] - running routine number: 135

2024-11-15 19:26:48 - robotic_functions - [INFO] - requesting robotics status

2024-11-15 19:26:48 - robotic_functions - [INFO] - {'type': 'robotics', 'data': {'mode': 'dilution', 'active_quad': None, 'active_pumps': [], 'vial_window': [], 'xArm': {'warning_code': 0, 'error_code': 0, 'arm_state': 2, 'connected': True, 'warn_code': 0}, 'OctoPrint': {'octoprint_0': {'connection_status': True}}, 'prime_status': {'influx': False, 'efflux': False}}}

2024-11-15 19:26:48 - robotic_functions - [WARNING] - robotics not in idle mode, cannot start dilutions

2024-11-15 19:26:48 - evolver - [INFO] - running routine number: 136

2024-11-15 19:26:48 - robotic_functions - [INFO] - requesting robotics status

2024-11-15 19:26:48 - robotic_functions - [INFO] - {'type': 'robotics', 'data': {'mode': 'dilution', 'active_quad': None, 'active_pumps': [], 'vial_window': [], 'xArm': {'warning_code': 0, 'error_code': 0, 'arm_state': 2, 'connected': True, 'warn_code': 0}, 'OctoPrint': {'octoprint_0': {'connection_status': True}}, 'prime_status': {'influx': False, 'efflux': False}}}

2024-11-15 19:26:48 - robotic_functions - [WARNING] - robotics not in idle mode, cannot start dilutions

2024-11-15 19:26:48 - evolver - [INFO] - running routine number: 137

2024-11-15 19:26:48 - robotic_functions - [INFO] - requesting robotics status

2024-11-15 19:26:48 - robotic_functions - [INFO] - {'type': 'robotics', 'data': {'mode': 'dilution', 'active_quad': None, 'active_pumps': [], 'vial_window': [], 'xArm': {'warning_code': 0, 'error_code': 0, 'arm_state': 2, 'connected': True, 'warn_code': 0}, 'OctoPrint': {'octoprint_0': {'connection_status': True}}, 'prime_status': {'influx': False, 'efflux': False}}}

2024-11-15 19:26:48 - robotic_functions - [WARNING] - robotics not in idle mode, cannot start dilutions

2024-11-15 19:26:48 - evolver - [INFO] - running routine number: 138

2024-11-15 19:26:48 - robotic_functions - [INFO] - requesting robotics status

2024-11-15 19:26:48 - robotic_functions - [INFO] - {'type': 'robotics', 'data': {'mode': 'dilution', 'active_quad': None, 'active_pumps': [], 'vial_window': [], 'xArm': {'warning_code': 0, 'error_code': 0, 'arm_state': 2, 'connected': True, 'warn_code': 0}, 'OctoPrint': {'octoprint_0': {'connection_status': True}}, 'prime_status': {'influx': False, 'efflux': False}}}

2024-11-15 19:26:48 - robotic_functions - [WARNING] - robotics not in idle mode, cannot start dilutions

2024-11-15 19:26:48 - evolver - [INFO] - running routine number: 139

2024-11-15 19:26:48 - robotic_functions - [INFO] - requesting robotics status

2024-11-15 19:26:48 - robotic_functions - [INFO] - {'type': 'robotics', 'data': {'mode': 'dilution', 'active_quad': None, 'active_pumps': [], 'vial_window': [], 'xArm': {'warning_code': 0, 'error_code': 0, 'arm_state': 2, 'connected': True, 'warn_code': 0}, 'OctoPrint': {'octoprint_0': {'connection_status': True}}, 'prime_status': {'influx': False, 'efflux': False}}}

2024-11-15 19:26:48 - robotic_functions - [WARNING] - robotics not in idle mode, cannot start dilutions

2024-11-15 19:26:48 - evolver - [INFO] - running routine number: 140

2024-11-15 19:26:48 - robotic_functions - [INFO] - requesting robotics status

2024-11-15 19:26:48 - robotic_functions - [INFO] - {'type': 'robotics', 'data': {'mode': 'dilution', 'active_quad': None, 'active_pumps': [], 'vial_window': [], 'xArm': {'warning_code': 0, 'error_code': 0, 'arm_state': 2, 'connected': True, 'warn_code': 0}, 'OctoPrint': {'octoprint_0': {'connection_status': True}}, 'prime_status': {'influx': False, 'efflux': False}}}

2024-11-15 19:26:48 - robotic_functions - [WARNING] - robotics not in idle mode, cannot start dilutions

2024-11-15 19:26:48 - evolver - [INFO] - running routine number: 141

2024-11-15 19:26:48 - robotic_functions - [INFO] - requesting robotics status

2024-11-15 19:26:48 - robotic_functions - [INFO] - {'type': 'robotics', 'data': {'mode': 'dilution', 'active_quad': None, 'active_pumps': [], 'vial_window': [], 'xArm': {'warning_code': 0, 'error_code': 0, 'arm_state': 2, 'connected': True, 'warn_code': 0}, 'OctoPrint': {'octoprint_0': {'connection_status': True}}, 'prime_status': {'influx': False, 'efflux': False}}}

2024-11-15 19:26:49 - robotic_functions - [WARNING] - robotics not in idle mode, cannot start dilutions

2024-11-15 19:26:49 - evolver - [INFO] - running routine number: 142

2024-11-15 19:26:49 - robotic_functions - [INFO] - requesting robotics status

2024-11-15 19:26:49 - robotic_functions - [INFO] - {'type': 'robotics', 'data': {'mode': 'dilution', 'active_quad': None, 'active_pumps': [], 'vial_window': [], 'xArm': {'warning_code': 0, 'error_code': 0, 'arm_state': 2, 'connected': True, 'warn_code': 0}, 'OctoPrint': {'octoprint_0': {'connection_status': True}}, 'prime_status': {'influx': False, 'efflux': False}}}

2024-11-15 19:26:49 - robotic_functions - [WARNING] - robotics not in idle mode, cannot start dilutions

2024-11-15 19:26:49 - evolver - [INFO] - running routine number: 143

2024-11-15 19:26:49 - robotic_functions - [INFO] - requesting robotics status

2024-11-15 19:26:49 - robotic_functions - [INFO] - {'type': 'robotics', 'data': {'mode': 'dilution', 'active_quad': None, 'active_pumps': [], 'vial_window': [], 'xArm': {'warning_code': 0, 'error_code': 0, 'arm_state': 2, 'connected': True, 'warn_code': 0}, 'OctoPrint': {'octoprint_0': {'connection_status': True}}, 'prime_status': {'influx': False, 'efflux': False}}}

2024-11-15 19:26:49 - robotic_functions - [WARNING] - robotics not in idle mode, cannot start dilutions

2024-11-15 19:26:49 - evolver - [INFO] - running routine number: 144

2024-11-15 19:26:49 - robotic_functions - [INFO] - requesting robotics status

2024-11-15 19:26:49 - robotic_functions - [INFO] - {'type': 'robotics', 'data': {'mode': 'dilution', 'active_quad': None, 'active_pumps': [], 'vial_window': [], 'xArm': {'warning_code': 0, 'error_code': 0, 'arm_state': 2, 'connected': True, 'warn_code': 0}, 'OctoPrint': {'octoprint_0': {'connection_status': True}}, 'prime_status': {'influx': False, 'efflux': False}}}

2024-11-15 19:26:49 - robotic_functions - [WARNING] - robotics not in idle mode, cannot start dilutions

2024-11-15 19:26:49 - evolver - [INFO] - running routine number: 145

2024-11-15 19:26:49 - robotic_functions - [INFO] - requesting robotics status

2024-11-15 19:26:49 - robotic_functions - [INFO] - {'type': 'robotics', 'data': {'mode': 'dilution', 'active_quad': None, 'active_pumps': [], 'vial_window': [], 'xArm': {'warning_code': 0, 'error_code': 0, 'arm_state': 2, 'connected': True, 'warn_code': 0}, 'OctoPrint': {'octoprint_0': {'connection_status': True}}, 'prime_status': {'influx': False, 'efflux': False}}}

2024-11-15 19:26:49 - robotic_functions - [WARNING] - robotics not in idle mode, cannot start dilutions

2024-11-15 19:26:49 - evolver - [INFO] - running routine number: 146

2024-11-15 19:26:49 - robotic_functions - [INFO] - requesting robotics status

2024-11-15 19:26:49 - robotic_functions - [INFO] - {'type': 'robotics', 'data': {'mode': 'dilution', 'active_quad': None, 'active_pumps': [], 'vial_window': [], 'xArm': {'warning_code': 0, 'error_code': 0, 'arm_state': 2, 'connected': True, 'warn_code': 0}, 'OctoPrint': {'octoprint_0': {'connection_status': True}}, 'prime_status': {'influx': False, 'efflux': False}}}

2024-11-15 19:26:49 - robotic_functions - [WARNING] - robotics not in idle mode, cannot start dilutions

2024-11-15 19:26:49 - evolver - [INFO] - running routine number: 147

2024-11-15 19:26:49 - robotic_functions - [INFO] - requesting robotics status

2024-11-15 19:26:49 - robotic_functions - [INFO] - {'type': 'robotics', 'data': {'mode': 'dilution', 'active_quad': None, 'active_pumps': [], 'vial_window': [], 'xArm': {'warning_code': 0, 'error_code': 0, 'arm_state': 2, 'connected': True, 'warn_code': 0}, 'OctoPrint': {'octoprint_0': {'connection_status': True}}, 'prime_status': {'influx': False, 'efflux': False}}}

2024-11-15 19:26:49 - robotic_functions - [WARNING] - robotics not in idle mode, cannot start dilutions

2024-11-15 19:26:49 - evolver - [INFO] - running routine number: 148

2024-11-15 19:26:49 - robotic_functions - [INFO] - requesting robotics status

2024-11-15 19:26:49 - robotic_functions - [INFO] - {'type': 'robotics', 'data': {'mode': 'dilution', 'active_quad': None, 'active_pumps': [], 'vial_window': [], 'xArm': {'warning_code': 0, 'error_code': 0, 'arm_state': 2, 'connected': True, 'warn_code': 0}, 'OctoPrint': {'octoprint_0': {'connection_status': True}}, 'prime_status': {'influx': False, 'efflux': False}}}

2024-11-15 19:26:49 - robotic_functions - [WARNING] - robotics not in idle mode, cannot start dilutions

2024-11-15 19:26:49 - evolver - [INFO] - running routine number: 149

2024-11-15 19:26:49 - robotic_functions - [INFO] - requesting robotics status

2024-11-15 19:26:49 - robotic_functions - [INFO] - {'type': 'robotics', 'data': {'mode': 'dilution', 'active_quad': None, 'active_pumps': [], 'vial_window': [], 'xArm': {'warning_code': 0, 'error_code': 0, 'arm_state': 2, 'connected': True, 'warn_code': 0}, 'OctoPrint': {'octoprint_0': {'connection_status': True}}, 'prime_status': {'influx': False, 'efflux': False}}}

2024-11-15 19:26:49 - robotic_functions - [WARNING] - robotics not in idle mode, cannot start dilutions

2024-11-15 19:26:49 - evolver - [INFO] - running routine number: 150

2024-11-15 19:26:49 - robotic_functions - [INFO] - requesting robotics status

2024-11-15 19:26:49 - robotic_functions - [INFO] - {'type': 'robotics', 'data': {'mode': 'dilution', 'active_quad': None, 'active_pumps': [], 'vial_window': [], 'xArm': {'warning_code': 0, 'error_code': 0, 'arm_state': 2, 'connected': True, 'warn_code': 0}, 'OctoPrint': {'octoprint_0': {'connection_status': True}}, 'prime_status': {'influx': False, 'efflux': False}}}

2024-11-15 19:26:49 - robotic_functions - [INFO] - pausing experiment

2024-11-15 19:26:52 - robotic_functions - [INFO] - stopping experiment

2024-11-15 19:26:52 - robotic_functions - [INFO] - dpu disconnected from robotics_eVOLVER server

2024-11-15 19:33:03 - robotic_functions - [INFO] - dpu connected to robotics_eVOLVER server

2024-11-15 19:33:03 - robotic_functions - [INFO] - requesting robotics status

2024-11-15 19:33:03 - robotic_functions - [INFO] - {'type': 'robotics', 'data': {'mode': 'idle', 'active_quad': None, 'active_pumps': [], 'vial_window': [], 'xArm': {'warning_code': 0, 'error_code': 0, 'arm_state': 2, 'connected': True, 'warn_code': 0}, 'OctoPrint': {'octoprint_0': {'connection_status': True}}, 'prime_status': {'influx': False, 'efflux': False}}}

2024-11-15 19:33:40 - robotic_functions - [INFO] - Robotics broadcast received

2024-11-15 19:34:14 - robotic_functions - [INFO] - Robotics broadcast received

2024-11-15 19:34:54 - robotic_functions - [INFO] - Robotics broadcast received

2024-11-15 19:35:33 - robotic_functions - [INFO] - Robotics broadcast received

2024-11-15 19:35:57 - robotic_functions - [INFO] - pausing experiment

2024-11-15 19:36:01 - robotic_functions - [INFO] - stopping experiment

2024-11-15 19:36:01 - robotic_functions - [INFO] - dpu disconnected from robotics_eVOLVER server

2024-11-15 19:36:01 - robotic_functions - [INFO] - Robotics broadcast received

2024-11-15 19:40:23 - robotic_functions - [INFO] - dpu connected to robotics_eVOLVER server

2024-11-15 19:40:23 - robotic_functions - [INFO] - requesting robotics status

2024-11-15 19:40:23 - robotic_functions - [INFO] - {'type': 'robotics', 'data': {'mode': 'idle', 'active_quad': None, 'active_pumps': [], 'vial_window': [], 'xArm': {'warning_code': 0, 'error_code': 0, 'arm_state': 2, 'connected': True, 'warn_code': 0}, 'OctoPrint': {'octoprint_0': {'connection_status': True}}, 'prime_status': {'influx': False, 'efflux': False}}}

2024-11-15 19:40:54 - robotic_functions - [INFO] - Robotics broadcast received

2024-11-15 19:41:34 - robotic_functions - [INFO] - Robotics broadcast received

2024-11-15 19:41:45 - robotic_functions - [INFO] - pausing experiment

2024-11-15 19:41:47 - robotic_functions - [INFO] - stopping experiment

2024-11-15 19:41:47 - robotic_functions - [INFO] - dpu disconnected from robotics_eVOLVER server

2024-11-15 19:42:46 - robotic_functions - [INFO] - dpu connected to robotics_eVOLVER server

2024-11-15 19:42:46 - robotic_functions - [INFO] - requesting robotics status

2024-11-15 19:42:46 - robotic_functions - [INFO] - {'type': 'robotics', 'data': {'mode': 'idle', 'active_quad': None, 'active_pumps': [], 'vial_window': [], 'xArm': {'warning_code': 0, 'error_code': 0, 'arm_state': 2, 'connected': True, 'warn_code': 0}, 'OctoPrint': {'octoprint_0': {'connection_status': True}}, 'prime_status': {'influx': False, 'efflux': False}}}

2024-11-15 19:43:14 - robotic_functions - [INFO] - Robotics broadcast received

2024-11-15 19:43:14 - evolver - [INFO] - running routine number: 1

2024-11-15 19:43:14 - robotic_functions - [INFO] - requesting robotics status

2024-11-15 19:43:14 - robotic_functions - [INFO] - {'type': 'robotics', 'data': {'mode': 'idle', 'active_quad': None, 'active_pumps': [], 'vial_window': [], 'xArm': {'warning_code': 0, 'error_code': 0, 'arm_state': 2, 'connected': True, 'warn_code': 0}, 'OctoPrint': {'octoprint_0': {'connection_status': True}}, 'prime_status': {'influx': False, 'efflux': False}}}

2024-11-15 19:43:14 - robotic_functions - [INFO] - dilution routine execution: {'syringe_pump_command': {'base_media': {'quad_0': {'vial_0': 0, 'vial_1': 0, 'vial_2': 0, 'vial_3': 0, 'vial_4': 0, 'vial_5': 0, 'vial_6': 0, 'vial_7': 0, 'vial_8': 0, 'vial_9': 0, 'vial_10': 0, 'vial_11': 0, 'vial_12': 0, 'vial_13': 0, 'vial_14': 0, 'vial_15': 0, 'vial_16': 0, 'vial_17': 0}}}, 'ipp_efflux_command': {'quad_0': {'frequency': 5, 'duration': 120, 'polarity': 0}}}

2024-11-15 19:43:54 - robotic_functions - [INFO] - Robotics broadcast received

2024-11-15 19:44:31 - robotic_functions - [INFO] - Robotics broadcast received

2024-11-15 19:44:35 - robotic_functions - [INFO] - dpu disconnected from robotics_eVOLVER server

2024-11-15 19:44:39 - robotic_functions - [INFO] - pausing experiment

2024-11-15 19:46:35 - robotic_functions - [INFO] - dpu connected to robotics_eVOLVER server

2024-11-15 19:46:35 - robotic_functions - [INFO] - requesting robotics status

2024-11-15 19:46:35 - robotic_functions - [INFO] - {'type': 'robotics', 'data': {'mode': 'idle', 'active_quad': None, 'active_pumps': [], 'vial_window': [], 'xArm': {'warning_code': 0, 'error_code': 0, 'arm_state': None, 'connected': True}, 'OctoPrint': {'octoprint_0': {'connection_status': True}}, 'prime_status': {'influx': False, 'efflux': False}}}

2024-11-15 19:46:55 - robotic_functions - [INFO] - Robotics broadcast received

2024-11-15 19:46:55 - evolver - [INFO] - running routine number: 1

2024-11-15 19:46:55 - robotic_functions - [INFO] - requesting robotics status

2024-11-15 19:46:55 - robotic_functions - [INFO] - {'type': 'robotics', 'data': {'mode': 'idle', 'active_quad': None, 'active_pumps': [], 'vial_window': [], 'xArm': {'warning_code': 0, 'error_code': 0, 'arm_state': None, 'connected': True}, 'OctoPrint': {'octoprint_0': {'connection_status': True}}, 'prime_status': {'influx': False, 'efflux': False}}}

2024-11-15 19:46:55 - robotic_functions - [INFO] - dilution routine execution: {'syringe_pump_command': {'base_media': {'quad_0': {'vial_0': 0, 'vial_1': 0, 'vial_2': 0, 'vial_3': 0, 'vial_4': 0, 'vial_5': 0, 'vial_6': 0, 'vial_7': 0, 'vial_8': 0, 'vial_9': 0, 'vial_10': 0, 'vial_11': 0, 'vial_12': 0, 'vial_13': 0, 'vial_14': 0, 'vial_15': 0, 'vial_16': 0, 'vial_17': 0}}}, 'ipp_efflux_command': {'quad_0': {'frequency': 5, 'duration': 120, 'polarity': 0}}}

2024-11-15 19:47:03 - robotic_functions - [INFO] - {'done': False, 'routine': 'influx', 'robotics_status': {'mode': 'emergency_stop', 'active_quad': 'quad_0', 'active_pumps': [], 'vial_window': [], 'xArm': {'warning_code': 0, 'error_code': 0, 'arm_state': None, 'connected': False}, 'OctoPrint': {'octoprint_0': {'connection_status': True}}, 'prime_status': {'influx': False, 'efflux': False}}, 'elapsed_time': 7.513724088668823, 'message': 'HelperEventError encountered, check HT_eVOLVER logs for traceback'}

2024-11-15 19:47:03 - evolver - [INFO] - running routine number: 2

2024-11-15 19:47:03 - robotic_functions - [INFO] - requesting robotics status

2024-11-15 19:47:03 - robotic_functions - [INFO] - {'type': 'robotics', 'data': {'mode': 'emergency_stop', 'active_quad': 'quad_0', 'active_pumps': [], 'vial_window': [], 'xArm': {'warning_code': 0, 'error_code': 0, 'arm_state': None, 'connected': False}, 'OctoPrint': {'octoprint_0': {'connection_status': True}}, 'prime_status': {'influx': False, 'efflux': False}}}

2024-11-15 19:47:03 - robotic_functions - [WARNING] - robotics not in idle mode, cannot start dilutions

2024-11-15 19:47:03 - evolver - [INFO] - running routine number: 3

2024-11-15 19:47:03 - robotic_functions - [INFO] - requesting robotics status

2024-11-15 19:47:03 - robotic_functions - [INFO] - {'type': 'robotics', 'data': {'mode': 'emergency_stop', 'active_quad': 'quad_0', 'active_pumps': [], 'vial_window': [], 'xArm': {'warning_code': 0, 'error_code': 0, 'arm_state': None, 'connected': False}, 'OctoPrint': {'octoprint_0': {'connection_status': True}}, 'prime_status': {'influx': False, 'efflux': False}}}

2024-11-15 19:47:03 - robotic_functions - [WARNING] - robotics not in idle mode, cannot start dilutions

2024-11-15 19:47:03 - evolver - [INFO] - running routine number: 4

2024-11-15 19:47:03 - robotic_functions - [INFO] - requesting robotics status

2024-11-15 19:47:03 - robotic_functions - [INFO] - {'type': 'robotics', 'data': {'mode': 'emergency_stop', 'active_quad': 'quad_0', 'active_pumps': [], 'vial_window': [], 'xArm': {'warning_code': 0, 'error_code': 0, 'arm_state': None, 'connected': False}, 'OctoPrint': {'octoprint_0': {'connection_status': True}}, 'prime_status': {'influx': False, 'efflux': False}}}

2024-11-15 19:47:03 - robotic_functions - [WARNING] - robotics not in idle mode, cannot start dilutions

2024-11-15 19:47:03 - evolver - [INFO] - running routine number: 5

2024-11-15 19:47:03 - robotic_functions - [INFO] - requesting robotics status

2024-11-15 19:47:03 - robotic_functions - [INFO] - {'type': 'robotics', 'data': {'mode': 'emergency_stop', 'active_quad': 'quad_0', 'active_pumps': [], 'vial_window': [], 'xArm': {'warning_code': 0, 'error_code': 0, 'arm_state': None, 'connected': False}, 'OctoPrint': {'octoprint_0': {'connection_status': True}}, 'prime_status': {'influx': False, 'efflux': False}}}

2024-11-15 19:47:03 - robotic_functions - [WARNING] - robotics not in idle mode, cannot start dilutions

2024-11-15 19:47:03 - evolver - [INFO] - running routine number: 6

2024-11-15 19:47:03 - robotic_functions - [INFO] - requesting robotics status

2024-11-15 19:47:03 - robotic_functions - [INFO] - {'type': 'robotics', 'data': {'mode': 'emergency_stop', 'active_quad': 'quad_0', 'active_pumps': [], 'vial_window': [], 'xArm': {'warning_code': 0, 'error_code': 0, 'arm_state': None, 'connected': False}, 'OctoPrint': {'octoprint_0': {'connection_status': True}}, 'prime_status': {'influx': False, 'efflux': False}}}

2024-11-15 19:47:03 - robotic_functions - [WARNING] - robotics not in idle mode, cannot start dilutions

2024-11-15 19:47:03 - evolver - [INFO] - running routine number: 7

2024-11-15 19:47:03 - robotic_functions - [INFO] - requesting robotics status

2024-11-15 19:47:03 - robotic_functions - [INFO] - {'type': 'robotics', 'data': {'mode': 'emergency_stop', 'active_quad': 'quad_0', 'active_pumps': [], 'vial_window': [], 'xArm': {'warning_code': 0, 'error_code': 0, 'arm_state': None, 'connected': False}, 'OctoPrint': {'octoprint_0': {'connection_status': True}}, 'prime_status': {'influx': False, 'efflux': False}}}

2024-11-15 19:47:03 - robotic_functions - [WARNING] - robotics not in idle mode, cannot start dilutions

2024-11-15 19:47:03 - evolver - [INFO] - running routine number: 8

2024-11-15 19:47:03 - robotic_functions - [INFO] - requesting robotics status

2024-11-15 19:47:03 - robotic_functions - [INFO] - {'type': 'robotics', 'data': {'mode': 'emergency_stop', 'active_quad': 'quad_0', 'active_pumps': [], 'vial_window': [], 'xArm': {'warning_code': 0, 'error_code': 0, 'arm_state': None, 'connected': False}, 'OctoPrint': {'octoprint_0': {'connection_status': True}}, 'prime_status': {'influx': False, 'efflux': False}}}

2024-11-15 19:47:03 - robotic_functions - [WARNING] - robotics not in idle mode, cannot start dilutions

2024-11-15 19:47:03 - evolver - [INFO] - running routine number: 9

2024-11-15 19:47:03 - robotic_functions - [INFO] - requesting robotics status

2024-11-15 19:47:03 - robotic_functions - [INFO] - {'type': 'robotics', 'data': {'mode': 'emergency_stop', 'active_quad': 'quad_0', 'active_pumps': [], 'vial_window': [], 'xArm': {'warning_code': 0, 'error_code': 0, 'arm_state': None, 'connected': False}, 'OctoPrint': {'octoprint_0': {'connection_status': True}}, 'prime_status': {'influx': False, 'efflux': False}}}

2024-11-15 19:47:04 - robotic_functions - [WARNING] - robotics not in idle mode, cannot start dilutions

2024-11-15 19:47:04 - evolver - [INFO] - running routine number: 10

2024-11-15 19:47:04 - robotic_functions - [INFO] - requesting robotics status

2024-11-15 19:47:04 - robotic_functions - [INFO] - {'type': 'robotics', 'data': {'mode': 'emergency_stop', 'active_quad': 'quad_0', 'active_pumps': [], 'vial_window': [], 'xArm': {'warning_code': 0, 'error_code': 0, 'arm_state': None, 'connected': False}, 'OctoPrint': {'octoprint_0': {'connection_status': True}}, 'prime_status': {'influx': False, 'efflux': False}}}

2024-11-15 19:47:04 - robotic_functions - [WARNING] - robotics not in idle mode, cannot start dilutions

2024-11-15 19:47:04 - evolver - [INFO] - running routine number: 11

2024-11-15 19:47:04 - robotic_functions - [INFO] - requesting robotics status

2024-11-15 19:47:04 - robotic_functions - [INFO] - {'type': 'robotics', 'data': {'mode': 'emergency_stop', 'active_quad': 'quad_0', 'active_pumps': [], 'vial_window': [], 'xArm': {'warning_code': 0, 'error_code': 0, 'arm_state': None, 'connected': False}, 'OctoPrint': {'octoprint_0': {'connection_status': True}}, 'prime_status': {'influx': False, 'efflux': False}}}

2024-11-15 19:47:04 - robotic_functions - [WARNING] - robotics not in idle mode, cannot start dilutions

2024-11-15 19:47:04 - evolver - [INFO] - running routine number: 12

2024-11-15 19:47:04 - robotic_functions - [INFO] - requesting robotics status

2024-11-15 19:47:04 - robotic_functions - [INFO] - {'type': 'robotics', 'data': {'mode': 'emergency_stop', 'active_quad': 'quad_0', 'active_pumps': [], 'vial_window': [], 'xArm': {'warning_code': 0, 'error_code': 0, 'arm_state': None, 'connected': False}, 'OctoPrint': {'octoprint_0': {'connection_status': True}}, 'prime_status': {'influx': False, 'efflux': False}}}

2024-11-15 19:47:04 - robotic_functions - [WARNING] - robotics not in idle mode, cannot start dilutions

2024-11-15 19:47:04 - evolver - [INFO] - running routine number: 13

2024-11-15 19:47:04 - robotic_functions - [INFO] - requesting robotics status

2024-11-15 19:47:04 - robotic_functions - [INFO] - {'type': 'robotics', 'data': {'mode': 'emergency_stop', 'active_quad': 'quad_0', 'active_pumps': [], 'vial_window': [], 'xArm': {'warning_code': 0, 'error_code': 0, 'arm_state': None, 'connected': False}, 'OctoPrint': {'octoprint_0': {'connection_status': True}}, 'prime_status': {'influx': False, 'efflux': False}}}

2024-11-15 19:47:04 - robotic_functions - [WARNING] - robotics not in idle mode, cannot start dilutions

2024-11-15 19:47:04 - evolver - [INFO] - running routine number: 14

2024-11-15 19:47:04 - robotic_functions - [INFO] - requesting robotics status

2024-11-15 19:47:04 - robotic_functions - [INFO] - {'type': 'robotics', 'data': {'mode': 'emergency_stop', 'active_quad': 'quad_0', 'active_pumps': [], 'vial_window': [], 'xArm': {'warning_code': 0, 'error_code': 0, 'arm_state': None, 'connected': False}, 'OctoPrint': {'octoprint_0': {'connection_status': True}}, 'prime_status': {'influx': False, 'efflux': False}}}

2024-11-15 19:47:04 - robotic_functions - [WARNING] - robotics not in idle mode, cannot start dilutions

2024-11-15 19:47:04 - evolver - [INFO] - running routine number: 15

2024-11-15 19:47:04 - robotic_functions - [INFO] - requesting robotics status

2024-11-15 19:47:04 - robotic_functions - [INFO] - {'type': 'robotics', 'data': {'mode': 'emergency_stop', 'active_quad': 'quad_0', 'active_pumps': [], 'vial_window': [], 'xArm': {'warning_code': 0, 'error_code': 0, 'arm_state': None, 'connected': False}, 'OctoPrint': {'octoprint_0': {'connection_status': True}}, 'prime_status': {'influx': False, 'efflux': False}}}

2024-11-15 19:47:04 - robotic_functions - [WARNING] - robotics not in idle mode, cannot start dilutions

2024-11-15 19:47:04 - evolver - [INFO] - running routine number: 16

2024-11-15 19:47:04 - robotic_functions - [INFO] - requesting robotics status

2024-11-15 19:47:04 - robotic_functions - [INFO] - {'type': 'robotics', 'data': {'mode': 'emergency_stop', 'active_quad': 'quad_0', 'active_pumps': [], 'vial_window': [], 'xArm': {'warning_code': 0, 'error_code': 0, 'arm_state': None, 'connected': False}, 'OctoPrint': {'octoprint_0': {'connection_status': True}}, 'prime_status': {'influx': False, 'efflux': False}}}

2024-11-15 19:47:04 - robotic_functions - [WARNING] - robotics not in idle mode, cannot start dilutions

2024-11-15 19:47:04 - evolver - [INFO] - running routine number: 17

2024-11-15 19:47:04 - robotic_functions - [INFO] - requesting robotics status

2024-11-15 19:47:04 - robotic_functions - [INFO] - {'type': 'robotics', 'data': {'mode': 'emergency_stop', 'active_quad': 'quad_0', 'active_pumps': [], 'vial_window': [], 'xArm': {'warning_code': 0, 'error_code': 0, 'arm_state': None, 'connected': False}, 'OctoPrint': {'octoprint_0': {'connection_status': True}}, 'prime_status': {'influx': False, 'efflux': False}}}

2024-11-15 19:47:04 - robotic_functions - [WARNING] - robotics not in idle mode, cannot start dilutions

2024-11-15 19:47:04 - evolver - [INFO] - running routine number: 18

2024-11-15 19:47:04 - robotic_functions - [INFO] - requesting robotics status

2024-11-15 19:47:04 - robotic_functions - [INFO] - {'type': 'robotics', 'data': {'mode': 'emergency_stop', 'active_quad': 'quad_0', 'active_pumps': [], 'vial_window': [], 'xArm': {'warning_code': 0, 'error_code': 0, 'arm_state': None, 'connected': False}, 'OctoPrint': {'octoprint_0': {'connection_status': True}}, 'prime_status': {'influx': False, 'efflux': False}}}

2024-11-15 19:47:04 - robotic_functions - [WARNING] - robotics not in idle mode, cannot start dilutions

2024-11-15 19:47:04 - evolver - [INFO] - running routine number: 19

2024-11-15 19:47:04 - robotic_functions - [INFO] - requesting robotics status

2024-11-15 19:47:05 - robotic_functions - [INFO] - {'type': 'robotics', 'data': {'mode': 'emergency_stop', 'active_quad': 'quad_0', 'active_pumps': [], 'vial_window': [], 'xArm': {'warning_code': 0, 'error_code': 0, 'arm_state': None, 'connected': False}, 'OctoPrint': {'octoprint_0': {'connection_status': True}}, 'prime_status': {'influx': False, 'efflux': False}}}

2024-11-15 19:47:05 - robotic_functions - [WARNING] - robotics not in idle mode, cannot start dilutions

2024-11-15 19:47:05 - evolver - [INFO] - running routine number: 20

2024-11-15 19:47:05 - robotic_functions - [INFO] - requesting robotics status

2024-11-15 19:47:05 - robotic_functions - [INFO] - {'type': 'robotics', 'data': {'mode': 'emergency_stop', 'active_quad': 'quad_0', 'active_pumps': [], 'vial_window': [], 'xArm': {'warning_code': 0, 'error_code': 0, 'arm_state': None, 'connected': False}, 'OctoPrint': {'octoprint_0': {'connection_status': True}}, 'prime_status': {'influx': False, 'efflux': False}}}

2024-11-15 19:47:05 - robotic_functions - [WARNING] - robotics not in idle mode, cannot start dilutions

2024-11-15 19:47:05 - evolver - [INFO] - running routine number: 21

2024-11-15 19:47:05 - robotic_functions - [INFO] - requesting robotics status

2024-11-15 19:47:05 - robotic_functions - [INFO] - {'type': 'robotics', 'data': {'mode': 'emergency_stop', 'active_quad': 'quad_0', 'active_pumps': [], 'vial_window': [], 'xArm': {'warning_code': 0, 'error_code': 0, 'arm_state': None, 'connected': False}, 'OctoPrint': {'octoprint_0': {'connection_status': True}}, 'prime_status': {'influx': False, 'efflux': False}}}

2024-11-15 19:47:05 - robotic_functions - [WARNING] - robotics not in idle mode, cannot start dilutions

2024-11-15 19:47:05 - evolver - [INFO] - running routine number: 22

2024-11-15 19:47:05 - robotic_functions - [INFO] - requesting robotics status

2024-11-15 19:47:05 - robotic_functions - [INFO] - {'type': 'robotics', 'data': {'mode': 'emergency_stop', 'active_quad': 'quad_0', 'active_pumps': [], 'vial_window': [], 'xArm': {'warning_code': 0, 'error_code': 0, 'arm_state': None, 'connected': False}, 'OctoPrint': {'octoprint_0': {'connection_status': True}}, 'prime_status': {'influx': False, 'efflux': False}}}

2024-11-15 19:47:05 - robotic_functions - [WARNING] - robotics not in idle mode, cannot start dilutions

2024-11-15 19:47:05 - evolver - [INFO] - running routine number: 23

2024-11-15 19:47:05 - robotic_functions - [INFO] - requesting robotics status

2024-11-15 19:47:05 - robotic_functions - [INFO] - {'type': 'robotics', 'data': {'mode': 'emergency_stop', 'active_quad': 'quad_0', 'active_pumps': [], 'vial_window': [], 'xArm': {'warning_code': 0, 'error_code': 0, 'arm_state': None, 'connected': False}, 'OctoPrint': {'octoprint_0': {'connection_status': True}}, 'prime_status': {'influx': False, 'efflux': False}}}

2024-11-15 19:47:05 - robotic_functions - [WARNING] - robotics not in idle mode, cannot start dilutions

2024-11-15 19:47:05 - evolver - [INFO] - running routine number: 24

2024-11-15 19:47:05 - robotic_functions - [INFO] - requesting robotics status

2024-11-15 19:47:05 - robotic_functions - [INFO] - {'type': 'robotics', 'data': {'mode': 'emergency_stop', 'active_quad': 'quad_0', 'active_pumps': [], 'vial_window': [], 'xArm': {'warning_code': 0, 'error_code': 0, 'arm_state': None, 'connected': False}, 'OctoPrint': {'octoprint_0': {'connection_status': True}}, 'prime_status': {'influx': False, 'efflux': False}}}

2024-11-15 19:47:05 - robotic_functions - [WARNING] - robotics not in idle mode, cannot start dilutions

2024-11-15 19:47:05 - evolver - [INFO] - running routine number: 25

2024-11-15 19:47:05 - robotic_functions - [INFO] - requesting robotics status

2024-11-15 19:47:05 - robotic_functions - [INFO] - {'type': 'robotics', 'data': {'mode': 'emergency_stop', 'active_quad': 'quad_0', 'active_pumps': [], 'vial_window': [], 'xArm': {'warning_code': 0, 'error_code': 0, 'arm_state': None, 'connected': False}, 'OctoPrint': {'octoprint_0': {'connection_status': True}}, 'prime_status': {'influx': False, 'efflux': False}}}

2024-11-15 19:47:05 - robotic_functions - [WARNING] - robotics not in idle mode, cannot start dilutions

2024-11-15 19:47:05 - evolver - [INFO] - running routine number: 26

2024-11-15 19:47:05 - robotic_functions - [INFO] - requesting robotics status

2024-11-15 19:47:05 - robotic_functions - [INFO] - {'type': 'robotics', 'data': {'mode': 'emergency_stop', 'active_quad': 'quad_0', 'active_pumps': [], 'vial_window': [], 'xArm': {'warning_code': 0, 'error_code': 0, 'arm_state': None, 'connected': False}, 'OctoPrint': {'octoprint_0': {'connection_status': True}}, 'prime_status': {'influx': False, 'efflux': False}}}

2024-11-15 19:47:05 - robotic_functions - [WARNING] - robotics not in idle mode, cannot start dilutions

2024-11-15 19:47:05 - evolver - [INFO] - running routine number: 27

2024-11-15 19:47:05 - robotic_functions - [INFO] - requesting robotics status

2024-11-15 19:47:05 - robotic_functions - [INFO] - {'type': 'robotics', 'data': {'mode': 'emergency_stop', 'active_quad': 'quad_0', 'active_pumps': [], 'vial_window': [], 'xArm': {'warning_code': 0, 'error_code': 0, 'arm_state': None, 'connected': False}, 'OctoPrint': {'octoprint_0': {'connection_status': True}}, 'prime_status': {'influx': False, 'efflux': False}}}

2024-11-15 19:47:05 - robotic_functions - [WARNING] - robotics not in idle mode, cannot start dilutions

2024-11-15 19:47:05 - evolver - [INFO] - running routine number: 28

2024-11-15 19:47:05 - robotic_functions - [INFO] - requesting robotics status

2024-11-15 19:47:05 - robotic_functions - [INFO] - {'type': 'robotics', 'data': {'mode': 'emergency_stop', 'active_quad': 'quad_0', 'active_pumps': [], 'vial_window': [], 'xArm': {'warning_code': 0, 'error_code': 0, 'arm_state': None, 'connected': False}, 'OctoPrint': {'octoprint_0': {'connection_status': True}}, 'prime_status': {'influx': False, 'efflux': False}}}

2024-11-15 19:47:06 - robotic_functions - [WARNING] - robotics not in idle mode, cannot start dilutions

2024-11-15 19:47:06 - evolver - [INFO] - running routine number: 29

2024-11-15 19:47:06 - robotic_functions - [INFO] - requesting robotics status

2024-11-15 19:47:06 - robotic_functions - [INFO] - {'type': 'robotics', 'data': {'mode': 'emergency_stop', 'active_quad': 'quad_0', 'active_pumps': [], 'vial_window': [], 'xArm': {'warning_code': 0, 'error_code': 0, 'arm_state': None, 'connected': False}, 'OctoPrint': {'octoprint_0': {'connection_status': True}}, 'prime_status': {'influx': False, 'efflux': False}}}

2024-11-15 19:47:06 - robotic_functions - [WARNING] - robotics not in idle mode, cannot start dilutions

2024-11-15 19:47:06 - evolver - [INFO] - running routine number: 30

2024-11-15 19:47:06 - robotic_functions - [INFO] - requesting robotics status

2024-11-15 19:47:06 - robotic_functions - [INFO] - {'type': 'robotics', 'data': {'mode': 'emergency_stop', 'active_quad': 'quad_0', 'active_pumps': [], 'vial_window': [], 'xArm': {'warning_code': 0, 'error_code': 0, 'arm_state': None, 'connected': False}, 'OctoPrint': {'octoprint_0': {'connection_status': True}}, 'prime_status': {'influx': False, 'efflux': False}}}

2024-11-15 19:47:06 - robotic_functions - [WARNING] - robotics not in idle mode, cannot start dilutions

2024-11-15 19:47:06 - evolver - [INFO] - running routine number: 31

2024-11-15 19:47:06 - robotic_functions - [INFO] - requesting robotics status

2024-11-15 19:47:06 - robotic_functions - [INFO] - {'type': 'robotics', 'data': {'mode': 'emergency_stop', 'active_quad': 'quad_0', 'active_pumps': [], 'vial_window': [], 'xArm': {'warning_code': 0, 'error_code': 0, 'arm_state': None, 'connected': False}, 'OctoPrint': {'octoprint_0': {'connection_status': True}}, 'prime_status': {'influx': False, 'efflux': False}}}

2024-11-15 19:47:06 - robotic_functions - [WARNING] - robotics not in idle mode, cannot start dilutions

2024-11-15 19:47:06 - evolver - [INFO] - running routine number: 32

2024-11-15 19:47:06 - robotic_functions - [INFO] - requesting robotics status

2024-11-15 19:47:06 - robotic_functions - [INFO] - {'type': 'robotics', 'data': {'mode': 'emergency_stop', 'active_quad': 'quad_0', 'active_pumps': [], 'vial_window': [], 'xArm': {'warning_code': 0, 'error_code': 0, 'arm_state': None, 'connected': False}, 'OctoPrint': {'octoprint_0': {'connection_status': True}}, 'prime_status': {'influx': False, 'efflux': False}}}

2024-11-15 19:47:06 - robotic_functions - [WARNING] - robotics not in idle mode, cannot start dilutions

2024-11-15 19:47:06 - evolver - [INFO] - running routine number: 33

2024-11-15 19:47:06 - robotic_functions - [INFO] - requesting robotics status

2024-11-15 19:47:06 - robotic_functions - [INFO] - {'type': 'robotics', 'data': {'mode': 'emergency_stop', 'active_quad': 'quad_0', 'active_pumps': [], 'vial_window': [], 'xArm': {'warning_code': 0, 'error_code': 0, 'arm_state': None, 'connected': False}, 'OctoPrint': {'octoprint_0': {'connection_status': True}}, 'prime_status': {'influx': False, 'efflux': False}}}

2024-11-15 19:47:06 - robotic_functions - [WARNING] - robotics not in idle mode, cannot start dilutions

2024-11-15 19:47:06 - evolver - [INFO] - running routine number: 34

2024-11-15 19:47:06 - robotic_functions - [INFO] - requesting robotics status

2024-11-15 19:47:06 - robotic_functions - [INFO] - {'type': 'robotics', 'data': {'mode': 'emergency_stop', 'active_quad': 'quad_0', 'active_pumps': [], 'vial_window': [], 'xArm': {'warning_code': 0, 'error_code': 0, 'arm_state': None, 'connected': False}, 'OctoPrint': {'octoprint_0': {'connection_status': True}}, 'prime_status': {'influx': False, 'efflux': False}}}

2024-11-15 19:47:06 - robotic_functions - [WARNING] - robotics not in idle mode, cannot start dilutions

2024-11-15 19:47:06 - evolver - [INFO] - running routine number: 35

2024-11-15 19:47:06 - robotic_functions - [INFO] - requesting robotics status

2024-11-15 19:47:06 - robotic_functions - [INFO] - {'type': 'robotics', 'data': {'mode': 'emergency_stop', 'active_quad': 'quad_0', 'active_pumps': [], 'vial_window': [], 'xArm': {'warning_code': 0, 'error_code': 0, 'arm_state': None, 'connected': False}, 'OctoPrint': {'octoprint_0': {'connection_status': True}}, 'prime_status': {'influx': False, 'efflux': False}}}

2024-11-15 19:47:06 - robotic_functions - [WARNING] - robotics not in idle mode, cannot start dilutions

2024-11-15 19:47:06 - evolver - [INFO] - running routine number: 36

2024-11-15 19:47:06 - robotic_functions - [INFO] - requesting robotics status

2024-11-15 19:47:06 - robotic_functions - [INFO] - {'type': 'robotics', 'data': {'mode': 'emergency_stop', 'active_quad': 'quad_0', 'active_pumps': [], 'vial_window': [], 'xArm': {'warning_code': 0, 'error_code': 0, 'arm_state': None, 'connected': False}, 'OctoPrint': {'octoprint_0': {'connection_status': True}}, 'prime_status': {'influx': False, 'efflux': False}}}

2024-11-15 19:47:06 - robotic_functions - [WARNING] - robotics not in idle mode, cannot start dilutions

2024-11-15 19:47:06 - evolver - [INFO] - running routine number: 37

2024-11-15 19:47:06 - robotic_functions - [INFO] - requesting robotics status

2024-11-15 19:47:06 - robotic_functions - [INFO] - {'type': 'robotics', 'data': {'mode': 'emergency_stop', 'active_quad': 'quad_0', 'active_pumps': [], 'vial_window': [], 'xArm': {'warning_code': 0, 'error_code': 0, 'arm_state': None, 'connected': False}, 'OctoPrint': {'octoprint_0': {'connection_status': True}}, 'prime_status': {'influx': False, 'efflux': False}}}

2024-11-15 19:47:06 - robotic_functions - [WARNING] - robotics not in idle mode, cannot start dilutions

2024-11-15 19:47:06 - evolver - [INFO] - running routine number: 38

2024-11-15 19:47:06 - robotic_functions - [INFO] - requesting robotics status

2024-11-15 19:47:07 - robotic_functions - [INFO] - {'type': 'robotics', 'data': {'mode': 'emergency_stop', 'active_quad': 'quad_0', 'active_pumps': [], 'vial_window': [], 'xArm': {'warning_code': 0, 'error_code': 0, 'arm_state': None, 'connected': False}, 'OctoPrint': {'octoprint_0': {'connection_status': True}}, 'prime_status': {'influx': False, 'efflux': False}}}

2024-11-15 19:47:07 - robotic_functions - [WARNING] - robotics not in idle mode, cannot start dilutions

2024-11-15 19:47:07 - evolver - [INFO] - running routine number: 39

2024-11-15 19:47:07 - robotic_functions - [INFO] - requesting robotics status

2024-11-15 19:47:07 - robotic_functions - [INFO] - {'type': 'robotics', 'data': {'mode': 'emergency_stop', 'active_quad': 'quad_0', 'active_pumps': [], 'vial_window': [], 'xArm': {'warning_code': 0, 'error_code': 0, 'arm_state': None, 'connected': False}, 'OctoPrint': {'octoprint_0': {'connection_status': True}}, 'prime_status': {'influx': False, 'efflux': False}}}

2024-11-15 19:47:07 - robotic_functions - [WARNING] - robotics not in idle mode, cannot start dilutions

2024-11-15 19:47:07 - evolver - [INFO] - running routine number: 40

2024-11-15 19:47:07 - robotic_functions - [INFO] - requesting robotics status

2024-11-15 19:47:07 - robotic_functions - [INFO] - {'type': 'robotics', 'data': {'mode': 'emergency_stop', 'active_quad': 'quad_0', 'active_pumps': [], 'vial_window': [], 'xArm': {'warning_code': 0, 'error_code': 0, 'arm_state': None, 'connected': False}, 'OctoPrint': {'octoprint_0': {'connection_status': True}}, 'prime_status': {'influx': False, 'efflux': False}}}

2024-11-15 19:47:07 - robotic_functions - [WARNING] - robotics not in idle mode, cannot start dilutions

2024-11-15 19:47:07 - evolver - [INFO] - running routine number: 41

2024-11-15 19:47:07 - robotic_functions - [INFO] - requesting robotics status

2024-11-15 19:47:07 - robotic_functions - [INFO] - {'type': 'robotics', 'data': {'mode': 'emergency_stop', 'active_quad': 'quad_0', 'active_pumps': [], 'vial_window': [], 'xArm': {'warning_code': 0, 'error_code': 0, 'arm_state': None, 'connected': False}, 'OctoPrint': {'octoprint_0': {'connection_status': True}}, 'prime_status': {'influx': False, 'efflux': False}}}

2024-11-15 19:47:07 - robotic_functions - [WARNING] - robotics not in idle mode, cannot start dilutions

2024-11-15 19:47:07 - evolver - [INFO] - running routine number: 42

2024-11-15 19:47:07 - robotic_functions - [INFO] - requesting robotics status

2024-11-15 19:47:07 - robotic_functions - [INFO] - {'type': 'robotics', 'data': {'mode': 'emergency_stop', 'active_quad': 'quad_0', 'active_pumps': [], 'vial_window': [], 'xArm': {'warning_code': 0, 'error_code': 0, 'arm_state': None, 'connected': False}, 'OctoPrint': {'octoprint_0': {'connection_status': True}}, 'prime_status': {'influx': False, 'efflux': False}}}

2024-11-15 19:47:07 - robotic_functions - [WARNING] - robotics not in idle mode, cannot start dilutions

2024-11-15 19:47:07 - evolver - [INFO] - running routine number: 43

2024-11-15 19:47:07 - robotic_functions - [INFO] - requesting robotics status

2024-11-15 19:47:07 - robotic_functions - [INFO] - {'type': 'robotics', 'data': {'mode': 'emergency_stop', 'active_quad': 'quad_0', 'active_pumps': [], 'vial_window': [], 'xArm': {'warning_code': 0, 'error_code': 0, 'arm_state': None, 'connected': False}, 'OctoPrint': {'octoprint_0': {'connection_status': True}}, 'prime_status': {'influx': False, 'efflux': False}}}

2024-11-15 19:47:07 - robotic_functions - [WARNING] - robotics not in idle mode, cannot start dilutions

2024-11-15 19:47:07 - evolver - [INFO] - running routine number: 44

2024-11-15 19:47:07 - robotic_functions - [INFO] - requesting robotics status

2024-11-15 19:47:07 - robotic_functions - [INFO] - {'type': 'robotics', 'data': {'mode': 'emergency_stop', 'active_quad': 'quad_0', 'active_pumps': [], 'vial_window': [], 'xArm': {'warning_code': 0, 'error_code': 0, 'arm_state': None, 'connected': False}, 'OctoPrint': {'octoprint_0': {'connection_status': True}}, 'prime_status': {'influx': False, 'efflux': False}}}

2024-11-15 19:47:07 - robotic_functions - [WARNING] - robotics not in idle mode, cannot start dilutions

2024-11-15 19:47:07 - evolver - [INFO] - running routine number: 45

2024-11-15 19:47:07 - robotic_functions - [INFO] - requesting robotics status

2024-11-15 19:47:07 - robotic_functions - [INFO] - {'type': 'robotics', 'data': {'mode': 'emergency_stop', 'active_quad': 'quad_0', 'active_pumps': [], 'vial_window': [], 'xArm': {'warning_code': 0, 'error_code': 0, 'arm_state': None, 'connected': False}, 'OctoPrint': {'octoprint_0': {'connection_status': True}}, 'prime_status': {'influx': False, 'efflux': False}}}

2024-11-15 19:47:07 - robotic_functions - [WARNING] - robotics not in idle mode, cannot start dilutions

2024-11-15 19:47:07 - evolver - [INFO] - running routine number: 46

2024-11-15 19:47:07 - robotic_functions - [INFO] - requesting robotics status

2024-11-15 19:47:07 - robotic_functions - [INFO] - {'type': 'robotics', 'data': {'mode': 'emergency_stop', 'active_quad': 'quad_0', 'active_pumps': [], 'vial_window': [], 'xArm': {'warning_code': 0, 'error_code': 0, 'arm_state': None, 'connected': False}, 'OctoPrint': {'octoprint_0': {'connection_status': True}}, 'prime_status': {'influx': False, 'efflux': False}}}

2024-11-15 19:47:07 - robotic_functions - [WARNING] - robotics not in idle mode, cannot start dilutions

2024-11-15 19:47:07 - evolver - [INFO] - running routine number: 47

2024-11-15 19:47:07 - robotic_functions - [INFO] - requesting robotics status

2024-11-15 19:47:07 - robotic_functions - [INFO] - {'type': 'robotics', 'data': {'mode': 'emergency_stop', 'active_quad': 'quad_0', 'active_pumps': [], 'vial_window': [], 'xArm': {'warning_code': 0, 'error_code': 0, 'arm_state': None, 'connected': False}, 'OctoPrint': {'octoprint_0': {'connection_status': True}}, 'prime_status': {'influx': False, 'efflux': False}}}

2024-11-15 19:47:08 - robotic_functions - [WARNING] - robotics not in idle mode, cannot start dilutions

2024-11-15 19:47:08 - evolver - [INFO] - running routine number: 48

2024-11-15 19:47:08 - robotic_functions - [INFO] - requesting robotics status

2024-11-15 19:47:08 - robotic_functions - [INFO] - {'type': 'robotics', 'data': {'mode': 'emergency_stop', 'active_quad': 'quad_0', 'active_pumps': [], 'vial_window': [], 'xArm': {'warning_code': 0, 'error_code': 0, 'arm_state': None, 'connected': False}, 'OctoPrint': {'octoprint_0': {'connection_status': True}}, 'prime_status': {'influx': False, 'efflux': False}}}

2024-11-15 19:47:08 - robotic_functions - [WARNING] - robotics not in idle mode, cannot start dilutions

2024-11-15 19:47:08 - evolver - [INFO] - running routine number: 49

2024-11-15 19:47:08 - robotic_functions - [INFO] - requesting robotics status

2024-11-15 19:47:08 - robotic_functions - [INFO] - {'type': 'robotics', 'data': {'mode': 'emergency_stop', 'active_quad': 'quad_0', 'active_pumps': [], 'vial_window': [], 'xArm': {'warning_code': 0, 'error_code': 0, 'arm_state': None, 'connected': False}, 'OctoPrint': {'octoprint_0': {'connection_status': True}}, 'prime_status': {'influx': False, 'efflux': False}}}

2024-11-15 19:47:08 - robotic_functions - [WARNING] - robotics not in idle mode, cannot start dilutions

2024-11-15 19:47:08 - evolver - [INFO] - running routine number: 50

2024-11-15 19:47:08 - robotic_functions - [INFO] - requesting robotics status

2024-11-15 19:47:08 - robotic_functions - [INFO] - {'type': 'robotics', 'data': {'mode': 'emergency_stop', 'active_quad': 'quad_0', 'active_pumps': [], 'vial_window': [], 'xArm': {'warning_code': 0, 'error_code': 0, 'arm_state': None, 'connected': False}, 'OctoPrint': {'octoprint_0': {'connection_status': True}}, 'prime_status': {'influx': False, 'efflux': False}}}

2024-11-15 19:47:08 - robotic_functions - [WARNING] - robotics not in idle mode, cannot start dilutions

2024-11-15 19:47:08 - evolver - [INFO] - running routine number: 51

2024-11-15 19:47:08 - robotic_functions - [INFO] - requesting robotics status

2024-11-15 19:47:08 - robotic_functions - [INFO] - {'type': 'robotics', 'data': {'mode': 'emergency_stop', 'active_quad': 'quad_0', 'active_pumps': [], 'vial_window': [], 'xArm': {'warning_code': 0, 'error_code': 0, 'arm_state': None, 'connected': False}, 'OctoPrint': {'octoprint_0': {'connection_status': True}}, 'prime_status': {'influx': False, 'efflux': False}}}

2024-11-15 19:47:08 - robotic_functions - [WARNING] - robotics not in idle mode, cannot start dilutions

2024-11-15 19:47:08 - evolver - [INFO] - running routine number: 52

2024-11-15 19:47:08 - robotic_functions - [INFO] - requesting robotics status

2024-11-15 19:47:08 - robotic_functions - [INFO] - {'type': 'robotics', 'data': {'mode': 'emergency_stop', 'active_quad': 'quad_0', 'active_pumps': [], 'vial_window': [], 'xArm': {'warning_code': 0, 'error_code': 0, 'arm_state': None, 'connected': False}, 'OctoPrint': {'octoprint_0': {'connection_status': True}}, 'prime_status': {'influx': False, 'efflux': False}}}

2024-11-15 19:47:08 - robotic_functions - [WARNING] - robotics not in idle mode, cannot start dilutions

2024-11-15 19:47:08 - evolver - [INFO] - running routine number: 53

2024-11-15 19:47:08 - robotic_functions - [INFO] - requesting robotics status

2024-11-15 19:47:08 - robotic_functions - [INFO] - {'type': 'robotics', 'data': {'mode': 'emergency_stop', 'active_quad': 'quad_0', 'active_pumps': [], 'vial_window': [], 'xArm': {'warning_code': 0, 'error_code': 0, 'arm_state': None, 'connected': False}, 'OctoPrint': {'octoprint_0': {'connection_status': True}}, 'prime_status': {'influx': False, 'efflux': False}}}

2024-11-15 19:47:08 - robotic_functions - [WARNING] - robotics not in idle mode, cannot start dilutions

2024-11-15 19:47:08 - evolver - [INFO] - running routine number: 54

2024-11-15 19:47:08 - robotic_functions - [INFO] - requesting robotics status

2024-11-15 19:47:08 - robotic_functions - [INFO] - {'type': 'robotics', 'data': {'mode': 'emergency_stop', 'active_quad': 'quad_0', 'active_pumps': [], 'vial_window': [], 'xArm': {'warning_code': 0, 'error_code': 0, 'arm_state': None, 'connected': False}, 'OctoPrint': {'octoprint_0': {'connection_status': True}}, 'prime_status': {'influx': False, 'efflux': False}}}

2024-11-15 19:47:08 - robotic_functions - [WARNING] - robotics not in idle mode, cannot start dilutions

2024-11-15 19:47:08 - evolver - [INFO] - running routine number: 55

2024-11-15 19:47:08 - robotic_functions - [INFO] - requesting robotics status

2024-11-15 19:47:08 - robotic_functions - [INFO] - {'type': 'robotics', 'data': {'mode': 'emergency_stop', 'active_quad': 'quad_0', 'active_pumps': [], 'vial_window': [], 'xArm': {'warning_code': 0, 'error_code': 0, 'arm_state': None, 'connected': False}, 'OctoPrint': {'octoprint_0': {'connection_status': True}}, 'prime_status': {'influx': False, 'efflux': False}}}

2024-11-15 19:47:08 - robotic_functions - [WARNING] - robotics not in idle mode, cannot start dilutions

2024-11-15 19:47:08 - evolver - [INFO] - running routine number: 56

2024-11-15 19:47:08 - robotic_functions - [INFO] - requesting robotics status

2024-11-15 19:47:08 - robotic_functions - [INFO] - {'type': 'robotics', 'data': {'mode': 'emergency_stop', 'active_quad': 'quad_0', 'active_pumps': [], 'vial_window': [], 'xArm': {'warning_code': 0, 'error_code': 0, 'arm_state': None, 'connected': False}, 'OctoPrint': {'octoprint_0': {'connection_status': True}}, 'prime_status': {'influx': False, 'efflux': False}}}

2024-11-15 19:47:08 - robotic_functions - [WARNING] - robotics not in idle mode, cannot start dilutions

2024-11-15 19:47:08 - evolver - [INFO] - running routine number: 57

2024-11-15 19:47:08 - robotic_functions - [INFO] - requesting robotics status

2024-11-15 19:47:09 - robotic_functions - [INFO] - {'type': 'robotics', 'data': {'mode': 'emergency_stop', 'active_quad': 'quad_0', 'active_pumps': [], 'vial_window': [], 'xArm': {'warning_code': 0, 'error_code': 0, 'arm_state': None, 'connected': False}, 'OctoPrint': {'octoprint_0': {'connection_status': True}}, 'prime_status': {'influx': False, 'efflux': False}}}

2024-11-15 19:47:09 - robotic_functions - [WARNING] - robotics not in idle mode, cannot start dilutions

2024-11-15 19:47:09 - evolver - [INFO] - running routine number: 58

2024-11-15 19:47:09 - robotic_functions - [INFO] - requesting robotics status

2024-11-15 19:47:09 - robotic_functions - [INFO] - {'type': 'robotics', 'data': {'mode': 'emergency_stop', 'active_quad': 'quad_0', 'active_pumps': [], 'vial_window': [], 'xArm': {'warning_code': 0, 'error_code': 0, 'arm_state': None, 'connected': False}, 'OctoPrint': {'octoprint_0': {'connection_status': True}}, 'prime_status': {'influx': False, 'efflux': False}}}

2024-11-15 19:47:09 - robotic_functions - [WARNING] - robotics not in idle mode, cannot start dilutions

2024-11-15 19:47:09 - evolver - [INFO] - running routine number: 59

2024-11-15 19:47:09 - robotic_functions - [INFO] - requesting robotics status

2024-11-15 19:47:09 - robotic_functions - [INFO] - {'type': 'robotics', 'data': {'mode': 'emergency_stop', 'active_quad': 'quad_0', 'active_pumps': [], 'vial_window': [], 'xArm': {'warning_code': 0, 'error_code': 0, 'arm_state': None, 'connected': False}, 'OctoPrint': {'octoprint_0': {'connection_status': True}}, 'prime_status': {'influx': False, 'efflux': False}}}

2024-11-15 19:47:09 - robotic_functions - [WARNING] - robotics not in idle mode, cannot start dilutions

2024-11-15 19:47:09 - evolver - [INFO] - running routine number: 60

2024-11-15 19:47:09 - robotic_functions - [INFO] - requesting robotics status

2024-11-15 19:47:09 - robotic_functions - [INFO] - {'type': 'robotics', 'data': {'mode': 'emergency_stop', 'active_quad': 'quad_0', 'active_pumps': [], 'vial_window': [], 'xArm': {'warning_code': 0, 'error_code': 0, 'arm_state': None, 'connected': False}, 'OctoPrint': {'octoprint_0': {'connection_status': True}}, 'prime_status': {'influx': False, 'efflux': False}}}

2024-11-15 19:47:09 - robotic_functions - [WARNING] - robotics not in idle mode, cannot start dilutions

2024-11-15 19:47:09 - evolver - [INFO] - running routine number: 61

2024-11-15 19:47:09 - robotic_functions - [INFO] - requesting robotics status

2024-11-15 19:47:09 - robotic_functions - [INFO] - {'type': 'robotics', 'data': {'mode': 'emergency_stop', 'active_quad': 'quad_0', 'active_pumps': [], 'vial_window': [], 'xArm': {'warning_code': 0, 'error_code': 0, 'arm_state': None, 'connected': False}, 'OctoPrint': {'octoprint_0': {'connection_status': True}}, 'prime_status': {'influx': False, 'efflux': False}}}

2024-11-15 19:47:09 - robotic_functions - [WARNING] - robotics not in idle mode, cannot start dilutions

2024-11-15 19:47:09 - evolver - [INFO] - running routine number: 62

2024-11-15 19:47:09 - robotic_functions - [INFO] - requesting robotics status

2024-11-15 19:47:09 - robotic_functions - [INFO] - {'type': 'robotics', 'data': {'mode': 'emergency_stop', 'active_quad': 'quad_0', 'active_pumps': [], 'vial_window': [], 'xArm': {'warning_code': 0, 'error_code': 0, 'arm_state': None, 'connected': False}, 'OctoPrint': {'octoprint_0': {'connection_status': True}}, 'prime_status': {'influx': False, 'efflux': False}}}

2024-11-15 19:47:09 - robotic_functions - [WARNING] - robotics not in idle mode, cannot start dilutions

2024-11-15 19:47:09 - evolver - [INFO] - running routine number: 63

2024-11-15 19:47:09 - robotic_functions - [INFO] - requesting robotics status

2024-11-15 19:47:09 - robotic_functions - [INFO] - {'type': 'robotics', 'data': {'mode': 'emergency_stop', 'active_quad': 'quad_0', 'active_pumps': [], 'vial_window': [], 'xArm': {'warning_code': 0, 'error_code': 0, 'arm_state': None, 'connected': False}, 'OctoPrint': {'octoprint_0': {'connection_status': True}}, 'prime_status': {'influx': False, 'efflux': False}}}

2024-11-15 19:47:09 - robotic_functions - [WARNING] - robotics not in idle mode, cannot start dilutions

2024-11-15 19:47:09 - evolver - [INFO] - running routine number: 64

2024-11-15 19:47:09 - robotic_functions - [INFO] - requesting robotics status

2024-11-15 19:47:09 - robotic_functions - [INFO] - {'type': 'robotics', 'data': {'mode': 'emergency_stop', 'active_quad': 'quad_0', 'active_pumps': [], 'vial_window': [], 'xArm': {'warning_code': 0, 'error_code': 0, 'arm_state': None, 'connected': False}, 'OctoPrint': {'octoprint_0': {'connection_status': True}}, 'prime_status': {'influx': False, 'efflux': False}}}

2024-11-15 19:47:09 - robotic_functions - [WARNING] - robotics not in idle mode, cannot start dilutions

2024-11-15 19:47:09 - evolver - [INFO] - running routine number: 65

2024-11-15 19:47:09 - robotic_functions - [INFO] - requesting robotics status

2024-11-15 19:47:09 - robotic_functions - [INFO] - {'type': 'robotics', 'data': {'mode': 'emergency_stop', 'active_quad': 'quad_0', 'active_pumps': [], 'vial_window': [], 'xArm': {'warning_code': 0, 'error_code': 0, 'arm_state': None, 'connected': False}, 'OctoPrint': {'octoprint_0': {'connection_status': True}}, 'prime_status': {'influx': False, 'efflux': False}}}

2024-11-15 19:47:09 - robotic_functions - [WARNING] - robotics not in idle mode, cannot start dilutions

2024-11-15 19:47:09 - evolver - [INFO] - running routine number: 66

2024-11-15 19:47:09 - robotic_functions - [INFO] - requesting robotics status

2024-11-15 19:47:09 - robotic_functions - [INFO] - {'type': 'robotics', 'data': {'mode': 'emergency_stop', 'active_quad': 'quad_0', 'active_pumps': [], 'vial_window': [], 'xArm': {'warning_code': 0, 'error_code': 0, 'arm_state': None, 'connected': False}, 'OctoPrint': {'octoprint_0': {'connection_status': True}}, 'prime_status': {'influx': False, 'efflux': False}}}

2024-11-15 19:47:10 - robotic_functions - [WARNING] - robotics not in idle mode, cannot start dilutions

2024-11-15 19:47:10 - evolver - [INFO] - running routine number: 67

2024-11-15 19:47:10 - robotic_functions - [INFO] - requesting robotics status

2024-11-15 19:47:10 - robotic_functions - [INFO] - {'type': 'robotics', 'data': {'mode': 'emergency_stop', 'active_quad': 'quad_0', 'active_pumps': [], 'vial_window': [], 'xArm': {'warning_code': 0, 'error_code': 0, 'arm_state': None, 'connected': False}, 'OctoPrint': {'octoprint_0': {'connection_status': True}}, 'prime_status': {'influx': False, 'efflux': False}}}

2024-11-15 19:47:10 - robotic_functions - [WARNING] - robotics not in idle mode, cannot start dilutions

2024-11-15 19:47:10 - evolver - [INFO] - running routine number: 68

2024-11-15 19:47:10 - robotic_functions - [INFO] - requesting robotics status

2024-11-15 19:47:10 - robotic_functions - [INFO] - {'type': 'robotics', 'data': {'mode': 'emergency_stop', 'active_quad': 'quad_0', 'active_pumps': [], 'vial_window': [], 'xArm': {'warning_code': 0, 'error_code': 0, 'arm_state': None, 'connected': False}, 'OctoPrint': {'octoprint_0': {'connection_status': True}}, 'prime_status': {'influx': False, 'efflux': False}}}

2024-11-15 19:47:10 - robotic_functions - [WARNING] - robotics not in idle mode, cannot start dilutions

2024-11-15 19:47:10 - evolver - [INFO] - running routine number: 69

2024-11-15 19:47:10 - robotic_functions - [INFO] - requesting robotics status

2024-11-15 19:47:10 - robotic_functions - [INFO] - {'type': 'robotics', 'data': {'mode': 'emergency_stop', 'active_quad': 'quad_0', 'active_pumps': [], 'vial_window': [], 'xArm': {'warning_code': 0, 'error_code': 0, 'arm_state': None, 'connected': False}, 'OctoPrint': {'octoprint_0': {'connection_status': True}}, 'prime_status': {'influx': False, 'efflux': False}}}

2024-11-15 19:47:10 - robotic_functions - [WARNING] - robotics not in idle mode, cannot start dilutions

2024-11-15 19:47:10 - evolver - [INFO] - running routine number: 70

2024-11-15 19:47:10 - robotic_functions - [INFO] - requesting robotics status

2024-11-15 19:47:10 - robotic_functions - [INFO] - {'type': 'robotics', 'data': {'mode': 'emergency_stop', 'active_quad': 'quad_0', 'active_pumps': [], 'vial_window': [], 'xArm': {'warning_code': 0, 'error_code': 0, 'arm_state': None, 'connected': False}, 'OctoPrint': {'octoprint_0': {'connection_status': True}}, 'prime_status': {'influx': False, 'efflux': False}}}

2024-11-15 19:47:10 - robotic_functions - [WARNING] - robotics not in idle mode, cannot start dilutions

2024-11-15 19:47:10 - evolver - [INFO] - running routine number: 71

2024-11-15 19:47:10 - robotic_functions - [INFO] - requesting robotics status

2024-11-15 19:47:10 - robotic_functions - [INFO] - {'type': 'robotics', 'data': {'mode': 'emergency_stop', 'active_quad': 'quad_0', 'active_pumps': [], 'vial_window': [], 'xArm': {'warning_code': 0, 'error_code': 0, 'arm_state': None, 'connected': False}, 'OctoPrint': {'octoprint_0': {'connection_status': True}}, 'prime_status': {'influx': False, 'efflux': False}}}

2024-11-15 19:47:10 - robotic_functions - [WARNING] - robotics not in idle mode, cannot start dilutions

2024-11-15 19:47:10 - evolver - [INFO] - running routine number: 72

2024-11-15 19:47:10 - robotic_functions - [INFO] - requesting robotics status

2024-11-15 19:47:10 - robotic_functions - [INFO] - {'type': 'robotics', 'data': {'mode': 'emergency_stop', 'active_quad': 'quad_0', 'active_pumps': [], 'vial_window': [], 'xArm': {'warning_code': 0, 'error_code': 0, 'arm_state': None, 'connected': False}, 'OctoPrint': {'octoprint_0': {'connection_status': True}}, 'prime_status': {'influx': False, 'efflux': False}}}

2024-11-15 19:47:10 - robotic_functions - [WARNING] - robotics not in idle mode, cannot start dilutions

2024-11-15 19:47:10 - evolver - [INFO] - running routine number: 73

2024-11-15 19:47:10 - robotic_functions - [INFO] - requesting robotics status

2024-11-15 19:47:10 - robotic_functions - [INFO] - {'type': 'robotics', 'data': {'mode': 'emergency_stop', 'active_quad': 'quad_0', 'active_pumps': [], 'vial_window': [], 'xArm': {'warning_code': 0, 'error_code': 0, 'arm_state': None, 'connected': False}, 'OctoPrint': {'octoprint_0': {'connection_status': True}}, 'prime_status': {'influx': False, 'efflux': False}}}

2024-11-15 19:47:10 - robotic_functions - [WARNING] - robotics not in idle mode, cannot start dilutions

2024-11-15 19:47:10 - evolver - [INFO] - running routine number: 74

2024-11-15 19:47:10 - robotic_functions - [INFO] - requesting robotics status

2024-11-15 19:47:10 - robotic_functions - [INFO] - {'type': 'robotics', 'data': {'mode': 'emergency_stop', 'active_quad': 'quad_0', 'active_pumps': [], 'vial_window': [], 'xArm': {'warning_code': 0, 'error_code': 0, 'arm_state': None, 'connected': False}, 'OctoPrint': {'octoprint_0': {'connection_status': True}}, 'prime_status': {'influx': False, 'efflux': False}}}

2024-11-15 19:47:10 - robotic_functions - [WARNING] - robotics not in idle mode, cannot start dilutions

2024-11-15 19:47:10 - evolver - [INFO] - running routine number: 75

2024-11-15 19:47:10 - robotic_functions - [INFO] - requesting robotics status

2024-11-15 19:47:10 - robotic_functions - [INFO] - {'type': 'robotics', 'data': {'mode': 'emergency_stop', 'active_quad': 'quad_0', 'active_pumps': [], 'vial_window': [], 'xArm': {'warning_code': 0, 'error_code': 0, 'arm_state': None, 'connected': False}, 'OctoPrint': {'octoprint_0': {'connection_status': True}}, 'prime_status': {'influx': False, 'efflux': False}}}

2024-11-15 19:47:10 - robotic_functions - [WARNING] - robotics not in idle mode, cannot start dilutions

2024-11-15 19:47:10 - evolver - [INFO] - running routine number: 76

2024-11-15 19:47:10 - robotic_functions - [INFO] - requesting robotics status

2024-11-15 19:47:10 - robotic_functions - [INFO] - {'type': 'robotics', 'data': {'mode': 'emergency_stop', 'active_quad': 'quad_0', 'active_pumps': [], 'vial_window': [], 'xArm': {'warning_code': 0, 'error_code': 0, 'arm_state': None, 'connected': False}, 'OctoPrint': {'octoprint_0': {'connection_status': True}}, 'prime_status': {'influx': False, 'efflux': False}}}

2024-11-15 19:47:11 - robotic_functions - [WARNING] - robotics not in idle mode, cannot start dilutions

2024-11-15 19:47:11 - evolver - [INFO] - running routine number: 77

2024-11-15 19:47:11 - robotic_functions - [INFO] - requesting robotics status

2024-11-15 19:47:11 - robotic_functions - [INFO] - {'type': 'robotics', 'data': {'mode': 'emergency_stop', 'active_quad': 'quad_0', 'active_pumps': [], 'vial_window': [], 'xArm': {'warning_code': 0, 'error_code': 0, 'arm_state': None, 'connected': False}, 'OctoPrint': {'octoprint_0': {'connection_status': True}}, 'prime_status': {'influx': False, 'efflux': False}}}

2024-11-15 19:47:11 - robotic_functions - [WARNING] - robotics not in idle mode, cannot start dilutions

2024-11-15 19:47:11 - evolver - [INFO] - running routine number: 78

2024-11-15 19:47:11 - robotic_functions - [INFO] - requesting robotics status

2024-11-15 19:47:11 - robotic_functions - [INFO] - {'type': 'robotics', 'data': {'mode': 'emergency_stop', 'active_quad': 'quad_0', 'active_pumps': [], 'vial_window': [], 'xArm': {'warning_code': 0, 'error_code': 0, 'arm_state': None, 'connected': False}, 'OctoPrint': {'octoprint_0': {'connection_status': True}}, 'prime_status': {'influx': False, 'efflux': False}}}

2024-11-15 19:47:11 - robotic_functions - [WARNING] - robotics not in idle mode, cannot start dilutions

2024-11-15 19:47:11 - evolver - [INFO] - running routine number: 79

2024-11-15 19:47:11 - robotic_functions - [INFO] - requesting robotics status

2024-11-15 19:47:11 - robotic_functions - [INFO] - {'type': 'robotics', 'data': {'mode': 'emergency_stop', 'active_quad': 'quad_0', 'active_pumps': [], 'vial_window': [], 'xArm': {'warning_code': 0, 'error_code': 0, 'arm_state': None, 'connected': False}, 'OctoPrint': {'octoprint_0': {'connection_status': True}}, 'prime_status': {'influx': False, 'efflux': False}}}

2024-11-15 19:47:11 - robotic_functions - [WARNING] - robotics not in idle mode, cannot start dilutions

2024-11-15 19:47:11 - evolver - [INFO] - running routine number: 80

2024-11-15 19:47:11 - robotic_functions - [INFO] - requesting robotics status

2024-11-15 19:47:11 - robotic_functions - [INFO] - {'type': 'robotics', 'data': {'mode': 'emergency_stop', 'active_quad': 'quad_0', 'active_pumps': [], 'vial_window': [], 'xArm': {'warning_code': 0, 'error_code': 0, 'arm_state': None, 'connected': False}, 'OctoPrint': {'octoprint_0': {'connection_status': True}}, 'prime_status': {'influx': False, 'efflux': False}}}

2024-11-15 19:47:11 - robotic_functions - [WARNING] - robotics not in idle mode, cannot start dilutions

2024-11-15 19:47:11 - evolver - [INFO] - running routine number: 81

2024-11-15 19:47:11 - robotic_functions - [INFO] - requesting robotics status

2024-11-15 19:47:11 - robotic_functions - [INFO] - {'type': 'robotics', 'data': {'mode': 'emergency_stop', 'active_quad': 'quad_0', 'active_pumps': [], 'vial_window': [], 'xArm': {'warning_code': 0, 'error_code': 0, 'arm_state': None, 'connected': False}, 'OctoPrint': {'octoprint_0': {'connection_status': True}}, 'prime_status': {'influx': False, 'efflux': False}}}

2024-11-15 19:47:11 - robotic_functions - [WARNING] - robotics not in idle mode, cannot start dilutions

2024-11-15 19:47:11 - evolver - [INFO] - running routine number: 82

2024-11-15 19:47:11 - robotic_functions - [INFO] - requesting robotics status

2024-11-15 19:47:11 - robotic_functions - [INFO] - {'type': 'robotics', 'data': {'mode': 'emergency_stop', 'active_quad': 'quad_0', 'active_pumps': [], 'vial_window': [], 'xArm': {'warning_code': 0, 'error_code': 0, 'arm_state': None, 'connected': False}, 'OctoPrint': {'octoprint_0': {'connection_status': True}}, 'prime_status': {'influx': False, 'efflux': False}}}

2024-11-15 19:47:11 - robotic_functions - [WARNING] - robotics not in idle mode, cannot start dilutions

2024-11-15 19:47:11 - evolver - [INFO] - running routine number: 83

2024-11-15 19:47:11 - robotic_functions - [INFO] - requesting robotics status

2024-11-15 19:47:11 - robotic_functions - [INFO] - {'type': 'robotics', 'data': {'mode': 'emergency_stop', 'active_quad': 'quad_0', 'active_pumps': [], 'vial_window': [], 'xArm': {'warning_code': 0, 'error_code': 0, 'arm_state': None, 'connected': False}, 'OctoPrint': {'octoprint_0': {'connection_status': True}}, 'prime_status': {'influx': False, 'efflux': False}}}

2024-11-15 19:47:11 - robotic_functions - [WARNING] - robotics not in idle mode, cannot start dilutions

2024-11-15 19:47:11 - evolver - [INFO] - running routine number: 84

2024-11-15 19:47:11 - robotic_functions - [INFO] - requesting robotics status

2024-11-15 19:47:11 - robotic_functions - [INFO] - {'type': 'robotics', 'data': {'mode': 'emergency_stop', 'active_quad': 'quad_0', 'active_pumps': [], 'vial_window': [], 'xArm': {'warning_code': 0, 'error_code': 0, 'arm_state': None, 'connected': False}, 'OctoPrint': {'octoprint_0': {'connection_status': True}}, 'prime_status': {'influx': False, 'efflux': False}}}

2024-11-15 19:47:11 - robotic_functions - [WARNING] - robotics not in idle mode, cannot start dilutions

2024-11-15 19:47:11 - evolver - [INFO] - running routine number: 85

2024-11-15 19:47:11 - robotic_functions - [INFO] - requesting robotics status

2024-11-15 19:47:11 - robotic_functions - [INFO] - {'type': 'robotics', 'data': {'mode': 'emergency_stop', 'active_quad': 'quad_0', 'active_pumps': [], 'vial_window': [], 'xArm': {'warning_code': 0, 'error_code': 0, 'arm_state': None, 'connected': False}, 'OctoPrint': {'octoprint_0': {'connection_status': True}}, 'prime_status': {'influx': False, 'efflux': False}}}

2024-11-15 19:47:11 - robotic_functions - [WARNING] - robotics not in idle mode, cannot start dilutions

2024-11-15 19:47:11 - evolver - [INFO] - running routine number: 86

2024-11-15 19:47:11 - robotic_functions - [INFO] - requesting robotics status

2024-11-15 19:47:12 - robotic_functions - [INFO] - {'type': 'robotics', 'data': {'mode': 'emergency_stop', 'active_quad': 'quad_0', 'active_pumps': [], 'vial_window': [], 'xArm': {'warning_code': 0, 'error_code': 0, 'arm_state': None, 'connected': False}, 'OctoPrint': {'octoprint_0': {'connection_status': True}}, 'prime_status': {'influx': False, 'efflux': False}}}

2024-11-15 19:47:12 - robotic_functions - [WARNING] - robotics not in idle mode, cannot start dilutions

2024-11-15 19:47:12 - evolver - [INFO] - running routine number: 87

2024-11-15 19:47:12 - robotic_functions - [INFO] - requesting robotics status

2024-11-15 19:47:12 - robotic_functions - [INFO] - {'type': 'robotics', 'data': {'mode': 'emergency_stop', 'active_quad': 'quad_0', 'active_pumps': [], 'vial_window': [], 'xArm': {'warning_code': 0, 'error_code': 0, 'arm_state': None, 'connected': False}, 'OctoPrint': {'octoprint_0': {'connection_status': True}}, 'prime_status': {'influx': False, 'efflux': False}}}

2024-11-15 19:47:12 - robotic_functions - [WARNING] - robotics not in idle mode, cannot start dilutions

2024-11-15 19:47:12 - evolver - [INFO] - running routine number: 88

2024-11-15 19:47:12 - robotic_functions - [INFO] - requesting robotics status

2024-11-15 19:47:12 - robotic_functions - [INFO] - {'type': 'robotics', 'data': {'mode': 'emergency_stop', 'active_quad': 'quad_0', 'active_pumps': [], 'vial_window': [], 'xArm': {'warning_code': 0, 'error_code': 0, 'arm_state': None, 'connected': False}, 'OctoPrint': {'octoprint_0': {'connection_status': True}}, 'prime_status': {'influx': False, 'efflux': False}}}

2024-11-15 19:47:12 - robotic_functions - [WARNING] - robotics not in idle mode, cannot start dilutions

2024-11-15 19:47:12 - evolver - [INFO] - running routine number: 89

2024-11-15 19:47:12 - robotic_functions - [INFO] - requesting robotics status

2024-11-15 19:47:12 - robotic_functions - [INFO] - {'type': 'robotics', 'data': {'mode': 'emergency_stop', 'active_quad': 'quad_0', 'active_pumps': [], 'vial_window': [], 'xArm': {'warning_code': 0, 'error_code': 0, 'arm_state': None, 'connected': False}, 'OctoPrint': {'octoprint_0': {'connection_status': True}}, 'prime_status': {'influx': False, 'efflux': False}}}

2024-11-15 19:47:12 - robotic_functions - [WARNING] - robotics not in idle mode, cannot start dilutions

2024-11-15 19:47:12 - evolver - [INFO] - running routine number: 90

2024-11-15 19:47:12 - robotic_functions - [INFO] - requesting robotics status

2024-11-15 19:47:12 - robotic_functions - [INFO] - {'type': 'robotics', 'data': {'mode': 'emergency_stop', 'active_quad': 'quad_0', 'active_pumps': [], 'vial_window': [], 'xArm': {'warning_code': 0, 'error_code': 0, 'arm_state': None, 'connected': False}, 'OctoPrint': {'octoprint_0': {'connection_status': True}}, 'prime_status': {'influx': False, 'efflux': False}}}

2024-11-15 19:47:12 - robotic_functions - [WARNING] - robotics not in idle mode, cannot start dilutions

2024-11-15 19:47:12 - evolver - [INFO] - running routine number: 91

2024-11-15 19:47:12 - robotic_functions - [INFO] - requesting robotics status

2024-11-15 19:47:12 - robotic_functions - [INFO] - {'type': 'robotics', 'data': {'mode': 'emergency_stop', 'active_quad': 'quad_0', 'active_pumps': [], 'vial_window': [], 'xArm': {'warning_code': 0, 'error_code': 0, 'arm_state': None, 'connected': False}, 'OctoPrint': {'octoprint_0': {'connection_status': True}}, 'prime_status': {'influx': False, 'efflux': False}}}

2024-11-15 19:47:12 - robotic_functions - [WARNING] - robotics not in idle mode, cannot start dilutions

2024-11-15 19:47:12 - evolver - [INFO] - running routine number: 92

2024-11-15 19:47:12 - robotic_functions - [INFO] - requesting robotics status

2024-11-15 19:47:12 - robotic_functions - [INFO] - {'type': 'robotics', 'data': {'mode': 'emergency_stop', 'active_quad': 'quad_0', 'active_pumps': [], 'vial_window': [], 'xArm': {'warning_code': 0, 'error_code': 0, 'arm_state': None, 'connected': False}, 'OctoPrint': {'octoprint_0': {'connection_status': True}}, 'prime_status': {'influx': False, 'efflux': False}}}

2024-11-15 19:47:12 - robotic_functions - [WARNING] - robotics not in idle mode, cannot start dilutions

2024-11-15 19:47:12 - evolver - [INFO] - running routine number: 93

2024-11-15 19:47:12 - robotic_functions - [INFO] - requesting robotics status

2024-11-15 19:47:12 - robotic_functions - [INFO] - {'type': 'robotics', 'data': {'mode': 'emergency_stop', 'active_quad': 'quad_0', 'active_pumps': [], 'vial_window': [], 'xArm': {'warning_code': 0, 'error_code': 0, 'arm_state': None, 'connected': False}, 'OctoPrint': {'octoprint_0': {'connection_status': True}}, 'prime_status': {'influx': False, 'efflux': False}}}

2024-11-15 19:47:12 - robotic_functions - [WARNING] - robotics not in idle mode, cannot start dilutions

2024-11-15 19:47:12 - evolver - [INFO] - running routine number: 94

2024-11-15 19:47:12 - robotic_functions - [INFO] - requesting robotics status

2024-11-15 19:47:12 - robotic_functions - [INFO] - {'type': 'robotics', 'data': {'mode': 'emergency_stop', 'active_quad': 'quad_0', 'active_pumps': [], 'vial_window': [], 'xArm': {'warning_code': 0, 'error_code': 0, 'arm_state': None, 'connected': False}, 'OctoPrint': {'octoprint_0': {'connection_status': True}}, 'prime_status': {'influx': False, 'efflux': False}}}

2024-11-15 19:47:12 - robotic_functions - [WARNING] - robotics not in idle mode, cannot start dilutions

2024-11-15 19:47:12 - evolver - [INFO] - running routine number: 95

2024-11-15 19:47:12 - robotic_functions - [INFO] - requesting robotics status

2024-11-15 19:47:12 - robotic_functions - [INFO] - {'type': 'robotics', 'data': {'mode': 'emergency_stop', 'active_quad': 'quad_0', 'active_pumps': [], 'vial_window': [], 'xArm': {'warning_code': 0, 'error_code': 0, 'arm_state': None, 'connected': False}, 'OctoPrint': {'octoprint_0': {'connection_status': True}}, 'prime_status': {'influx': False, 'efflux': False}}}

2024-11-15 19:47:13 - robotic_functions - [WARNING] - robotics not in idle mode, cannot start dilutions

2024-11-15 19:47:13 - evolver - [INFO] - running routine number: 96

2024-11-15 19:47:13 - robotic_functions - [INFO] - requesting robotics status

2024-11-15 19:47:13 - robotic_functions - [INFO] - {'type': 'robotics', 'data': {'mode': 'emergency_stop', 'active_quad': 'quad_0', 'active_pumps': [], 'vial_window': [], 'xArm': {'warning_code': 0, 'error_code': 0, 'arm_state': None, 'connected': False}, 'OctoPrint': {'octoprint_0': {'connection_status': True}}, 'prime_status': {'influx': False, 'efflux': False}}}

2024-11-15 19:47:13 - robotic_functions - [WARNING] - robotics not in idle mode, cannot start dilutions

2024-11-15 19:47:13 - evolver - [INFO] - running routine number: 97

2024-11-15 19:47:13 - robotic_functions - [INFO] - requesting robotics status

2024-11-15 19:47:13 - robotic_functions - [INFO] - {'type': 'robotics', 'data': {'mode': 'emergency_stop', 'active_quad': 'quad_0', 'active_pumps': [], 'vial_window': [], 'xArm': {'warning_code': 0, 'error_code': 0, 'arm_state': None, 'connected': False}, 'OctoPrint': {'octoprint_0': {'connection_status': True}}, 'prime_status': {'influx': False, 'efflux': False}}}

2024-11-15 19:47:13 - robotic_functions - [WARNING] - robotics not in idle mode, cannot start dilutions

2024-11-15 19:47:13 - evolver - [INFO] - running routine number: 98

2024-11-15 19:47:13 - robotic_functions - [INFO] - requesting robotics status

2024-11-15 19:47:13 - robotic_functions - [INFO] - {'type': 'robotics', 'data': {'mode': 'emergency_stop', 'active_quad': 'quad_0', 'active_pumps': [], 'vial_window': [], 'xArm': {'warning_code': 0, 'error_code': 0, 'arm_state': None, 'connected': False}, 'OctoPrint': {'octoprint_0': {'connection_status': True}}, 'prime_status': {'influx': False, 'efflux': False}}}

2024-11-15 19:47:13 - robotic_functions - [WARNING] - robotics not in idle mode, cannot start dilutions

2024-11-15 19:47:13 - evolver - [INFO] - running routine number: 99

2024-11-15 19:47:13 - robotic_functions - [INFO] - requesting robotics status

2024-11-15 19:47:13 - robotic_functions - [INFO] - {'type': 'robotics', 'data': {'mode': 'emergency_stop', 'active_quad': 'quad_0', 'active_pumps': [], 'vial_window': [], 'xArm': {'warning_code': 0, 'error_code': 0, 'arm_state': None, 'connected': False}, 'OctoPrint': {'octoprint_0': {'connection_status': True}}, 'prime_status': {'influx': False, 'efflux': False}}}

2024-11-15 19:47:13 - robotic_functions - [WARNING] - robotics not in idle mode, cannot start dilutions

2024-11-15 19:47:13 - evolver - [INFO] - running routine number: 100

2024-11-15 19:47:13 - robotic_functions - [INFO] - requesting robotics status

2024-11-15 19:47:13 - robotic_functions - [INFO] - {'type': 'robotics', 'data': {'mode': 'emergency_stop', 'active_quad': 'quad_0', 'active_pumps': [], 'vial_window': [], 'xArm': {'warning_code': 0, 'error_code': 0, 'arm_state': None, 'connected': False}, 'OctoPrint': {'octoprint_0': {'connection_status': True}}, 'prime_status': {'influx': False, 'efflux': False}}}

2024-11-15 19:47:13 - robotic_functions - [WARNING] - robotics not in idle mode, cannot start dilutions

2024-11-15 19:47:13 - evolver - [INFO] - running routine number: 101

2024-11-15 19:47:13 - robotic_functions - [INFO] - requesting robotics status

2024-11-15 19:47:13 - robotic_functions - [INFO] - {'type': 'robotics', 'data': {'mode': 'emergency_stop', 'active_quad': 'quad_0', 'active_pumps': [], 'vial_window': [], 'xArm': {'warning_code': 0, 'error_code': 0, 'arm_state': None, 'connected': False}, 'OctoPrint': {'octoprint_0': {'connection_status': True}}, 'prime_status': {'influx': False, 'efflux': False}}}

2024-11-15 19:47:13 - robotic_functions - [WARNING] - robotics not in idle mode, cannot start dilutions

2024-11-15 19:47:13 - evolver - [INFO] - running routine number: 102

2024-11-15 19:47:13 - robotic_functions - [INFO] - requesting robotics status

2024-11-15 19:47:13 - robotic_functions - [INFO] - {'type': 'robotics', 'data': {'mode': 'emergency_stop', 'active_quad': 'quad_0', 'active_pumps': [], 'vial_window': [], 'xArm': {'warning_code': 0, 'error_code': 0, 'arm_state': None, 'connected': False}, 'OctoPrint': {'octoprint_0': {'connection_status': True}}, 'prime_status': {'influx': False, 'efflux': False}}}

2024-11-15 19:47:13 - robotic_functions - [WARNING] - robotics not in idle mode, cannot start dilutions

2024-11-15 19:47:13 - evolver - [INFO] - running routine number: 103

2024-11-15 19:47:13 - robotic_functions - [INFO] - requesting robotics status

2024-11-15 19:47:13 - robotic_functions - [INFO] - {'type': 'robotics', 'data': {'mode': 'emergency_stop', 'active_quad': 'quad_0', 'active_pumps': [], 'vial_window': [], 'xArm': {'warning_code': 0, 'error_code': 0, 'arm_state': None, 'connected': False}, 'OctoPrint': {'octoprint_0': {'connection_status': True}}, 'prime_status': {'influx': False, 'efflux': False}}}

2024-11-15 19:47:13 - robotic_functions - [WARNING] - robotics not in idle mode, cannot start dilutions

2024-11-15 19:47:13 - evolver - [INFO] - running routine number: 104

2024-11-15 19:47:13 - robotic_functions - [INFO] - requesting robotics status

2024-11-15 19:47:13 - robotic_functions - [INFO] - {'type': 'robotics', 'data': {'mode': 'emergency_stop', 'active_quad': 'quad_0', 'active_pumps': [], 'vial_window': [], 'xArm': {'warning_code': 0, 'error_code': 0, 'arm_state': None, 'connected': False}, 'OctoPrint': {'octoprint_0': {'connection_status': True}}, 'prime_status': {'influx': False, 'efflux': False}}}

2024-11-15 19:47:13 - robotic_functions - [WARNING] - robotics not in idle mode, cannot start dilutions

2024-11-15 19:47:13 - evolver - [INFO] - running routine number: 105

2024-11-15 19:47:13 - robotic_functions - [INFO] - requesting robotics status

2024-11-15 19:47:13 - robotic_functions - [INFO] - {'type': 'robotics', 'data': {'mode': 'emergency_stop', 'active_quad': 'quad_0', 'active_pumps': [], 'vial_window': [], 'xArm': {'warning_code': 0, 'error_code': 0, 'arm_state': None, 'connected': False}, 'OctoPrint': {'octoprint_0': {'connection_status': True}}, 'prime_status': {'influx': False, 'efflux': False}}}

2024-11-15 19:47:14 - robotic_functions - [WARNING] - robotics not in idle mode, cannot start dilutions

2024-11-15 19:47:14 - evolver - [INFO] - running routine number: 106

2024-11-15 19:47:14 - robotic_functions - [INFO] - requesting robotics status

2024-11-15 19:47:14 - robotic_functions - [INFO] - {'type': 'robotics', 'data': {'mode': 'emergency_stop', 'active_quad': 'quad_0', 'active_pumps': [], 'vial_window': [], 'xArm': {'warning_code': 0, 'error_code': 0, 'arm_state': None, 'connected': False}, 'OctoPrint': {'octoprint_0': {'connection_status': True}}, 'prime_status': {'influx': False, 'efflux': False}}}

2024-11-15 19:47:14 - robotic_functions - [WARNING] - robotics not in idle mode, cannot start dilutions

2024-11-15 19:47:14 - evolver - [INFO] - running routine number: 107

2024-11-15 19:47:14 - robotic_functions - [INFO] - requesting robotics status

2024-11-15 19:47:14 - robotic_functions - [INFO] - {'type': 'robotics', 'data': {'mode': 'emergency_stop', 'active_quad': 'quad_0', 'active_pumps': [], 'vial_window': [], 'xArm': {'warning_code': 0, 'error_code': 0, 'arm_state': None, 'connected': False}, 'OctoPrint': {'octoprint_0': {'connection_status': True}}, 'prime_status': {'influx': False, 'efflux': False}}}

2024-11-15 19:47:14 - robotic_functions - [WARNING] - robotics not in idle mode, cannot start dilutions

2024-11-15 19:47:14 - evolver - [INFO] - running routine number: 108

2024-11-15 19:47:14 - robotic_functions - [INFO] - requesting robotics status

2024-11-15 19:47:14 - robotic_functions - [INFO] - {'type': 'robotics', 'data': {'mode': 'emergency_stop', 'active_quad': 'quad_0', 'active_pumps': [], 'vial_window': [], 'xArm': {'warning_code': 0, 'error_code': 0, 'arm_state': None, 'connected': False}, 'OctoPrint': {'octoprint_0': {'connection_status': True}}, 'prime_status': {'influx': False, 'efflux': False}}}

2024-11-15 19:47:14 - robotic_functions - [WARNING] - robotics not in idle mode, cannot start dilutions

2024-11-15 19:47:14 - evolver - [INFO] - running routine number: 109

2024-11-15 19:47:14 - robotic_functions - [INFO] - requesting robotics status

2024-11-15 19:47:14 - robotic_functions - [INFO] - {'type': 'robotics', 'data': {'mode': 'emergency_stop', 'active_quad': 'quad_0', 'active_pumps': [], 'vial_window': [], 'xArm': {'warning_code': 0, 'error_code': 0, 'arm_state': None, 'connected': False}, 'OctoPrint': {'octoprint_0': {'connection_status': True}}, 'prime_status': {'influx': False, 'efflux': False}}}

2024-11-15 19:47:14 - robotic_functions - [WARNING] - robotics not in idle mode, cannot start dilutions

2024-11-15 19:47:14 - evolver - [INFO] - running routine number: 110

2024-11-15 19:47:14 - robotic_functions - [INFO] - requesting robotics status

2024-11-15 19:47:14 - robotic_functions - [INFO] - {'type': 'robotics', 'data': {'mode': 'emergency_stop', 'active_quad': 'quad_0', 'active_pumps': [], 'vial_window': [], 'xArm': {'warning_code': 0, 'error_code': 0, 'arm_state': None, 'connected': False}, 'OctoPrint': {'octoprint_0': {'connection_status': True}}, 'prime_status': {'influx': False, 'efflux': False}}}

2024-11-15 19:47:14 - robotic_functions - [WARNING] - robotics not in idle mode, cannot start dilutions

2024-11-15 19:47:14 - evolver - [INFO] - running routine number: 111

2024-11-15 19:47:14 - robotic_functions - [INFO] - requesting robotics status

2024-11-15 19:47:14 - robotic_functions - [INFO] - {'type': 'robotics', 'data': {'mode': 'emergency_stop', 'active_quad': 'quad_0', 'active_pumps': [], 'vial_window': [], 'xArm': {'warning_code': 0, 'error_code': 0, 'arm_state': None, 'connected': False}, 'OctoPrint': {'octoprint_0': {'connection_status': True}}, 'prime_status': {'influx': False, 'efflux': False}}}

2024-11-15 19:47:14 - robotic_functions - [WARNING] - robotics not in idle mode, cannot start dilutions

2024-11-15 19:47:14 - evolver - [INFO] - running routine number: 112

2024-11-15 19:47:14 - robotic_functions - [INFO] - requesting robotics status

2024-11-15 19:47:14 - robotic_functions - [INFO] - {'type': 'robotics', 'data': {'mode': 'emergency_stop', 'active_quad': 'quad_0', 'active_pumps': [], 'vial_window': [], 'xArm': {'warning_code': 0, 'error_code': 0, 'arm_state': None, 'connected': False}, 'OctoPrint': {'octoprint_0': {'connection_status': True}}, 'prime_status': {'influx': False, 'efflux': False}}}

2024-11-15 19:47:14 - robotic_functions - [WARNING] - robotics not in idle mode, cannot start dilutions

2024-11-15 19:47:14 - evolver - [INFO] - running routine number: 113

2024-11-15 19:47:14 - robotic_functions - [INFO] - requesting robotics status

2024-11-15 19:47:14 - robotic_functions - [INFO] - {'type': 'robotics', 'data': {'mode': 'emergency_stop', 'active_quad': 'quad_0', 'active_pumps': [], 'vial_window': [], 'xArm': {'warning_code': 0, 'error_code': 0, 'arm_state': None, 'connected': False}, 'OctoPrint': {'octoprint_0': {'connection_status': True}}, 'prime_status': {'influx': False, 'efflux': False}}}

2024-11-15 19:47:14 - robotic_functions - [WARNING] - robotics not in idle mode, cannot start dilutions

2024-11-15 19:47:14 - evolver - [INFO] - running routine number: 114

2024-11-15 19:47:14 - robotic_functions - [INFO] - requesting robotics status

2024-11-15 19:47:14 - robotic_functions - [INFO] - {'type': 'robotics', 'data': {'mode': 'emergency_stop', 'active_quad': 'quad_0', 'active_pumps': [], 'vial_window': [], 'xArm': {'warning_code': 0, 'error_code': 0, 'arm_state': None, 'connected': False}, 'OctoPrint': {'octoprint_0': {'connection_status': True}}, 'prime_status': {'influx': False, 'efflux': False}}}

2024-11-15 19:47:15 - robotic_functions - [WARNING] - robotics not in idle mode, cannot start dilutions

2024-11-15 19:47:15 - evolver - [INFO] - running routine number: 115

2024-11-15 19:47:15 - robotic_functions - [INFO] - requesting robotics status

2024-11-15 19:47:15 - robotic_functions - [INFO] - {'type': 'robotics', 'data': {'mode': 'emergency_stop', 'active_quad': 'quad_0', 'active_pumps': [], 'vial_window': [], 'xArm': {'warning_code': 0, 'error_code': 0, 'arm_state': None, 'connected': False}, 'OctoPrint': {'octoprint_0': {'connection_status': True}}, 'prime_status': {'influx': False, 'efflux': False}}}

2024-11-15 19:47:15 - robotic_functions - [WARNING] - robotics not in idle mode, cannot start dilutions

2024-11-15 19:47:15 - evolver - [INFO] - running routine number: 116

2024-11-15 19:47:15 - robotic_functions - [INFO] - requesting robotics status

2024-11-15 19:47:15 - robotic_functions - [INFO] - {'type': 'robotics', 'data': {'mode': 'emergency_stop', 'active_quad': 'quad_0', 'active_pumps': [], 'vial_window': [], 'xArm': {'warning_code': 0, 'error_code': 0, 'arm_state': None, 'connected': False}, 'OctoPrint': {'octoprint_0': {'connection_status': True}}, 'prime_status': {'influx': False, 'efflux': False}}}

2024-11-15 19:47:15 - robotic_functions - [WARNING] - robotics not in idle mode, cannot start dilutions

2024-11-15 19:47:15 - evolver - [INFO] - running routine number: 117

2024-11-15 19:47:15 - robotic_functions - [INFO] - requesting robotics status

2024-11-15 19:47:15 - robotic_functions - [INFO] - {'type': 'robotics', 'data': {'mode': 'emergency_stop', 'active_quad': 'quad_0', 'active_pumps': [], 'vial_window': [], 'xArm': {'warning_code': 0, 'error_code': 0, 'arm_state': None, 'connected': False}, 'OctoPrint': {'octoprint_0': {'connection_status': True}}, 'prime_status': {'influx': False, 'efflux': False}}}

2024-11-15 19:47:15 - robotic_functions - [WARNING] - robotics not in idle mode, cannot start dilutions

2024-11-15 19:47:15 - evolver - [INFO] - running routine number: 118

2024-11-15 19:47:15 - robotic_functions - [INFO] - requesting robotics status

2024-11-15 19:47:15 - robotic_functions - [INFO] - {'type': 'robotics', 'data': {'mode': 'emergency_stop', 'active_quad': 'quad_0', 'active_pumps': [], 'vial_window': [], 'xArm': {'warning_code': 0, 'error_code': 0, 'arm_state': None, 'connected': False}, 'OctoPrint': {'octoprint_0': {'connection_status': True}}, 'prime_status': {'influx': False, 'efflux': False}}}

2024-11-15 19:47:15 - robotic_functions - [WARNING] - robotics not in idle mode, cannot start dilutions

2024-11-15 19:47:15 - evolver - [INFO] - running routine number: 119

2024-11-15 19:47:15 - robotic_functions - [INFO] - requesting robotics status

2024-11-15 19:47:15 - robotic_functions - [INFO] - {'type': 'robotics', 'data': {'mode': 'emergency_stop', 'active_quad': 'quad_0', 'active_pumps': [], 'vial_window': [], 'xArm': {'warning_code': 0, 'error_code': 0, 'arm_state': None, 'connected': False}, 'OctoPrint': {'octoprint_0': {'connection_status': True}}, 'prime_status': {'influx': False, 'efflux': False}}}

2024-11-15 19:47:15 - robotic_functions - [WARNING] - robotics not in idle mode, cannot start dilutions

2024-11-15 19:47:15 - evolver - [INFO] - running routine number: 120

2024-11-15 19:47:15 - robotic_functions - [INFO] - requesting robotics status

2024-11-15 19:47:15 - robotic_functions - [INFO] - {'type': 'robotics', 'data': {'mode': 'emergency_stop', 'active_quad': 'quad_0', 'active_pumps': [], 'vial_window': [], 'xArm': {'warning_code': 0, 'error_code': 0, 'arm_state': None, 'connected': False}, 'OctoPrint': {'octoprint_0': {'connection_status': True}}, 'prime_status': {'influx': False, 'efflux': False}}}

2024-11-15 19:47:15 - robotic_functions - [WARNING] - robotics not in idle mode, cannot start dilutions

2024-11-15 19:47:15 - evolver - [INFO] - running routine number: 121

2024-11-15 19:47:15 - robotic_functions - [INFO] - requesting robotics status

2024-11-15 19:47:15 - robotic_functions - [INFO] - {'type': 'robotics', 'data': {'mode': 'emergency_stop', 'active_quad': 'quad_0', 'active_pumps': [], 'vial_window': [], 'xArm': {'warning_code': 0, 'error_code': 0, 'arm_state': None, 'connected': False}, 'OctoPrint': {'octoprint_0': {'connection_status': True}}, 'prime_status': {'influx': False, 'efflux': False}}}

2024-11-15 19:47:15 - robotic_functions - [WARNING] - robotics not in idle mode, cannot start dilutions

2024-11-15 19:47:15 - evolver - [INFO] - running routine number: 122

2024-11-15 19:47:15 - robotic_functions - [INFO] - requesting robotics status

2024-11-15 19:47:15 - robotic_functions - [INFO] - {'type': 'robotics', 'data': {'mode': 'emergency_stop', 'active_quad': 'quad_0', 'active_pumps': [], 'vial_window': [], 'xArm': {'warning_code': 0, 'error_code': 0, 'arm_state': None, 'connected': False}, 'OctoPrint': {'octoprint_0': {'connection_status': True}}, 'prime_status': {'influx': False, 'efflux': False}}}

2024-11-15 19:47:15 - robotic_functions - [WARNING] - robotics not in idle mode, cannot start dilutions

2024-11-15 19:47:15 - evolver - [INFO] - running routine number: 123

2024-11-15 19:47:15 - robotic_functions - [INFO] - requesting robotics status

2024-11-15 19:47:15 - robotic_functions - [INFO] - {'type': 'robotics', 'data': {'mode': 'emergency_stop', 'active_quad': 'quad_0', 'active_pumps': [], 'vial_window': [], 'xArm': {'warning_code': 0, 'error_code': 0, 'arm_state': None, 'connected': False}, 'OctoPrint': {'octoprint_0': {'connection_status': True}}, 'prime_status': {'influx': False, 'efflux': False}}}

2024-11-15 19:47:15 - robotic_functions - [WARNING] - robotics not in idle mode, cannot start dilutions

2024-11-15 19:47:15 - evolver - [INFO] - running routine number: 124

2024-11-15 19:47:15 - robotic_functions - [INFO] - requesting robotics status

2024-11-15 19:47:16 - robotic_functions - [INFO] - {'type': 'robotics', 'data': {'mode': 'emergency_stop', 'active_quad': 'quad_0', 'active_pumps': [], 'vial_window': [], 'xArm': {'warning_code': 0, 'error_code': 0, 'arm_state': None, 'connected': False}, 'OctoPrint': {'octoprint_0': {'connection_status': True}}, 'prime_status': {'influx': False, 'efflux': False}}}

2024-11-15 19:47:16 - robotic_functions - [WARNING] - robotics not in idle mode, cannot start dilutions

2024-11-15 19:47:16 - evolver - [INFO] - running routine number: 125

2024-11-15 19:47:16 - robotic_functions - [INFO] - requesting robotics status

2024-11-15 19:47:16 - robotic_functions - [INFO] - {'type': 'robotics', 'data': {'mode': 'emergency_stop', 'active_quad': 'quad_0', 'active_pumps': [], 'vial_window': [], 'xArm': {'warning_code': 0, 'error_code': 0, 'arm_state': None, 'connected': False}, 'OctoPrint': {'octoprint_0': {'connection_status': True}}, 'prime_status': {'influx': False, 'efflux': False}}}

2024-11-15 19:47:16 - robotic_functions - [WARNING] - robotics not in idle mode, cannot start dilutions

2024-11-15 19:47:16 - evolver - [INFO] - running routine number: 126

2024-11-15 19:47:16 - robotic_functions - [INFO] - requesting robotics status

2024-11-15 19:47:16 - robotic_functions - [INFO] - {'type': 'robotics', 'data': {'mode': 'emergency_stop', 'active_quad': 'quad_0', 'active_pumps': [], 'vial_window': [], 'xArm': {'warning_code': 0, 'error_code': 0, 'arm_state': None, 'connected': False}, 'OctoPrint': {'octoprint_0': {'connection_status': True}}, 'prime_status': {'influx': False, 'efflux': False}}}

2024-11-15 19:47:16 - robotic_functions - [WARNING] - robotics not in idle mode, cannot start dilutions

2024-11-15 19:47:16 - evolver - [INFO] - running routine number: 127

2024-11-15 19:47:16 - robotic_functions - [INFO] - requesting robotics status

2024-11-15 19:47:16 - robotic_functions - [INFO] - {'type': 'robotics', 'data': {'mode': 'emergency_stop', 'active_quad': 'quad_0', 'active_pumps': [], 'vial_window': [], 'xArm': {'warning_code': 0, 'error_code': 0, 'arm_state': None, 'connected': False}, 'OctoPrint': {'octoprint_0': {'connection_status': True}}, 'prime_status': {'influx': False, 'efflux': False}}}

2024-11-15 19:47:16 - robotic_functions - [WARNING] - robotics not in idle mode, cannot start dilutions

2024-11-15 19:47:16 - evolver - [INFO] - running routine number: 128

2024-11-15 19:47:16 - robotic_functions - [INFO] - requesting robotics status

2024-11-15 19:47:16 - robotic_functions - [INFO] - {'type': 'robotics', 'data': {'mode': 'emergency_stop', 'active_quad': 'quad_0', 'active_pumps': [], 'vial_window': [], 'xArm': {'warning_code': 0, 'error_code': 0, 'arm_state': None, 'connected': False}, 'OctoPrint': {'octoprint_0': {'connection_status': True}}, 'prime_status': {'influx': False, 'efflux': False}}}

2024-11-15 19:47:16 - robotic_functions - [WARNING] - robotics not in idle mode, cannot start dilutions

2024-11-15 19:47:16 - evolver - [INFO] - running routine number: 129

2024-11-15 19:47:16 - robotic_functions - [INFO] - requesting robotics status

2024-11-15 19:47:16 - robotic_functions - [INFO] - {'type': 'robotics', 'data': {'mode': 'emergency_stop', 'active_quad': 'quad_0', 'active_pumps': [], 'vial_window': [], 'xArm': {'warning_code': 0, 'error_code': 0, 'arm_state': None, 'connected': False}, 'OctoPrint': {'octoprint_0': {'connection_status': True}}, 'prime_status': {'influx': False, 'efflux': False}}}

2024-11-15 19:47:16 - robotic_functions - [WARNING] - robotics not in idle mode, cannot start dilutions

2024-11-15 19:47:16 - evolver - [INFO] - running routine number: 130

2024-11-15 19:47:16 - robotic_functions - [INFO] - requesting robotics status

2024-11-15 19:47:16 - robotic_functions - [INFO] - {'type': 'robotics', 'data': {'mode': 'emergency_stop', 'active_quad': 'quad_0', 'active_pumps': [], 'vial_window': [], 'xArm': {'warning_code': 0, 'error_code': 0, 'arm_state': None, 'connected': False}, 'OctoPrint': {'octoprint_0': {'connection_status': True}}, 'prime_status': {'influx': False, 'efflux': False}}}

2024-11-15 19:47:16 - robotic_functions - [WARNING] - robotics not in idle mode, cannot start dilutions

2024-11-15 19:47:16 - evolver - [INFO] - running routine number: 131

2024-11-15 19:47:16 - robotic_functions - [INFO] - requesting robotics status

2024-11-15 19:47:16 - robotic_functions - [INFO] - {'type': 'robotics', 'data': {'mode': 'emergency_stop', 'active_quad': 'quad_0', 'active_pumps': [], 'vial_window': [], 'xArm': {'warning_code': 0, 'error_code': 0, 'arm_state': None, 'connected': False}, 'OctoPrint': {'octoprint_0': {'connection_status': True}}, 'prime_status': {'influx': False, 'efflux': False}}}

2024-11-15 19:47:16 - robotic_functions - [WARNING] - robotics not in idle mode, cannot start dilutions

2024-11-15 19:47:16 - evolver - [INFO] - running routine number: 132

2024-11-15 19:47:16 - robotic_functions - [INFO] - requesting robotics status

2024-11-15 19:47:16 - robotic_functions - [INFO] - {'type': 'robotics', 'data': {'mode': 'emergency_stop', 'active_quad': 'quad_0', 'active_pumps': [], 'vial_window': [], 'xArm': {'warning_code': 0, 'error_code': 0, 'arm_state': None, 'connected': False}, 'OctoPrint': {'octoprint_0': {'connection_status': True}}, 'prime_status': {'influx': False, 'efflux': False}}}

2024-11-15 19:47:16 - robotic_functions - [WARNING] - robotics not in idle mode, cannot start dilutions

2024-11-15 19:47:16 - evolver - [INFO] - running routine number: 133

2024-11-15 19:47:16 - robotic_functions - [INFO] - requesting robotics status

2024-11-15 19:47:17 - robotic_functions - [INFO] - {'type': 'robotics', 'data': {'mode': 'emergency_stop', 'active_quad': 'quad_0', 'active_pumps': [], 'vial_window': [], 'xArm': {'warning_code': 0, 'error_code': 0, 'arm_state': None, 'connected': False}, 'OctoPrint': {'octoprint_0': {'connection_status': True}}, 'prime_status': {'influx': False, 'efflux': False}}}

2024-11-15 19:47:17 - robotic_functions - [WARNING] - robotics not in idle mode, cannot start dilutions

2024-11-15 19:47:17 - evolver - [INFO] - running routine number: 134

2024-11-15 19:47:17 - robotic_functions - [INFO] - requesting robotics status

2024-11-15 19:47:17 - robotic_functions - [INFO] - {'type': 'robotics', 'data': {'mode': 'emergency_stop', 'active_quad': 'quad_0', 'active_pumps': [], 'vial_window': [], 'xArm': {'warning_code': 0, 'error_code': 0, 'arm_state': None, 'connected': False}, 'OctoPrint': {'octoprint_0': {'connection_status': True}}, 'prime_status': {'influx': False, 'efflux': False}}}

2024-11-15 19:47:17 - robotic_functions - [WARNING] - robotics not in idle mode, cannot start dilutions

2024-11-15 19:47:17 - evolver - [INFO] - running routine number: 135

2024-11-15 19:47:17 - robotic_functions - [INFO] - requesting robotics status

2024-11-15 19:47:17 - robotic_functions - [INFO] - {'type': 'robotics', 'data': {'mode': 'emergency_stop', 'active_quad': 'quad_0', 'active_pumps': [], 'vial_window': [], 'xArm': {'warning_code': 0, 'error_code': 0, 'arm_state': None, 'connected': False}, 'OctoPrint': {'octoprint_0': {'connection_status': True}}, 'prime_status': {'influx': False, 'efflux': False}}}

2024-11-15 19:47:17 - robotic_functions - [WARNING] - robotics not in idle mode, cannot start dilutions

2024-11-15 19:47:17 - evolver - [INFO] - running routine number: 136

2024-11-15 19:47:17 - robotic_functions - [INFO] - requesting robotics status

2024-11-15 19:47:17 - robotic_functions - [INFO] - {'type': 'robotics', 'data': {'mode': 'emergency_stop', 'active_quad': 'quad_0', 'active_pumps': [], 'vial_window': [], 'xArm': {'warning_code': 0, 'error_code': 0, 'arm_state': None, 'connected': False}, 'OctoPrint': {'octoprint_0': {'connection_status': True}}, 'prime_status': {'influx': False, 'efflux': False}}}

2024-11-15 19:47:17 - robotic_functions - [WARNING] - robotics not in idle mode, cannot start dilutions

2024-11-15 19:47:17 - evolver - [INFO] - running routine number: 137

2024-11-15 19:47:17 - robotic_functions - [INFO] - requesting robotics status

2024-11-15 19:47:17 - robotic_functions - [INFO] - {'type': 'robotics', 'data': {'mode': 'emergency_stop', 'active_quad': 'quad_0', 'active_pumps': [], 'vial_window': [], 'xArm': {'warning_code': 0, 'error_code': 0, 'arm_state': None, 'connected': False}, 'OctoPrint': {'octoprint_0': {'connection_status': True}}, 'prime_status': {'influx': False, 'efflux': False}}}

2024-11-15 19:47:17 - robotic_functions - [WARNING] - robotics not in idle mode, cannot start dilutions

2024-11-15 19:47:17 - evolver - [INFO] - running routine number: 138

2024-11-15 19:47:17 - robotic_functions - [INFO] - requesting robotics status

2024-11-15 19:47:17 - robotic_functions - [INFO] - {'type': 'robotics', 'data': {'mode': 'emergency_stop', 'active_quad': 'quad_0', 'active_pumps': [], 'vial_window': [], 'xArm': {'warning_code': 0, 'error_code': 0, 'arm_state': None, 'connected': False}, 'OctoPrint': {'octoprint_0': {'connection_status': True}}, 'prime_status': {'influx': False, 'efflux': False}}}

2024-11-15 19:47:17 - robotic_functions - [WARNING] - robotics not in idle mode, cannot start dilutions

2024-11-15 19:47:17 - evolver - [INFO] - running routine number: 139

2024-11-15 19:47:17 - robotic_functions - [INFO] - requesting robotics status

2024-11-15 19:47:17 - robotic_functions - [INFO] - {'type': 'robotics', 'data': {'mode': 'emergency_stop', 'active_quad': 'quad_0', 'active_pumps': [], 'vial_window': [], 'xArm': {'warning_code': 0, 'error_code': 0, 'arm_state': None, 'connected': False}, 'OctoPrint': {'octoprint_0': {'connection_status': True}}, 'prime_status': {'influx': False, 'efflux': False}}}

2024-11-15 19:47:17 - robotic_functions - [WARNING] - robotics not in idle mode, cannot start dilutions

2024-11-15 19:47:17 - evolver - [INFO] - running routine number: 140

2024-11-15 19:47:17 - robotic_functions - [INFO] - requesting robotics status

2024-11-15 19:47:17 - robotic_functions - [INFO] - {'type': 'robotics', 'data': {'mode': 'emergency_stop', 'active_quad': 'quad_0', 'active_pumps': [], 'vial_window': [], 'xArm': {'warning_code': 0, 'error_code': 0, 'arm_state': None, 'connected': False}, 'OctoPrint': {'octoprint_0': {'connection_status': True}}, 'prime_status': {'influx': False, 'efflux': False}}}

2024-11-15 19:47:17 - robotic_functions - [WARNING] - robotics not in idle mode, cannot start dilutions

2024-11-15 19:47:17 - evolver - [INFO] - running routine number: 141

2024-11-15 19:47:17 - robotic_functions - [INFO] - requesting robotics status

2024-11-15 19:47:17 - robotic_functions - [INFO] - {'type': 'robotics', 'data': {'mode': 'emergency_stop', 'active_quad': 'quad_0', 'active_pumps': [], 'vial_window': [], 'xArm': {'warning_code': 0, 'error_code': 0, 'arm_state': None, 'connected': False}, 'OctoPrint': {'octoprint_0': {'connection_status': True}}, 'prime_status': {'influx': False, 'efflux': False}}}

2024-11-15 19:47:17 - robotic_functions - [WARNING] - robotics not in idle mode, cannot start dilutions

2024-11-15 19:47:17 - evolver - [INFO] - running routine number: 142

2024-11-15 19:47:17 - robotic_functions - [INFO] - requesting robotics status

2024-11-15 19:47:17 - robotic_functions - [INFO] - {'type': 'robotics', 'data': {'mode': 'emergency_stop', 'active_quad': 'quad_0', 'active_pumps': [], 'vial_window': [], 'xArm': {'warning_code': 0, 'error_code': 0, 'arm_state': None, 'connected': False}, 'OctoPrint': {'octoprint_0': {'connection_status': True}}, 'prime_status': {'influx': False, 'efflux': False}}}

2024-11-15 19:47:18 - robotic_functions - [WARNING] - robotics not in idle mode, cannot start dilutions

2024-11-15 19:47:18 - evolver - [INFO] - running routine number: 143

2024-11-15 19:47:18 - robotic_functions - [INFO] - requesting robotics status

2024-11-15 19:47:18 - robotic_functions - [INFO] - {'type': 'robotics', 'data': {'mode': 'emergency_stop', 'active_quad': 'quad_0', 'active_pumps': [], 'vial_window': [], 'xArm': {'warning_code': 0, 'error_code': 0, 'arm_state': None, 'connected': False}, 'OctoPrint': {'octoprint_0': {'connection_status': True}}, 'prime_status': {'influx': False, 'efflux': False}}}

2024-11-15 19:47:18 - robotic_functions - [WARNING] - robotics not in idle mode, cannot start dilutions

2024-11-15 19:47:18 - evolver - [INFO] - running routine number: 144

2024-11-15 19:47:18 - robotic_functions - [INFO] - requesting robotics status

2024-11-15 19:47:18 - robotic_functions - [INFO] - {'type': 'robotics', 'data': {'mode': 'emergency_stop', 'active_quad': 'quad_0', 'active_pumps': [], 'vial_window': [], 'xArm': {'warning_code': 0, 'error_code': 0, 'arm_state': None, 'connected': False}, 'OctoPrint': {'octoprint_0': {'connection_status': True}}, 'prime_status': {'influx': False, 'efflux': False}}}

2024-11-15 19:47:18 - robotic_functions - [WARNING] - robotics not in idle mode, cannot start dilutions

2024-11-15 19:47:18 - evolver - [INFO] - running routine number: 145

2024-11-15 19:47:18 - robotic_functions - [INFO] - requesting robotics status

2024-11-15 19:47:18 - robotic_functions - [INFO] - {'type': 'robotics', 'data': {'mode': 'emergency_stop', 'active_quad': 'quad_0', 'active_pumps': [], 'vial_window': [], 'xArm': {'warning_code': 0, 'error_code': 0, 'arm_state': None, 'connected': False}, 'OctoPrint': {'octoprint_0': {'connection_status': True}}, 'prime_status': {'influx': False, 'efflux': False}}}

2024-11-15 19:47:18 - robotic_functions - [WARNING] - robotics not in idle mode, cannot start dilutions

2024-11-15 19:47:18 - evolver - [INFO] - running routine number: 146

2024-11-15 19:47:18 - robotic_functions - [INFO] - requesting robotics status

2024-11-15 19:47:18 - robotic_functions - [INFO] - {'type': 'robotics', 'data': {'mode': 'emergency_stop', 'active_quad': 'quad_0', 'active_pumps': [], 'vial_window': [], 'xArm': {'warning_code': 0, 'error_code': 0, 'arm_state': None, 'connected': False}, 'OctoPrint': {'octoprint_0': {'connection_status': True}}, 'prime_status': {'influx': False, 'efflux': False}}}

2024-11-15 19:47:18 - robotic_functions - [WARNING] - robotics not in idle mode, cannot start dilutions

2024-11-15 19:47:18 - evolver - [INFO] - running routine number: 147

2024-11-15 19:47:18 - robotic_functions - [INFO] - requesting robotics status

2024-11-15 19:47:18 - robotic_functions - [INFO] - {'type': 'robotics', 'data': {'mode': 'emergency_stop', 'active_quad': 'quad_0', 'active_pumps': [], 'vial_window': [], 'xArm': {'warning_code': 0, 'error_code': 0, 'arm_state': None, 'connected': False}, 'OctoPrint': {'octoprint_0': {'connection_status': True}}, 'prime_status': {'influx': False, 'efflux': False}}}

2024-11-15 19:47:18 - robotic_functions - [WARNING] - robotics not in idle mode, cannot start dilutions

2024-11-15 19:47:18 - evolver - [INFO] - running routine number: 148

2024-11-15 19:47:18 - robotic_functions - [INFO] - requesting robotics status

2024-11-15 19:47:18 - robotic_functions - [INFO] - {'type': 'robotics', 'data': {'mode': 'emergency_stop', 'active_quad': 'quad_0', 'active_pumps': [], 'vial_window': [], 'xArm': {'warning_code': 0, 'error_code': 0, 'arm_state': None, 'connected': False}, 'OctoPrint': {'octoprint_0': {'connection_status': True}}, 'prime_status': {'influx': False, 'efflux': False}}}

2024-11-15 19:47:18 - robotic_functions - [WARNING] - robotics not in idle mode, cannot start dilutions

2024-11-15 19:47:18 - evolver - [INFO] - running routine number: 149

2024-11-15 19:47:18 - robotic_functions - [INFO] - requesting robotics status

2024-11-15 19:47:18 - robotic_functions - [INFO] - {'type': 'robotics', 'data': {'mode': 'emergency_stop', 'active_quad': 'quad_0', 'active_pumps': [], 'vial_window': [], 'xArm': {'warning_code': 0, 'error_code': 0, 'arm_state': None, 'connected': False}, 'OctoPrint': {'octoprint_0': {'connection_status': True}}, 'prime_status': {'influx': False, 'efflux': False}}}

2024-11-15 19:47:18 - robotic_functions - [WARNING] - robotics not in idle mode, cannot start dilutions

2024-11-15 19:47:18 - evolver - [INFO] - running routine number: 150

2024-11-15 19:47:18 - robotic_functions - [INFO] - requesting robotics status

2024-11-15 19:47:18 - robotic_functions - [INFO] - {'type': 'robotics', 'data': {'mode': 'emergency_stop', 'active_quad': 'quad_0', 'active_pumps': [], 'vial_window': [], 'xArm': {'warning_code': 0, 'error_code': 0, 'arm_state': None, 'connected': False}, 'OctoPrint': {'octoprint_0': {'connection_status': True}}, 'prime_status': {'influx': False, 'efflux': False}}}

2024-11-15 19:47:18 - robotic_functions - [WARNING] - robotics not in idle mode, cannot start dilutions

2024-11-15 19:47:18 - evolver - [INFO] - running routine number: 151

2024-11-15 19:47:18 - robotic_functions - [INFO] - requesting robotics status

2024-11-15 19:47:18 - robotic_functions - [INFO] - {'type': 'robotics', 'data': {'mode': 'emergency_stop', 'active_quad': 'quad_0', 'active_pumps': [], 'vial_window': [], 'xArm': {'warning_code': 0, 'error_code': 0, 'arm_state': None, 'connected': False}, 'OctoPrint': {'octoprint_0': {'connection_status': True}}, 'prime_status': {'influx': False, 'efflux': False}}}

2024-11-15 19:47:18 - robotic_functions - [WARNING] - robotics not in idle mode, cannot start dilutions

2024-11-15 19:47:18 - evolver - [INFO] - running routine number: 152

2024-11-15 19:47:18 - robotic_functions - [INFO] - requesting robotics status

2024-11-15 19:47:19 - robotic_functions - [INFO] - {'type': 'robotics', 'data': {'mode': 'emergency_stop', 'active_quad': 'quad_0', 'active_pumps': [], 'vial_window': [], 'xArm': {'warning_code': 0, 'error_code': 0, 'arm_state': None, 'connected': False}, 'OctoPrint': {'octoprint_0': {'connection_status': True}}, 'prime_status': {'influx': False, 'efflux': False}}}

2024-11-15 19:47:19 - robotic_functions - [WARNING] - robotics not in idle mode, cannot start dilutions

2024-11-15 19:47:19 - evolver - [INFO] - running routine number: 153

2024-11-15 19:47:19 - robotic_functions - [INFO] - requesting robotics status

2024-11-15 19:47:19 - robotic_functions - [INFO] - {'type': 'robotics', 'data': {'mode': 'emergency_stop', 'active_quad': 'quad_0', 'active_pumps': [], 'vial_window': [], 'xArm': {'warning_code': 0, 'error_code': 0, 'arm_state': None, 'connected': False}, 'OctoPrint': {'octoprint_0': {'connection_status': True}}, 'prime_status': {'influx': False, 'efflux': False}}}

2024-11-15 19:47:19 - robotic_functions - [WARNING] - robotics not in idle mode, cannot start dilutions

2024-11-15 19:47:19 - evolver - [INFO] - running routine number: 154

2024-11-15 19:47:19 - robotic_functions - [INFO] - requesting robotics status

2024-11-15 19:47:19 - robotic_functions - [INFO] - {'type': 'robotics', 'data': {'mode': 'emergency_stop', 'active_quad': 'quad_0', 'active_pumps': [], 'vial_window': [], 'xArm': {'warning_code': 0, 'error_code': 0, 'arm_state': None, 'connected': False}, 'OctoPrint': {'octoprint_0': {'connection_status': True}}, 'prime_status': {'influx': False, 'efflux': False}}}

2024-11-15 19:47:19 - robotic_functions - [WARNING] - robotics not in idle mode, cannot start dilutions

2024-11-15 19:47:19 - evolver - [INFO] - running routine number: 155

2024-11-15 19:47:19 - robotic_functions - [INFO] - requesting robotics status

2024-11-15 19:47:19 - robotic_functions - [INFO] - {'type': 'robotics', 'data': {'mode': 'emergency_stop', 'active_quad': 'quad_0', 'active_pumps': [], 'vial_window': [], 'xArm': {'warning_code': 0, 'error_code': 0, 'arm_state': None, 'connected': False}, 'OctoPrint': {'octoprint_0': {'connection_status': True}}, 'prime_status': {'influx': False, 'efflux': False}}}

2024-11-15 19:47:19 - robotic_functions - [WARNING] - robotics not in idle mode, cannot start dilutions

2024-11-15 19:47:19 - evolver - [INFO] - running routine number: 156

2024-11-15 19:47:19 - robotic_functions - [INFO] - requesting robotics status

2024-11-15 19:47:19 - robotic_functions - [INFO] - {'type': 'robotics', 'data': {'mode': 'emergency_stop', 'active_quad': 'quad_0', 'active_pumps': [], 'vial_window': [], 'xArm': {'warning_code': 0, 'error_code': 0, 'arm_state': None, 'connected': False}, 'OctoPrint': {'octoprint_0': {'connection_status': True}}, 'prime_status': {'influx': False, 'efflux': False}}}

2024-11-15 19:47:19 - robotic_functions - [WARNING] - robotics not in idle mode, cannot start dilutions

2024-11-15 19:47:19 - evolver - [INFO] - running routine number: 157

2024-11-15 19:47:19 - robotic_functions - [INFO] - requesting robotics status

2024-11-15 19:47:19 - robotic_functions - [INFO] - {'type': 'robotics', 'data': {'mode': 'emergency_stop', 'active_quad': 'quad_0', 'active_pumps': [], 'vial_window': [], 'xArm': {'warning_code': 0, 'error_code': 0, 'arm_state': None, 'connected': False}, 'OctoPrint': {'octoprint_0': {'connection_status': True}}, 'prime_status': {'influx': False, 'efflux': False}}}

2024-11-15 19:47:19 - robotic_functions - [WARNING] - robotics not in idle mode, cannot start dilutions

2024-11-15 19:47:19 - evolver - [INFO] - running routine number: 158

2024-11-15 19:47:19 - robotic_functions - [INFO] - requesting robotics status

2024-11-15 19:47:19 - robotic_functions - [INFO] - {'type': 'robotics', 'data': {'mode': 'emergency_stop', 'active_quad': 'quad_0', 'active_pumps': [], 'vial_window': [], 'xArm': {'warning_code': 0, 'error_code': 0, 'arm_state': None, 'connected': False}, 'OctoPrint': {'octoprint_0': {'connection_status': True}}, 'prime_status': {'influx': False, 'efflux': False}}}

2024-11-15 19:47:19 - robotic_functions - [WARNING] - robotics not in idle mode, cannot start dilutions

2024-11-15 19:47:19 - evolver - [INFO] - running routine number: 159

2024-11-15 19:47:19 - robotic_functions - [INFO] - requesting robotics status

2024-11-15 19:47:19 - robotic_functions - [INFO] - {'type': 'robotics', 'data': {'mode': 'emergency_stop', 'active_quad': 'quad_0', 'active_pumps': [], 'vial_window': [], 'xArm': {'warning_code': 0, 'error_code': 0, 'arm_state': None, 'connected': False}, 'OctoPrint': {'octoprint_0': {'connection_status': True}}, 'prime_status': {'influx': False, 'efflux': False}}}

2024-11-15 19:47:19 - robotic_functions - [WARNING] - robotics not in idle mode, cannot start dilutions

2024-11-15 19:47:19 - evolver - [INFO] - running routine number: 160

2024-11-15 19:47:19 - robotic_functions - [INFO] - requesting robotics status

2024-11-15 19:47:19 - robotic_functions - [INFO] - {'type': 'robotics', 'data': {'mode': 'emergency_stop', 'active_quad': 'quad_0', 'active_pumps': [], 'vial_window': [], 'xArm': {'warning_code': 0, 'error_code': 0, 'arm_state': None, 'connected': False}, 'OctoPrint': {'octoprint_0': {'connection_status': True}}, 'prime_status': {'influx': False, 'efflux': False}}}

2024-11-15 19:47:19 - robotic_functions - [WARNING] - robotics not in idle mode, cannot start dilutions

2024-11-15 19:47:19 - evolver - [INFO] - running routine number: 161

2024-11-15 19:47:19 - robotic_functions - [INFO] - requesting robotics status

2024-11-15 19:47:19 - robotic_functions - [INFO] - {'type': 'robotics', 'data': {'mode': 'emergency_stop', 'active_quad': 'quad_0', 'active_pumps': [], 'vial_window': [], 'xArm': {'warning_code': 0, 'error_code': 0, 'arm_state': None, 'connected': False}, 'OctoPrint': {'octoprint_0': {'connection_status': True}}, 'prime_status': {'influx': False, 'efflux': False}}}

2024-11-15 19:47:20 - robotic_functions - [WARNING] - robotics not in idle mode, cannot start dilutions

2024-11-15 19:47:20 - evolver - [INFO] - running routine number: 162

2024-11-15 19:47:20 - robotic_functions - [INFO] - requesting robotics status

2024-11-15 19:47:20 - robotic_functions - [INFO] - {'type': 'robotics', 'data': {'mode': 'emergency_stop', 'active_quad': 'quad_0', 'active_pumps': [], 'vial_window': [], 'xArm': {'warning_code': 0, 'error_code': 0, 'arm_state': None, 'connected': False}, 'OctoPrint': {'octoprint_0': {'connection_status': True}}, 'prime_status': {'influx': False, 'efflux': False}}}

2024-11-15 19:47:20 - robotic_functions - [WARNING] - robotics not in idle mode, cannot start dilutions

2024-11-15 19:47:20 - evolver - [INFO] - running routine number: 163

2024-11-15 19:47:20 - robotic_functions - [INFO] - requesting robotics status

2024-11-15 19:47:20 - robotic_functions - [INFO] - {'type': 'robotics', 'data': {'mode': 'emergency_stop', 'active_quad': 'quad_0', 'active_pumps': [], 'vial_window': [], 'xArm': {'warning_code': 0, 'error_code': 0, 'arm_state': None, 'connected': False}, 'OctoPrint': {'octoprint_0': {'connection_status': True}}, 'prime_status': {'influx': False, 'efflux': False}}}

2024-11-15 19:47:20 - robotic_functions - [WARNING] - robotics not in idle mode, cannot start dilutions

2024-11-15 19:47:20 - evolver - [INFO] - running routine number: 164

2024-11-15 19:47:20 - robotic_functions - [INFO] - requesting robotics status

2024-11-15 19:47:20 - robotic_functions - [INFO] - {'type': 'robotics', 'data': {'mode': 'emergency_stop', 'active_quad': 'quad_0', 'active_pumps': [], 'vial_window': [], 'xArm': {'warning_code': 0, 'error_code': 0, 'arm_state': None, 'connected': False}, 'OctoPrint': {'octoprint_0': {'connection_status': True}}, 'prime_status': {'influx': False, 'efflux': False}}}

2024-11-15 19:47:20 - robotic_functions - [WARNING] - robotics not in idle mode, cannot start dilutions

2024-11-15 19:47:20 - evolver - [INFO] - running routine number: 165

2024-11-15 19:47:20 - robotic_functions - [INFO] - requesting robotics status

2024-11-15 19:47:20 - robotic_functions - [INFO] - {'type': 'robotics', 'data': {'mode': 'emergency_stop', 'active_quad': 'quad_0', 'active_pumps': [], 'vial_window': [], 'xArm': {'warning_code': 0, 'error_code': 0, 'arm_state': None, 'connected': False}, 'OctoPrint': {'octoprint_0': {'connection_status': True}}, 'prime_status': {'influx': False, 'efflux': False}}}

2024-11-15 19:47:20 - robotic_functions - [WARNING] - robotics not in idle mode, cannot start dilutions

2024-11-15 19:47:20 - evolver - [INFO] - running routine number: 166

2024-11-15 19:47:20 - robotic_functions - [INFO] - requesting robotics status

2024-11-15 19:47:20 - robotic_functions - [INFO] - {'type': 'robotics', 'data': {'mode': 'emergency_stop', 'active_quad': 'quad_0', 'active_pumps': [], 'vial_window': [], 'xArm': {'warning_code': 0, 'error_code': 0, 'arm_state': None, 'connected': False}, 'OctoPrint': {'octoprint_0': {'connection_status': True}}, 'prime_status': {'influx': False, 'efflux': False}}}

2024-11-15 19:47:20 - robotic_functions - [WARNING] - robotics not in idle mode, cannot start dilutions

2024-11-15 19:47:20 - evolver - [INFO] - running routine number: 167

2024-11-15 19:47:20 - robotic_functions - [INFO] - requesting robotics status

2024-11-15 19:47:20 - robotic_functions - [INFO] - {'type': 'robotics', 'data': {'mode': 'emergency_stop', 'active_quad': 'quad_0', 'active_pumps': [], 'vial_window': [], 'xArm': {'warning_code': 0, 'error_code': 0, 'arm_state': None, 'connected': False}, 'OctoPrint': {'octoprint_0': {'connection_status': True}}, 'prime_status': {'influx': False, 'efflux': False}}}

2024-11-15 19:47:20 - robotic_functions - [WARNING] - robotics not in idle mode, cannot start dilutions

2024-11-15 19:47:20 - evolver - [INFO] - running routine number: 168

2024-11-15 19:47:20 - robotic_functions - [INFO] - requesting robotics status

2024-11-15 19:47:20 - robotic_functions - [INFO] - {'type': 'robotics', 'data': {'mode': 'emergency_stop', 'active_quad': 'quad_0', 'active_pumps': [], 'vial_window': [], 'xArm': {'warning_code': 0, 'error_code': 0, 'arm_state': None, 'connected': False}, 'OctoPrint': {'octoprint_0': {'connection_status': True}}, 'prime_status': {'influx': False, 'efflux': False}}}

2024-11-15 19:47:20 - robotic_functions - [WARNING] - robotics not in idle mode, cannot start dilutions

2024-11-15 19:47:20 - evolver - [INFO] - running routine number: 169

2024-11-15 19:47:20 - robotic_functions - [INFO] - requesting robotics status

2024-11-15 19:47:20 - robotic_functions - [INFO] - {'type': 'robotics', 'data': {'mode': 'emergency_stop', 'active_quad': 'quad_0', 'active_pumps': [], 'vial_window': [], 'xArm': {'warning_code': 0, 'error_code': 0, 'arm_state': None, 'connected': False}, 'OctoPrint': {'octoprint_0': {'connection_status': True}}, 'prime_status': {'influx': False, 'efflux': False}}}

2024-11-15 19:47:20 - robotic_functions - [WARNING] - robotics not in idle mode, cannot start dilutions

2024-11-15 19:47:20 - evolver - [INFO] - running routine number: 170

2024-11-15 19:47:20 - robotic_functions - [INFO] - requesting robotics status

2024-11-15 19:47:20 - robotic_functions - [INFO] - {'type': 'robotics', 'data': {'mode': 'emergency_stop', 'active_quad': 'quad_0', 'active_pumps': [], 'vial_window': [], 'xArm': {'warning_code': 0, 'error_code': 0, 'arm_state': None, 'connected': False}, 'OctoPrint': {'octoprint_0': {'connection_status': True}}, 'prime_status': {'influx': False, 'efflux': False}}}

2024-11-15 19:47:20 - robotic_functions - [WARNING] - robotics not in idle mode, cannot start dilutions

2024-11-15 19:47:20 - evolver - [INFO] - running routine number: 171

2024-11-15 19:47:20 - robotic_functions - [INFO] - requesting robotics status

2024-11-15 19:47:20 - robotic_functions - [INFO] - {'type': 'robotics', 'data': {'mode': 'emergency_stop', 'active_quad': 'quad_0', 'active_pumps': [], 'vial_window': [], 'xArm': {'warning_code': 0, 'error_code': 0, 'arm_state': None, 'connected': False}, 'OctoPrint': {'octoprint_0': {'connection_status': True}}, 'prime_status': {'influx': False, 'efflux': False}}}

2024-11-15 19:47:21 - robotic_functions - [WARNING] - robotics not in idle mode, cannot start dilutions

2024-11-15 19:47:21 - evolver - [INFO] - running routine number: 172

2024-11-15 19:47:21 - robotic_functions - [INFO] - requesting robotics status

2024-11-15 19:47:21 - robotic_functions - [INFO] - {'type': 'robotics', 'data': {'mode': 'emergency_stop', 'active_quad': 'quad_0', 'active_pumps': [], 'vial_window': [], 'xArm': {'warning_code': 0, 'error_code': 0, 'arm_state': None, 'connected': False}, 'OctoPrint': {'octoprint_0': {'connection_status': True}}, 'prime_status': {'influx': False, 'efflux': False}}}

2024-11-15 19:47:21 - robotic_functions - [WARNING] - robotics not in idle mode, cannot start dilutions

2024-11-15 19:47:21 - evolver - [INFO] - running routine number: 173

2024-11-15 19:47:21 - robotic_functions - [INFO] - requesting robotics status

2024-11-15 19:47:21 - robotic_functions - [INFO] - {'type': 'robotics', 'data': {'mode': 'emergency_stop', 'active_quad': 'quad_0', 'active_pumps': [], 'vial_window': [], 'xArm': {'warning_code': 0, 'error_code': 0, 'arm_state': None, 'connected': False}, 'OctoPrint': {'octoprint_0': {'connection_status': True}}, 'prime_status': {'influx': False, 'efflux': False}}}

2024-11-15 19:47:21 - robotic_functions - [WARNING] - robotics not in idle mode, cannot start dilutions

2024-11-15 19:47:21 - evolver - [INFO] - running routine number: 174

2024-11-15 19:47:21 - robotic_functions - [INFO] - requesting robotics status

2024-11-15 19:47:21 - robotic_functions - [INFO] - {'type': 'robotics', 'data': {'mode': 'emergency_stop', 'active_quad': 'quad_0', 'active_pumps': [], 'vial_window': [], 'xArm': {'warning_code': 0, 'error_code': 0, 'arm_state': None, 'connected': False}, 'OctoPrint': {'octoprint_0': {'connection_status': True}}, 'prime_status': {'influx': False, 'efflux': False}}}

2024-11-15 19:47:21 - robotic_functions - [WARNING] - robotics not in idle mode, cannot start dilutions

2024-11-15 19:47:21 - evolver - [INFO] - running routine number: 175

2024-11-15 19:47:21 - robotic_functions - [INFO] - requesting robotics status

2024-11-15 19:47:21 - robotic_functions - [INFO] - {'type': 'robotics', 'data': {'mode': 'emergency_stop', 'active_quad': 'quad_0', 'active_pumps': [], 'vial_window': [], 'xArm': {'warning_code': 0, 'error_code': 0, 'arm_state': None, 'connected': False}, 'OctoPrint': {'octoprint_0': {'connection_status': True}}, 'prime_status': {'influx': False, 'efflux': False}}}

2024-11-15 19:47:21 - robotic_functions - [WARNING] - robotics not in idle mode, cannot start dilutions

2024-11-15 19:47:21 - evolver - [INFO] - running routine number: 176

2024-11-15 19:47:21 - robotic_functions - [INFO] - requesting robotics status

2024-11-15 19:47:21 - robotic_functions - [INFO] - {'type': 'robotics', 'data': {'mode': 'emergency_stop', 'active_quad': 'quad_0', 'active_pumps': [], 'vial_window': [], 'xArm': {'warning_code': 0, 'error_code': 0, 'arm_state': None, 'connected': False}, 'OctoPrint': {'octoprint_0': {'connection_status': True}}, 'prime_status': {'influx': False, 'efflux': False}}}

2024-11-15 19:47:21 - robotic_functions - [WARNING] - robotics not in idle mode, cannot start dilutions

2024-11-15 19:47:21 - evolver - [INFO] - running routine number: 177

2024-11-15 19:47:21 - robotic_functions - [INFO] - requesting robotics status

2024-11-15 19:47:21 - robotic_functions - [INFO] - {'type': 'robotics', 'data': {'mode': 'emergency_stop', 'active_quad': 'quad_0', 'active_pumps': [], 'vial_window': [], 'xArm': {'warning_code': 0, 'error_code': 0, 'arm_state': None, 'connected': False}, 'OctoPrint': {'octoprint_0': {'connection_status': True}}, 'prime_status': {'influx': False, 'efflux': False}}}

2024-11-15 19:47:21 - robotic_functions - [WARNING] - robotics not in idle mode, cannot start dilutions

2024-11-15 19:47:21 - evolver - [INFO] - running routine number: 178

2024-11-15 19:47:21 - robotic_functions - [INFO] - requesting robotics status

2024-11-15 19:47:21 - robotic_functions - [INFO] - {'type': 'robotics', 'data': {'mode': 'emergency_stop', 'active_quad': 'quad_0', 'active_pumps': [], 'vial_window': [], 'xArm': {'warning_code': 0, 'error_code': 0, 'arm_state': None, 'connected': False}, 'OctoPrint': {'octoprint_0': {'connection_status': True}}, 'prime_status': {'influx': False, 'efflux': False}}}

2024-11-15 19:47:21 - robotic_functions - [WARNING] - robotics not in idle mode, cannot start dilutions

2024-11-15 19:47:21 - evolver - [INFO] - running routine number: 179

2024-11-15 19:47:21 - robotic_functions - [INFO] - requesting robotics status

2024-11-15 19:47:21 - robotic_functions - [INFO] - {'type': 'robotics', 'data': {'mode': 'emergency_stop', 'active_quad': 'quad_0', 'active_pumps': [], 'vial_window': [], 'xArm': {'warning_code': 0, 'error_code': 0, 'arm_state': None, 'connected': False}, 'OctoPrint': {'octoprint_0': {'connection_status': True}}, 'prime_status': {'influx': False, 'efflux': False}}}

2024-11-15 19:47:21 - robotic_functions - [WARNING] - robotics not in idle mode, cannot start dilutions

2024-11-15 19:47:21 - evolver - [INFO] - running routine number: 180

2024-11-15 19:47:21 - robotic_functions - [INFO] - requesting robotics status

2024-11-15 19:47:21 - robotic_functions - [INFO] - {'type': 'robotics', 'data': {'mode': 'emergency_stop', 'active_quad': 'quad_0', 'active_pumps': [], 'vial_window': [], 'xArm': {'warning_code': 0, 'error_code': 0, 'arm_state': None, 'connected': False}, 'OctoPrint': {'octoprint_0': {'connection_status': True}}, 'prime_status': {'influx': False, 'efflux': False}}}

2024-11-15 19:47:21 - robotic_functions - [WARNING] - robotics not in idle mode, cannot start dilutions

2024-11-15 19:47:21 - evolver - [INFO] - running routine number: 181

2024-11-15 19:47:21 - robotic_functions - [INFO] - requesting robotics status

2024-11-15 19:47:22 - robotic_functions - [INFO] - {'type': 'robotics', 'data': {'mode': 'emergency_stop', 'active_quad': 'quad_0', 'active_pumps': [], 'vial_window': [], 'xArm': {'warning_code': 0, 'error_code': 0, 'arm_state': None, 'connected': False}, 'OctoPrint': {'octoprint_0': {'connection_status': True}}, 'prime_status': {'influx': False, 'efflux': False}}}

2024-11-15 19:47:22 - robotic_functions - [WARNING] - robotics not in idle mode, cannot start dilutions

2024-11-15 19:47:22 - evolver - [INFO] - running routine number: 182

2024-11-15 19:47:22 - robotic_functions - [INFO] - requesting robotics status

2024-11-15 19:47:22 - robotic_functions - [INFO] - {'type': 'robotics', 'data': {'mode': 'emergency_stop', 'active_quad': 'quad_0', 'active_pumps': [], 'vial_window': [], 'xArm': {'warning_code': 0, 'error_code': 0, 'arm_state': None, 'connected': False}, 'OctoPrint': {'octoprint_0': {'connection_status': True}}, 'prime_status': {'influx': False, 'efflux': False}}}

2024-11-15 19:47:22 - robotic_functions - [WARNING] - robotics not in idle mode, cannot start dilutions

2024-11-15 19:47:22 - evolver - [INFO] - running routine number: 183

2024-11-15 19:47:22 - robotic_functions - [INFO] - requesting robotics status

2024-11-15 19:47:22 - robotic_functions - [INFO] - {'type': 'robotics', 'data': {'mode': 'emergency_stop', 'active_quad': 'quad_0', 'active_pumps': [], 'vial_window': [], 'xArm': {'warning_code': 0, 'error_code': 0, 'arm_state': None, 'connected': False}, 'OctoPrint': {'octoprint_0': {'connection_status': True}}, 'prime_status': {'influx': False, 'efflux': False}}}

2024-11-15 19:47:22 - robotic_functions - [WARNING] - robotics not in idle mode, cannot start dilutions

2024-11-15 19:47:22 - evolver - [INFO] - running routine number: 184

2024-11-15 19:47:22 - robotic_functions - [INFO] - requesting robotics status

2024-11-15 19:47:22 - robotic_functions - [INFO] - {'type': 'robotics', 'data': {'mode': 'emergency_stop', 'active_quad': 'quad_0', 'active_pumps': [], 'vial_window': [], 'xArm': {'warning_code': 0, 'error_code': 0, 'arm_state': None, 'connected': False}, 'OctoPrint': {'octoprint_0': {'connection_status': True}}, 'prime_status': {'influx': False, 'efflux': False}}}

2024-11-15 19:47:22 - robotic_functions - [WARNING] - robotics not in idle mode, cannot start dilutions

2024-11-15 19:47:22 - evolver - [INFO] - running routine number: 185

2024-11-15 19:47:22 - robotic_functions - [INFO] - requesting robotics status

2024-11-15 19:47:22 - robotic_functions - [INFO] - {'type': 'robotics', 'data': {'mode': 'emergency_stop', 'active_quad': 'quad_0', 'active_pumps': [], 'vial_window': [], 'xArm': {'warning_code': 0, 'error_code': 0, 'arm_state': None, 'connected': False}, 'OctoPrint': {'octoprint_0': {'connection_status': True}}, 'prime_status': {'influx': False, 'efflux': False}}}

2024-11-15 19:47:22 - robotic_functions - [WARNING] - robotics not in idle mode, cannot start dilutions

2024-11-15 19:47:22 - evolver - [INFO] - running routine number: 186

2024-11-15 19:47:22 - robotic_functions - [INFO] - requesting robotics status

2024-11-15 19:47:22 - robotic_functions - [INFO] - {'type': 'robotics', 'data': {'mode': 'emergency_stop', 'active_quad': 'quad_0', 'active_pumps': [], 'vial_window': [], 'xArm': {'warning_code': 0, 'error_code': 0, 'arm_state': None, 'connected': False}, 'OctoPrint': {'octoprint_0': {'connection_status': True}}, 'prime_status': {'influx': False, 'efflux': False}}}

2024-11-15 19:47:22 - robotic_functions - [WARNING] - robotics not in idle mode, cannot start dilutions

2024-11-15 19:47:22 - evolver - [INFO] - running routine number: 187

2024-11-15 19:47:22 - robotic_functions - [INFO] - requesting robotics status

2024-11-15 19:47:22 - robotic_functions - [INFO] - {'type': 'robotics', 'data': {'mode': 'emergency_stop', 'active_quad': 'quad_0', 'active_pumps': [], 'vial_window': [], 'xArm': {'warning_code': 0, 'error_code': 0, 'arm_state': None, 'connected': False}, 'OctoPrint': {'octoprint_0': {'connection_status': True}}, 'prime_status': {'influx': False, 'efflux': False}}}

2024-11-15 19:47:22 - robotic_functions - [WARNING] - robotics not in idle mode, cannot start dilutions

2024-11-15 19:47:22 - evolver - [INFO] - running routine number: 188

2024-11-15 19:47:22 - robotic_functions - [INFO] - requesting robotics status

2024-11-15 19:47:22 - robotic_functions - [INFO] - {'type': 'robotics', 'data': {'mode': 'emergency_stop', 'active_quad': 'quad_0', 'active_pumps': [], 'vial_window': [], 'xArm': {'warning_code': 0, 'error_code': 0, 'arm_state': None, 'connected': False}, 'OctoPrint': {'octoprint_0': {'connection_status': True}}, 'prime_status': {'influx': False, 'efflux': False}}}

2024-11-15 19:47:22 - robotic_functions - [WARNING] - robotics not in idle mode, cannot start dilutions

2024-11-15 19:47:22 - evolver - [INFO] - running routine number: 189

2024-11-15 19:47:22 - robotic_functions - [INFO] - requesting robotics status

2024-11-15 19:47:22 - robotic_functions - [INFO] - {'type': 'robotics', 'data': {'mode': 'emergency_stop', 'active_quad': 'quad_0', 'active_pumps': [], 'vial_window': [], 'xArm': {'warning_code': 0, 'error_code': 0, 'arm_state': None, 'connected': False}, 'OctoPrint': {'octoprint_0': {'connection_status': True}}, 'prime_status': {'influx': False, 'efflux': False}}}

2024-11-15 19:47:22 - robotic_functions - [WARNING] - robotics not in idle mode, cannot start dilutions

2024-11-15 19:47:22 - evolver - [INFO] - running routine number: 190

2024-11-15 19:47:22 - robotic_functions - [INFO] - requesting robotics status

2024-11-15 19:47:22 - robotic_functions - [INFO] - {'type': 'robotics', 'data': {'mode': 'emergency_stop', 'active_quad': 'quad_0', 'active_pumps': [], 'vial_window': [], 'xArm': {'warning_code': 0, 'error_code': 0, 'arm_state': None, 'connected': False}, 'OctoPrint': {'octoprint_0': {'connection_status': True}}, 'prime_status': {'influx': False, 'efflux': False}}}

2024-11-15 19:47:23 - robotic_functions - [WARNING] - robotics not in idle mode, cannot start dilutions

2024-11-15 19:47:23 - evolver - [INFO] - running routine number: 191

2024-11-15 19:47:23 - robotic_functions - [INFO] - requesting robotics status

2024-11-15 19:47:23 - robotic_functions - [INFO] - {'type': 'robotics', 'data': {'mode': 'emergency_stop', 'active_quad': 'quad_0', 'active_pumps': [], 'vial_window': [], 'xArm': {'warning_code': 0, 'error_code': 0, 'arm_state': None, 'connected': False}, 'OctoPrint': {'octoprint_0': {'connection_status': True}}, 'prime_status': {'influx': False, 'efflux': False}}}

2024-11-15 19:47:23 - robotic_functions - [WARNING] - robotics not in idle mode, cannot start dilutions

2024-11-15 19:47:23 - evolver - [INFO] - running routine number: 192

2024-11-15 19:47:23 - robotic_functions - [INFO] - requesting robotics status

2024-11-15 19:47:23 - robotic_functions - [INFO] - {'type': 'robotics', 'data': {'mode': 'emergency_stop', 'active_quad': 'quad_0', 'active_pumps': [], 'vial_window': [], 'xArm': {'warning_code': 0, 'error_code': 0, 'arm_state': None, 'connected': False}, 'OctoPrint': {'octoprint_0': {'connection_status': True}}, 'prime_status': {'influx': False, 'efflux': False}}}

2024-11-15 19:47:23 - robotic_functions - [WARNING] - robotics not in idle mode, cannot start dilutions

2024-11-15 19:47:23 - evolver - [INFO] - running routine number: 193

2024-11-15 19:47:23 - robotic_functions - [INFO] - requesting robotics status

2024-11-15 19:47:23 - robotic_functions - [INFO] - {'type': 'robotics', 'data': {'mode': 'emergency_stop', 'active_quad': 'quad_0', 'active_pumps': [], 'vial_window': [], 'xArm': {'warning_code': 0, 'error_code': 0, 'arm_state': None, 'connected': False}, 'OctoPrint': {'octoprint_0': {'connection_status': True}}, 'prime_status': {'influx': False, 'efflux': False}}}

2024-11-15 19:47:23 - robotic_functions - [WARNING] - robotics not in idle mode, cannot start dilutions

2024-11-15 19:47:23 - evolver - [INFO] - running routine number: 194

2024-11-15 19:47:23 - robotic_functions - [INFO] - requesting robotics status

2024-11-15 19:47:23 - robotic_functions - [INFO] - {'type': 'robotics', 'data': {'mode': 'emergency_stop', 'active_quad': 'quad_0', 'active_pumps': [], 'vial_window': [], 'xArm': {'warning_code': 0, 'error_code': 0, 'arm_state': None, 'connected': False}, 'OctoPrint': {'octoprint_0': {'connection_status': True}}, 'prime_status': {'influx': False, 'efflux': False}}}

2024-11-15 19:47:23 - robotic_functions - [WARNING] - robotics not in idle mode, cannot start dilutions

2024-11-15 19:47:23 - evolver - [INFO] - running routine number: 195

2024-11-15 19:47:23 - robotic_functions - [INFO] - requesting robotics status

2024-11-15 19:47:23 - robotic_functions - [INFO] - {'type': 'robotics', 'data': {'mode': 'emergency_stop', 'active_quad': 'quad_0', 'active_pumps': [], 'vial_window': [], 'xArm': {'warning_code': 0, 'error_code': 0, 'arm_state': None, 'connected': False}, 'OctoPrint': {'octoprint_0': {'connection_status': True}}, 'prime_status': {'influx': False, 'efflux': False}}}

2024-11-15 19:47:23 - robotic_functions - [WARNING] - robotics not in idle mode, cannot start dilutions

2024-11-15 19:47:23 - evolver - [INFO] - running routine number: 196

2024-11-15 19:47:23 - robotic_functions - [INFO] - requesting robotics status

2024-11-15 19:47:23 - robotic_functions - [INFO] - {'type': 'robotics', 'data': {'mode': 'emergency_stop', 'active_quad': 'quad_0', 'active_pumps': [], 'vial_window': [], 'xArm': {'warning_code': 0, 'error_code': 0, 'arm_state': None, 'connected': False}, 'OctoPrint': {'octoprint_0': {'connection_status': True}}, 'prime_status': {'influx': False, 'efflux': False}}}

2024-11-15 19:47:23 - robotic_functions - [WARNING] - robotics not in idle mode, cannot start dilutions

2024-11-15 19:47:23 - evolver - [INFO] - running routine number: 197

2024-11-15 19:47:23 - robotic_functions - [INFO] - requesting robotics status

2024-11-15 19:47:23 - robotic_functions - [INFO] - {'type': 'robotics', 'data': {'mode': 'emergency_stop', 'active_quad': 'quad_0', 'active_pumps': [], 'vial_window': [], 'xArm': {'warning_code': 0, 'error_code': 0, 'arm_state': None, 'connected': False}, 'OctoPrint': {'octoprint_0': {'connection_status': True}}, 'prime_status': {'influx': False, 'efflux': False}}}

2024-11-15 19:47:23 - robotic_functions - [WARNING] - robotics not in idle mode, cannot start dilutions

2024-11-15 19:47:23 - evolver - [INFO] - running routine number: 198

2024-11-15 19:47:23 - robotic_functions - [INFO] - requesting robotics status

2024-11-15 19:47:23 - robotic_functions - [INFO] - {'type': 'robotics', 'data': {'mode': 'emergency_stop', 'active_quad': 'quad_0', 'active_pumps': [], 'vial_window': [], 'xArm': {'warning_code': 0, 'error_code': 0, 'arm_state': None, 'connected': False}, 'OctoPrint': {'octoprint_0': {'connection_status': True}}, 'prime_status': {'influx': False, 'efflux': False}}}

2024-11-15 19:47:23 - robotic_functions - [WARNING] - robotics not in idle mode, cannot start dilutions

2024-11-15 19:47:23 - evolver - [INFO] - running routine number: 199

2024-11-15 19:47:23 - robotic_functions - [INFO] - requesting robotics status

2024-11-15 19:47:23 - robotic_functions - [INFO] - {'type': 'robotics', 'data': {'mode': 'emergency_stop', 'active_quad': 'quad_0', 'active_pumps': [], 'vial_window': [], 'xArm': {'warning_code': 0, 'error_code': 0, 'arm_state': None, 'connected': False}, 'OctoPrint': {'octoprint_0': {'connection_status': True}}, 'prime_status': {'influx': False, 'efflux': False}}}

2024-11-15 19:47:23 - robotic_functions - [WARNING] - robotics not in idle mode, cannot start dilutions

2024-11-15 19:47:23 - evolver - [INFO] - running routine number: 200

2024-11-15 19:47:23 - robotic_functions - [INFO] - requesting robotics status

2024-11-15 19:47:23 - robotic_functions - [INFO] - {'type': 'robotics', 'data': {'mode': 'emergency_stop', 'active_quad': 'quad_0', 'active_pumps': [], 'vial_window': [], 'xArm': {'warning_code': 0, 'error_code': 0, 'arm_state': None, 'connected': False}, 'OctoPrint': {'octoprint_0': {'connection_status': True}}, 'prime_status': {'influx': False, 'efflux': False}}}

2024-11-15 19:47:24 - robotic_functions - [WARNING] - robotics not in idle mode, cannot start dilutions

2024-11-15 19:47:24 - evolver - [INFO] - running routine number: 201

2024-11-15 19:47:24 - robotic_functions - [INFO] - requesting robotics status

2024-11-15 19:47:24 - robotic_functions - [INFO] - {'type': 'robotics', 'data': {'mode': 'emergency_stop', 'active_quad': 'quad_0', 'active_pumps': [], 'vial_window': [], 'xArm': {'warning_code': 0, 'error_code': 0, 'arm_state': None, 'connected': False}, 'OctoPrint': {'octoprint_0': {'connection_status': True}}, 'prime_status': {'influx': False, 'efflux': False}}}

2024-11-15 19:47:24 - robotic_functions - [WARNING] - robotics not in idle mode, cannot start dilutions

2024-11-15 19:47:24 - evolver - [INFO] - running routine number: 202

2024-11-15 19:47:24 - robotic_functions - [INFO] - requesting robotics status

2024-11-15 19:47:24 - robotic_functions - [INFO] - {'type': 'robotics', 'data': {'mode': 'emergency_stop', 'active_quad': 'quad_0', 'active_pumps': [], 'vial_window': [], 'xArm': {'warning_code': 0, 'error_code': 0, 'arm_state': None, 'connected': False}, 'OctoPrint': {'octoprint_0': {'connection_status': True}}, 'prime_status': {'influx': False, 'efflux': False}}}

2024-11-15 19:47:24 - robotic_functions - [WARNING] - robotics not in idle mode, cannot start dilutions

2024-11-15 19:47:24 - evolver - [INFO] - running routine number: 203

2024-11-15 19:47:24 - robotic_functions - [INFO] - requesting robotics status

2024-11-15 19:47:24 - robotic_functions - [INFO] - {'type': 'robotics', 'data': {'mode': 'emergency_stop', 'active_quad': 'quad_0', 'active_pumps': [], 'vial_window': [], 'xArm': {'warning_code': 0, 'error_code': 0, 'arm_state': None, 'connected': False}, 'OctoPrint': {'octoprint_0': {'connection_status': True}}, 'prime_status': {'influx': False, 'efflux': False}}}

2024-11-15 19:47:24 - robotic_functions - [WARNING] - robotics not in idle mode, cannot start dilutions

2024-11-15 19:47:24 - evolver - [INFO] - running routine number: 204

2024-11-15 19:47:24 - robotic_functions - [INFO] - requesting robotics status

2024-11-15 19:47:24 - robotic_functions - [INFO] - {'type': 'robotics', 'data': {'mode': 'emergency_stop', 'active_quad': 'quad_0', 'active_pumps': [], 'vial_window': [], 'xArm': {'warning_code': 0, 'error_code': 0, 'arm_state': None, 'connected': False}, 'OctoPrint': {'octoprint_0': {'connection_status': True}}, 'prime_status': {'influx': False, 'efflux': False}}}

2024-11-15 19:47:24 - robotic_functions - [WARNING] - robotics not in idle mode, cannot start dilutions

2024-11-15 19:47:24 - evolver - [INFO] - running routine number: 205

2024-11-15 19:47:24 - robotic_functions - [INFO] - requesting robotics status

2024-11-15 19:47:24 - robotic_functions - [INFO] - {'type': 'robotics', 'data': {'mode': 'emergency_stop', 'active_quad': 'quad_0', 'active_pumps': [], 'vial_window': [], 'xArm': {'warning_code': 0, 'error_code': 0, 'arm_state': None, 'connected': False}, 'OctoPrint': {'octoprint_0': {'connection_status': True}}, 'prime_status': {'influx': False, 'efflux': False}}}

2024-11-15 19:47:24 - robotic_functions - [WARNING] - robotics not in idle mode, cannot start dilutions

2024-11-15 19:47:24 - evolver - [INFO] - running routine number: 206

2024-11-15 19:47:24 - robotic_functions - [INFO] - requesting robotics status

2024-11-15 19:47:24 - robotic_functions - [INFO] - {'type': 'robotics', 'data': {'mode': 'emergency_stop', 'active_quad': 'quad_0', 'active_pumps': [], 'vial_window': [], 'xArm': {'warning_code': 0, 'error_code': 0, 'arm_state': None, 'connected': False}, 'OctoPrint': {'octoprint_0': {'connection_status': True}}, 'prime_status': {'influx': False, 'efflux': False}}}

2024-11-15 19:47:24 - robotic_functions - [WARNING] - robotics not in idle mode, cannot start dilutions

2024-11-15 19:47:24 - evolver - [INFO] - running routine number: 207

2024-11-15 19:47:24 - robotic_functions - [INFO] - requesting robotics status

2024-11-15 19:47:24 - robotic_functions - [INFO] - {'type': 'robotics', 'data': {'mode': 'emergency_stop', 'active_quad': 'quad_0', 'active_pumps': [], 'vial_window': [], 'xArm': {'warning_code': 0, 'error_code': 0, 'arm_state': None, 'connected': False}, 'OctoPrint': {'octoprint_0': {'connection_status': True}}, 'prime_status': {'influx': False, 'efflux': False}}}

2024-11-15 19:47:24 - robotic_functions - [WARNING] - robotics not in idle mode, cannot start dilutions

2024-11-15 19:47:24 - evolver - [INFO] - running routine number: 208

2024-11-15 19:47:24 - robotic_functions - [INFO] - requesting robotics status

2024-11-15 19:47:24 - robotic_functions - [INFO] - {'type': 'robotics', 'data': {'mode': 'emergency_stop', 'active_quad': 'quad_0', 'active_pumps': [], 'vial_window': [], 'xArm': {'warning_code': 0, 'error_code': 0, 'arm_state': None, 'connected': False}, 'OctoPrint': {'octoprint_0': {'connection_status': False}}, 'prime_status': {'influx': False, 'efflux': False}}}

2024-11-15 19:47:24 - robotic_functions - [WARNING] - robotics not in idle mode, cannot start dilutions

2024-11-15 19:47:24 - evolver - [INFO] - running routine number: 209

2024-11-15 19:47:24 - robotic_functions - [INFO] - requesting robotics status

2024-11-15 19:47:24 - robotic_functions - [INFO] - Robotics broadcast received

2024-11-15 19:47:24 - robotic_functions - [INFO] - {'type': 'robotics', 'data': {'mode': 'emergency_stop', 'active_quad': 'quad_0', 'active_pumps': [], 'vial_window': [], 'xArm': {'warning_code': 0, 'error_code': 0, 'arm_state': None, 'connected': False}, 'OctoPrint': {'octoprint_0': {'connection_status': False}}, 'prime_status': {'influx': False, 'efflux': False}}}

2024-11-15 19:47:25 - robotic_functions - [WARNING] - robotics not in idle mode, cannot start dilutions

2024-11-15 19:47:25 - evolver - [INFO] - running routine number: 210

2024-11-15 19:47:25 - robotic_functions - [INFO] - requesting robotics status

2024-11-15 19:47:25 - robotic_functions - [INFO] - {'type': 'robotics', 'data': {'mode': 'emergency_stop', 'active_quad': 'quad_0', 'active_pumps': [], 'vial_window': [], 'xArm': {'warning_code': 0, 'error_code': 0, 'arm_state': None, 'connected': False}, 'OctoPrint': {'octoprint_0': {'connection_status': False}}, 'prime_status': {'influx': False, 'efflux': False}}}

2024-11-15 19:47:25 - robotic_functions - [WARNING] - robotics not in idle mode, cannot start dilutions

2024-11-15 19:47:25 - evolver - [INFO] - running routine number: 211

2024-11-15 19:47:25 - robotic_functions - [INFO] - requesting robotics status

2024-11-15 19:47:25 - robotic_functions - [INFO] - {'type': 'robotics', 'data': {'mode': 'emergency_stop', 'active_quad': 'quad_0', 'active_pumps': [], 'vial_window': [], 'xArm': {'warning_code': 0, 'error_code': 0, 'arm_state': None, 'connected': False}, 'OctoPrint': {'octoprint_0': {'connection_status': False}}, 'prime_status': {'influx': False, 'efflux': False}}}

2024-11-15 19:47:25 - robotic_functions - [WARNING] - robotics not in idle mode, cannot start dilutions

2024-11-15 19:47:25 - evolver - [INFO] - running routine number: 212

2024-11-15 19:47:25 - robotic_functions - [INFO] - requesting robotics status

2024-11-15 19:47:25 - robotic_functions - [INFO] - {'type': 'robotics', 'data': {'mode': 'emergency_stop', 'active_quad': 'quad_0', 'active_pumps': [], 'vial_window': [], 'xArm': {'warning_code': 0, 'error_code': 0, 'arm_state': None, 'connected': False}, 'OctoPrint': {'octoprint_0': {'connection_status': False}}, 'prime_status': {'influx': False, 'efflux': False}}}

2024-11-15 19:47:25 - robotic_functions - [WARNING] - robotics not in idle mode, cannot start dilutions

2024-11-15 19:47:25 - evolver - [INFO] - running routine number: 213

2024-11-15 19:47:25 - robotic_functions - [INFO] - requesting robotics status

2024-11-15 19:47:25 - robotic_functions - [INFO] - {'type': 'robotics', 'data': {'mode': 'emergency_stop', 'active_quad': 'quad_0', 'active_pumps': [], 'vial_window': [], 'xArm': {'warning_code': 0, 'error_code': 0, 'arm_state': None, 'connected': False}, 'OctoPrint': {'octoprint_0': {'connection_status': False}}, 'prime_status': {'influx': False, 'efflux': False}}}

2024-11-15 19:47:25 - robotic_functions - [WARNING] - robotics not in idle mode, cannot start dilutions

2024-11-15 19:47:25 - evolver - [INFO] - running routine number: 214

2024-11-15 19:47:25 - robotic_functions - [INFO] - requesting robotics status

2024-11-15 19:47:25 - robotic_functions - [INFO] - {'type': 'robotics', 'data': {'mode': 'emergency_stop', 'active_quad': 'quad_0', 'active_pumps': [], 'vial_window': [], 'xArm': {'warning_code': 0, 'error_code': 0, 'arm_state': None, 'connected': False}, 'OctoPrint': {'octoprint_0': {'connection_status': False}}, 'prime_status': {'influx': False, 'efflux': False}}}

2024-11-15 19:47:25 - robotic_functions - [WARNING] - robotics not in idle mode, cannot start dilutions

2024-11-15 19:47:25 - evolver - [INFO] - running routine number: 215

2024-11-15 19:47:25 - robotic_functions - [INFO] - requesting robotics status

2024-11-15 19:47:25 - robotic_functions - [INFO] - {'type': 'robotics', 'data': {'mode': 'emergency_stop', 'active_quad': 'quad_0', 'active_pumps': [], 'vial_window': [], 'xArm': {'warning_code': 0, 'error_code': 0, 'arm_state': None, 'connected': False}, 'OctoPrint': {'octoprint_0': {'connection_status': False}}, 'prime_status': {'influx': False, 'efflux': False}}}

2024-11-15 19:47:25 - robotic_functions - [WARNING] - robotics not in idle mode, cannot start dilutions

2024-11-15 19:47:25 - evolver - [INFO] - running routine number: 216

2024-11-15 19:47:25 - robotic_functions - [INFO] - requesting robotics status

2024-11-15 19:47:25 - robotic_functions - [INFO] - {'type': 'robotics', 'data': {'mode': 'emergency_stop', 'active_quad': 'quad_0', 'active_pumps': [], 'vial_window': [], 'xArm': {'warning_code': 0, 'error_code': 0, 'arm_state': None, 'connected': False}, 'OctoPrint': {'octoprint_0': {'connection_status': False}}, 'prime_status': {'influx': False, 'efflux': False}}}

2024-11-15 19:47:25 - robotic_functions - [WARNING] - robotics not in idle mode, cannot start dilutions

2024-11-15 19:47:25 - evolver - [INFO] - running routine number: 217

2024-11-15 19:47:25 - robotic_functions - [INFO] - requesting robotics status

2024-11-15 19:47:25 - robotic_functions - [INFO] - {'type': 'robotics', 'data': {'mode': 'emergency_stop', 'active_quad': 'quad_0', 'active_pumps': [], 'vial_window': [], 'xArm': {'warning_code': 0, 'error_code': 0, 'arm_state': None, 'connected': False}, 'OctoPrint': {'octoprint_0': {'connection_status': False}}, 'prime_status': {'influx': False, 'efflux': False}}}

2024-11-15 19:47:25 - robotic_functions - [WARNING] - robotics not in idle mode, cannot start dilutions

2024-11-15 19:47:25 - evolver - [INFO] - running routine number: 218

2024-11-15 19:47:25 - robotic_functions - [INFO] - requesting robotics status

2024-11-15 19:47:25 - robotic_functions - [INFO] - {'type': 'robotics', 'data': {'mode': 'emergency_stop', 'active_quad': 'quad_0', 'active_pumps': [], 'vial_window': [], 'xArm': {'warning_code': 0, 'error_code': 0, 'arm_state': None, 'connected': False}, 'OctoPrint': {'octoprint_0': {'connection_status': False}}, 'prime_status': {'influx': False, 'efflux': False}}}

2024-11-15 19:47:25 - robotic_functions - [WARNING] - robotics not in idle mode, cannot start dilutions

2024-11-15 19:47:25 - evolver - [INFO] - running routine number: 219

2024-11-15 19:47:25 - robotic_functions - [INFO] - requesting robotics status

2024-11-15 19:47:25 - robotic_functions - [INFO] - {'type': 'robotics', 'data': {'mode': 'emergency_stop', 'active_quad': 'quad_0', 'active_pumps': [], 'vial_window': [], 'xArm': {'warning_code': 0, 'error_code': 0, 'arm_state': None, 'connected': False}, 'OctoPrint': {'octoprint_0': {'connection_status': False}}, 'prime_status': {'influx': False, 'efflux': False}}}

2024-11-15 19:47:26 - robotic_functions - [WARNING] - robotics not in idle mode, cannot start dilutions

2024-11-15 19:47:26 - evolver - [INFO] - running routine number: 220

2024-11-15 19:47:26 - robotic_functions - [INFO] - requesting robotics status

2024-11-15 19:47:26 - robotic_functions - [INFO] - {'type': 'robotics', 'data': {'mode': 'emergency_stop', 'active_quad': 'quad_0', 'active_pumps': [], 'vial_window': [], 'xArm': {'warning_code': 0, 'error_code': 0, 'arm_state': None, 'connected': False}, 'OctoPrint': {'octoprint_0': {'connection_status': False}}, 'prime_status': {'influx': False, 'efflux': False}}}

2024-11-15 19:47:26 - robotic_functions - [WARNING] - robotics not in idle mode, cannot start dilutions

2024-11-15 19:47:26 - evolver - [INFO] - running routine number: 221

2024-11-15 19:47:26 - robotic_functions - [INFO] - requesting robotics status

2024-11-15 19:47:26 - robotic_functions - [INFO] - {'type': 'robotics', 'data': {'mode': 'emergency_stop', 'active_quad': 'quad_0', 'active_pumps': [], 'vial_window': [], 'xArm': {'warning_code': 0, 'error_code': 0, 'arm_state': None, 'connected': False}, 'OctoPrint': {'octoprint_0': {'connection_status': False}}, 'prime_status': {'influx': False, 'efflux': False}}}

2024-11-15 19:47:26 - robotic_functions - [WARNING] - robotics not in idle mode, cannot start dilutions

2024-11-15 19:47:26 - evolver - [INFO] - running routine number: 222

2024-11-15 19:47:26 - robotic_functions - [INFO] - requesting robotics status

2024-11-15 19:47:26 - robotic_functions - [INFO] - {'type': 'robotics', 'data': {'mode': 'emergency_stop', 'active_quad': 'quad_0', 'active_pumps': [], 'vial_window': [], 'xArm': {'warning_code': 0, 'error_code': 0, 'arm_state': None, 'connected': False}, 'OctoPrint': {'octoprint_0': {'connection_status': False}}, 'prime_status': {'influx': False, 'efflux': False}}}

2024-11-15 19:47:26 - robotic_functions - [WARNING] - robotics not in idle mode, cannot start dilutions

2024-11-15 19:47:26 - evolver - [INFO] - running routine number: 223

2024-11-15 19:47:26 - robotic_functions - [INFO] - requesting robotics status

2024-11-15 19:47:26 - robotic_functions - [INFO] - {'type': 'robotics', 'data': {'mode': 'emergency_stop', 'active_quad': 'quad_0', 'active_pumps': [], 'vial_window': [], 'xArm': {'warning_code': 0, 'error_code': 0, 'arm_state': None, 'connected': False}, 'OctoPrint': {'octoprint_0': {'connection_status': False}}, 'prime_status': {'influx': False, 'efflux': False}}}

2024-11-15 19:47:26 - robotic_functions - [WARNING] - robotics not in idle mode, cannot start dilutions

2024-11-15 19:47:26 - evolver - [INFO] - running routine number: 224

2024-11-15 19:47:26 - robotic_functions - [INFO] - requesting robotics status

2024-11-15 19:47:26 - robotic_functions - [INFO] - {'type': 'robotics', 'data': {'mode': 'emergency_stop', 'active_quad': 'quad_0', 'active_pumps': [], 'vial_window': [], 'xArm': {'warning_code': 0, 'error_code': 0, 'arm_state': None, 'connected': False}, 'OctoPrint': {'octoprint_0': {'connection_status': False}}, 'prime_status': {'influx': False, 'efflux': False}}}

2024-11-15 19:47:26 - robotic_functions - [WARNING] - robotics not in idle mode, cannot start dilutions

2024-11-15 19:47:26 - evolver - [INFO] - running routine number: 225

2024-11-15 19:47:26 - robotic_functions - [INFO] - requesting robotics status

2024-11-15 19:47:26 - robotic_functions - [INFO] - {'type': 'robotics', 'data': {'mode': 'emergency_stop', 'active_quad': 'quad_0', 'active_pumps': [], 'vial_window': [], 'xArm': {'warning_code': 0, 'error_code': 0, 'arm_state': None, 'connected': False}, 'OctoPrint': {'octoprint_0': {'connection_status': False}}, 'prime_status': {'influx': False, 'efflux': False}}}

2024-11-15 19:47:26 - robotic_functions - [WARNING] - robotics not in idle mode, cannot start dilutions

2024-11-15 19:47:26 - evolver - [INFO] - running routine number: 226

2024-11-15 19:47:26 - robotic_functions - [INFO] - requesting robotics status

2024-11-15 19:47:26 - robotic_functions - [INFO] - {'type': 'robotics', 'data': {'mode': 'emergency_stop', 'active_quad': 'quad_0', 'active_pumps': [], 'vial_window': [], 'xArm': {'warning_code': 0, 'error_code': 0, 'arm_state': None, 'connected': False}, 'OctoPrint': {'octoprint_0': {'connection_status': False}}, 'prime_status': {'influx': False, 'efflux': False}}}

2024-11-15 19:47:26 - robotic_functions - [WARNING] - robotics not in idle mode, cannot start dilutions

2024-11-15 19:47:26 - evolver - [INFO] - running routine number: 227

2024-11-15 19:47:26 - robotic_functions - [INFO] - requesting robotics status

2024-11-15 19:47:26 - robotic_functions - [INFO] - {'type': 'robotics', 'data': {'mode': 'emergency_stop', 'active_quad': 'quad_0', 'active_pumps': [], 'vial_window': [], 'xArm': {'warning_code': 0, 'error_code': 0, 'arm_state': None, 'connected': False}, 'OctoPrint': {'octoprint_0': {'connection_status': False}}, 'prime_status': {'influx': False, 'efflux': False}}}

2024-11-15 19:47:26 - robotic_functions - [WARNING] - robotics not in idle mode, cannot start dilutions

2024-11-15 19:47:26 - evolver - [INFO] - running routine number: 228

2024-11-15 19:47:26 - robotic_functions - [INFO] - requesting robotics status

2024-11-15 19:47:26 - robotic_functions - [INFO] - {'type': 'robotics', 'data': {'mode': 'emergency_stop', 'active_quad': 'quad_0', 'active_pumps': [], 'vial_window': [], 'xArm': {'warning_code': 0, 'error_code': 0, 'arm_state': None, 'connected': False}, 'OctoPrint': {'octoprint_0': {'connection_status': False}}, 'prime_status': {'influx': False, 'efflux': False}}}

2024-11-15 19:47:27 - robotic_functions - [WARNING] - robotics not in idle mode, cannot start dilutions

2024-11-15 19:47:27 - evolver - [INFO] - running routine number: 229

2024-11-15 19:47:27 - robotic_functions - [INFO] - requesting robotics status

2024-11-15 19:47:27 - robotic_functions - [INFO] - {'type': 'robotics', 'data': {'mode': 'emergency_stop', 'active_quad': 'quad_0', 'active_pumps': [], 'vial_window': [], 'xArm': {'warning_code': 0, 'error_code': 0, 'arm_state': None, 'connected': False}, 'OctoPrint': {'octoprint_0': {'connection_status': False}}, 'prime_status': {'influx': False, 'efflux': False}}}

2024-11-15 19:47:27 - robotic_functions - [WARNING] - robotics not in idle mode, cannot start dilutions

2024-11-15 19:47:27 - evolver - [INFO] - running routine number: 230

2024-11-15 19:47:27 - robotic_functions - [INFO] - requesting robotics status

2024-11-15 19:47:27 - robotic_functions - [INFO] - {'type': 'robotics', 'data': {'mode': 'emergency_stop', 'active_quad': 'quad_0', 'active_pumps': [], 'vial_window': [], 'xArm': {'warning_code': 0, 'error_code': 0, 'arm_state': None, 'connected': False}, 'OctoPrint': {'octoprint_0': {'connection_status': False}}, 'prime_status': {'influx': False, 'efflux': False}}}

2024-11-15 19:47:27 - robotic_functions - [WARNING] - robotics not in idle mode, cannot start dilutions

2024-11-15 19:47:27 - evolver - [INFO] - running routine number: 231

2024-11-15 19:47:27 - robotic_functions - [INFO] - requesting robotics status

2024-11-15 19:47:27 - robotic_functions - [INFO] - {'type': 'robotics', 'data': {'mode': 'emergency_stop', 'active_quad': 'quad_0', 'active_pumps': [], 'vial_window': [], 'xArm': {'warning_code': 0, 'error_code': 0, 'arm_state': None, 'connected': False}, 'OctoPrint': {'octoprint_0': {'connection_status': False}}, 'prime_status': {'influx': False, 'efflux': False}}}

2024-11-15 19:47:27 - robotic_functions - [WARNING] - robotics not in idle mode, cannot start dilutions

2024-11-15 19:47:27 - evolver - [INFO] - running routine number: 232

2024-11-15 19:47:27 - robotic_functions - [INFO] - requesting robotics status

2024-11-15 19:47:27 - robotic_functions - [INFO] - {'type': 'robotics', 'data': {'mode': 'emergency_stop', 'active_quad': 'quad_0', 'active_pumps': [], 'vial_window': [], 'xArm': {'warning_code': 0, 'error_code': 0, 'arm_state': None, 'connected': False}, 'OctoPrint': {'octoprint_0': {'connection_status': False}}, 'prime_status': {'influx': False, 'efflux': False}}}

2024-11-15 19:47:27 - robotic_functions - [WARNING] - robotics not in idle mode, cannot start dilutions

2024-11-15 19:47:27 - evolver - [INFO] - running routine number: 233

2024-11-15 19:47:27 - robotic_functions - [INFO] - requesting robotics status

2024-11-15 19:47:27 - robotic_functions - [INFO] - {'type': 'robotics', 'data': {'mode': 'emergency_stop', 'active_quad': 'quad_0', 'active_pumps': [], 'vial_window': [], 'xArm': {'warning_code': 0, 'error_code': 0, 'arm_state': None, 'connected': False}, 'OctoPrint': {'octoprint_0': {'connection_status': False}}, 'prime_status': {'influx': False, 'efflux': False}}}

2024-11-15 19:47:27 - robotic_functions - [WARNING] - robotics not in idle mode, cannot start dilutions

2024-11-15 19:47:27 - evolver - [INFO] - running routine number: 234

2024-11-15 19:47:27 - robotic_functions - [INFO] - requesting robotics status

2024-11-15 19:47:27 - robotic_functions - [INFO] - {'type': 'robotics', 'data': {'mode': 'emergency_stop', 'active_quad': 'quad_0', 'active_pumps': [], 'vial_window': [], 'xArm': {'warning_code': 0, 'error_code': 0, 'arm_state': None, 'connected': False}, 'OctoPrint': {'octoprint_0': {'connection_status': False}}, 'prime_status': {'influx': False, 'efflux': False}}}

2024-11-15 19:47:27 - robotic_functions - [WARNING] - robotics not in idle mode, cannot start dilutions

2024-11-15 19:47:27 - evolver - [INFO] - running routine number: 235

2024-11-15 19:47:27 - robotic_functions - [INFO] - requesting robotics status

2024-11-15 19:47:27 - robotic_functions - [INFO] - {'type': 'robotics', 'data': {'mode': 'emergency_stop', 'active_quad': 'quad_0', 'active_pumps': [], 'vial_window': [], 'xArm': {'warning_code': 0, 'error_code': 0, 'arm_state': None, 'connected': False}, 'OctoPrint': {'octoprint_0': {'connection_status': False}}, 'prime_status': {'influx': False, 'efflux': False}}}

2024-11-15 19:47:27 - robotic_functions - [WARNING] - robotics not in idle mode, cannot start dilutions

2024-11-15 19:47:27 - evolver - [INFO] - running routine number: 236

2024-11-15 19:47:27 - robotic_functions - [INFO] - requesting robotics status

2024-11-15 19:47:27 - robotic_functions - [INFO] - {'type': 'robotics', 'data': {'mode': 'emergency_stop', 'active_quad': 'quad_0', 'active_pumps': [], 'vial_window': [], 'xArm': {'warning_code': 0, 'error_code': 0, 'arm_state': None, 'connected': False}, 'OctoPrint': {'octoprint_0': {'connection_status': False}}, 'prime_status': {'influx': False, 'efflux': False}}}

2024-11-15 19:47:27 - robotic_functions - [WARNING] - robotics not in idle mode, cannot start dilutions

2024-11-15 19:47:27 - evolver - [INFO] - running routine number: 237

2024-11-15 19:47:27 - robotic_functions - [INFO] - requesting robotics status

2024-11-15 19:47:27 - robotic_functions - [INFO] - {'type': 'robotics', 'data': {'mode': 'emergency_stop', 'active_quad': 'quad_0', 'active_pumps': [], 'vial_window': [], 'xArm': {'warning_code': 0, 'error_code': 0, 'arm_state': None, 'connected': False}, 'OctoPrint': {'octoprint_0': {'connection_status': False}}, 'prime_status': {'influx': False, 'efflux': False}}}

2024-11-15 19:47:27 - robotic_functions - [WARNING] - robotics not in idle mode, cannot start dilutions

2024-11-15 19:47:27 - evolver - [INFO] - running routine number: 238

2024-11-15 19:47:27 - robotic_functions - [INFO] - requesting robotics status

2024-11-15 19:47:27 - robotic_functions - [INFO] - {'type': 'robotics', 'data': {'mode': 'emergency_stop', 'active_quad': 'quad_0', 'active_pumps': [], 'vial_window': [], 'xArm': {'warning_code': 0, 'error_code': 0, 'arm_state': None, 'connected': False}, 'OctoPrint': {'octoprint_0': {'connection_status': False}}, 'prime_status': {'influx': False, 'efflux': False}}}

2024-11-15 19:47:28 - robotic_functions - [WARNING] - robotics not in idle mode, cannot start dilutions

2024-11-15 19:47:28 - evolver - [INFO] - running routine number: 239

2024-11-15 19:47:28 - robotic_functions - [INFO] - requesting robotics status

2024-11-15 19:47:28 - robotic_functions - [INFO] - {'type': 'robotics', 'data': {'mode': 'emergency_stop', 'active_quad': 'quad_0', 'active_pumps': [], 'vial_window': [], 'xArm': {'warning_code': 0, 'error_code': 0, 'arm_state': None, 'connected': False}, 'OctoPrint': {'octoprint_0': {'connection_status': False}}, 'prime_status': {'influx': False, 'efflux': False}}}

2024-11-15 19:47:28 - robotic_functions - [WARNING] - robotics not in idle mode, cannot start dilutions

2024-11-15 19:47:28 - evolver - [INFO] - running routine number: 240

2024-11-15 19:47:28 - robotic_functions - [INFO] - requesting robotics status

2024-11-15 19:47:28 - robotic_functions - [INFO] - {'type': 'robotics', 'data': {'mode': 'emergency_stop', 'active_quad': 'quad_0', 'active_pumps': [], 'vial_window': [], 'xArm': {'warning_code': 0, 'error_code': 0, 'arm_state': None, 'connected': False}, 'OctoPrint': {'octoprint_0': {'connection_status': False}}, 'prime_status': {'influx': False, 'efflux': False}}}

2024-11-15 19:47:28 - robotic_functions - [WARNING] - robotics not in idle mode, cannot start dilutions

2024-11-15 19:47:28 - evolver - [INFO] - running routine number: 241

2024-11-15 19:47:28 - robotic_functions - [INFO] - requesting robotics status

2024-11-15 19:47:28 - robotic_functions - [INFO] - {'type': 'robotics', 'data': {'mode': 'emergency_stop', 'active_quad': 'quad_0', 'active_pumps': [], 'vial_window': [], 'xArm': {'warning_code': 0, 'error_code': 0, 'arm_state': None, 'connected': False}, 'OctoPrint': {'octoprint_0': {'connection_status': False}}, 'prime_status': {'influx': False, 'efflux': False}}}

2024-11-15 19:47:28 - robotic_functions - [WARNING] - robotics not in idle mode, cannot start dilutions

2024-11-15 19:47:28 - evolver - [INFO] - running routine number: 242

2024-11-15 19:47:28 - robotic_functions - [INFO] - requesting robotics status

2024-11-15 19:47:28 - robotic_functions - [INFO] - {'type': 'robotics', 'data': {'mode': 'emergency_stop', 'active_quad': 'quad_0', 'active_pumps': [], 'vial_window': [], 'xArm': {'warning_code': 0, 'error_code': 0, 'arm_state': None, 'connected': False}, 'OctoPrint': {'octoprint_0': {'connection_status': False}}, 'prime_status': {'influx': False, 'efflux': False}}}

2024-11-15 19:47:28 - robotic_functions - [WARNING] - robotics not in idle mode, cannot start dilutions

2024-11-15 19:47:28 - evolver - [INFO] - running routine number: 243

2024-11-15 19:47:28 - robotic_functions - [INFO] - requesting robotics status

2024-11-15 19:47:28 - robotic_functions - [INFO] - {'type': 'robotics', 'data': {'mode': 'emergency_stop', 'active_quad': 'quad_0', 'active_pumps': [], 'vial_window': [], 'xArm': {'warning_code': 0, 'error_code': 0, 'arm_state': None, 'connected': False}, 'OctoPrint': {'octoprint_0': {'connection_status': False}}, 'prime_status': {'influx': False, 'efflux': False}}}

2024-11-15 19:47:28 - robotic_functions - [WARNING] - robotics not in idle mode, cannot start dilutions

2024-11-15 19:47:28 - evolver - [INFO] - running routine number: 244

2024-11-15 19:47:28 - robotic_functions - [INFO] - requesting robotics status

2024-11-15 19:47:28 - robotic_functions - [INFO] - {'type': 'robotics', 'data': {'mode': 'emergency_stop', 'active_quad': 'quad_0', 'active_pumps': [], 'vial_window': [], 'xArm': {'warning_code': 0, 'error_code': 0, 'arm_state': None, 'connected': False}, 'OctoPrint': {'octoprint_0': {'connection_status': False}}, 'prime_status': {'influx': False, 'efflux': False}}}

2024-11-15 19:47:28 - robotic_functions - [WARNING] - robotics not in idle mode, cannot start dilutions

2024-11-15 19:47:28 - evolver - [INFO] - running routine number: 245

2024-11-15 19:47:28 - robotic_functions - [INFO] - requesting robotics status

2024-11-15 19:47:28 - robotic_functions - [INFO] - {'type': 'robotics', 'data': {'mode': 'emergency_stop', 'active_quad': 'quad_0', 'active_pumps': [], 'vial_window': [], 'xArm': {'warning_code': 0, 'error_code': 0, 'arm_state': None, 'connected': False}, 'OctoPrint': {'octoprint_0': {'connection_status': False}}, 'prime_status': {'influx': False, 'efflux': False}}}

2024-11-15 19:47:28 - robotic_functions - [WARNING] - robotics not in idle mode, cannot start dilutions

2024-11-15 19:47:28 - evolver - [INFO] - running routine number: 246

2024-11-15 19:47:28 - robotic_functions - [INFO] - requesting robotics status

2024-11-15 19:47:28 - robotic_functions - [INFO] - {'type': 'robotics', 'data': {'mode': 'emergency_stop', 'active_quad': 'quad_0', 'active_pumps': [], 'vial_window': [], 'xArm': {'warning_code': 0, 'error_code': 0, 'arm_state': None, 'connected': False}, 'OctoPrint': {'octoprint_0': {'connection_status': False}}, 'prime_status': {'influx': False, 'efflux': False}}}

2024-11-15 19:47:28 - robotic_functions - [WARNING] - robotics not in idle mode, cannot start dilutions

2024-11-15 19:47:28 - evolver - [INFO] - running routine number: 247

2024-11-15 19:47:28 - robotic_functions - [INFO] - requesting robotics status

2024-11-15 19:47:28 - robotic_functions - [INFO] - {'type': 'robotics', 'data': {'mode': 'emergency_stop', 'active_quad': 'quad_0', 'active_pumps': [], 'vial_window': [], 'xArm': {'warning_code': 0, 'error_code': 0, 'arm_state': None, 'connected': False}, 'OctoPrint': {'octoprint_0': {'connection_status': False}}, 'prime_status': {'influx': False, 'efflux': False}}}

2024-11-15 19:47:28 - robotic_functions - [WARNING] - robotics not in idle mode, cannot start dilutions

2024-11-15 19:47:28 - evolver - [INFO] - running routine number: 248

2024-11-15 19:47:28 - robotic_functions - [INFO] - requesting robotics status

2024-11-15 19:47:29 - robotic_functions - [INFO] - {'type': 'robotics', 'data': {'mode': 'emergency_stop', 'active_quad': 'quad_0', 'active_pumps': [], 'vial_window': [], 'xArm': {'warning_code': 0, 'error_code': 0, 'arm_state': None, 'connected': False}, 'OctoPrint': {'octoprint_0': {'connection_status': False}}, 'prime_status': {'influx': False, 'efflux': False}}}

2024-11-15 19:47:29 - robotic_functions - [WARNING] - robotics not in idle mode, cannot start dilutions

2024-11-15 19:47:29 - evolver - [INFO] - running routine number: 249

2024-11-15 19:47:29 - robotic_functions - [INFO] - requesting robotics status

2024-11-15 19:47:29 - robotic_functions - [INFO] - {'type': 'robotics', 'data': {'mode': 'emergency_stop', 'active_quad': 'quad_0', 'active_pumps': [], 'vial_window': [], 'xArm': {'warning_code': 0, 'error_code': 0, 'arm_state': None, 'connected': False}, 'OctoPrint': {'octoprint_0': {'connection_status': False}}, 'prime_status': {'influx': False, 'efflux': False}}}

2024-11-15 19:47:29 - robotic_functions - [WARNING] - robotics not in idle mode, cannot start dilutions

2024-11-15 19:47:29 - evolver - [INFO] - running routine number: 250

2024-11-15 19:47:29 - robotic_functions - [INFO] - requesting robotics status

2024-11-15 19:47:29 - robotic_functions - [INFO] - {'type': 'robotics', 'data': {'mode': 'emergency_stop', 'active_quad': 'quad_0', 'active_pumps': [], 'vial_window': [], 'xArm': {'warning_code': 0, 'error_code': 0, 'arm_state': None, 'connected': False}, 'OctoPrint': {'octoprint_0': {'connection_status': False}}, 'prime_status': {'influx': False, 'efflux': False}}}

2024-11-15 19:47:29 - robotic_functions - [WARNING] - robotics not in idle mode, cannot start dilutions

2024-11-15 19:47:29 - evolver - [INFO] - running routine number: 251

2024-11-15 19:47:29 - robotic_functions - [INFO] - requesting robotics status

2024-11-15 19:47:29 - robotic_functions - [INFO] - {'type': 'robotics', 'data': {'mode': 'emergency_stop', 'active_quad': 'quad_0', 'active_pumps': [], 'vial_window': [], 'xArm': {'warning_code': 0, 'error_code': 0, 'arm_state': None, 'connected': False}, 'OctoPrint': {'octoprint_0': {'connection_status': False}}, 'prime_status': {'influx': False, 'efflux': False}}}

2024-11-15 19:47:29 - robotic_functions - [WARNING] - robotics not in idle mode, cannot start dilutions

2024-11-15 19:47:29 - evolver - [INFO] - running routine number: 252

2024-11-15 19:47:29 - robotic_functions - [INFO] - requesting robotics status

2024-11-15 19:47:29 - robotic_functions - [INFO] - {'type': 'robotics', 'data': {'mode': 'emergency_stop', 'active_quad': 'quad_0', 'active_pumps': [], 'vial_window': [], 'xArm': {'warning_code': 0, 'error_code': 0, 'arm_state': None, 'connected': False}, 'OctoPrint': {'octoprint_0': {'connection_status': False}}, 'prime_status': {'influx': False, 'efflux': False}}}

2024-11-15 19:47:29 - robotic_functions - [WARNING] - robotics not in idle mode, cannot start dilutions

2024-11-15 19:47:29 - evolver - [INFO] - running routine number: 253

2024-11-15 19:47:29 - robotic_functions - [INFO] - requesting robotics status

2024-11-15 19:47:29 - robotic_functions - [INFO] - {'type': 'robotics', 'data': {'mode': 'emergency_stop', 'active_quad': 'quad_0', 'active_pumps': [], 'vial_window': [], 'xArm': {'warning_code': 0, 'error_code': 0, 'arm_state': None, 'connected': False}, 'OctoPrint': {'octoprint_0': {'connection_status': False}}, 'prime_status': {'influx': False, 'efflux': False}}}

2024-11-15 19:47:29 - robotic_functions - [WARNING] - robotics not in idle mode, cannot start dilutions

2024-11-15 19:47:29 - evolver - [INFO] - running routine number: 254

2024-11-15 19:47:29 - robotic_functions - [INFO] - requesting robotics status

2024-11-15 19:47:29 - robotic_functions - [INFO] - {'type': 'robotics', 'data': {'mode': 'emergency_stop', 'active_quad': 'quad_0', 'active_pumps': [], 'vial_window': [], 'xArm': {'warning_code': 0, 'error_code': 0, 'arm_state': None, 'connected': False}, 'OctoPrint': {'octoprint_0': {'connection_status': False}}, 'prime_status': {'influx': False, 'efflux': False}}}

2024-11-15 19:47:29 - robotic_functions - [WARNING] - robotics not in idle mode, cannot start dilutions

2024-11-15 19:47:29 - evolver - [INFO] - running routine number: 255

2024-11-15 19:47:29 - robotic_functions - [INFO] - requesting robotics status

2024-11-15 19:47:29 - robotic_functions - [INFO] - {'type': 'robotics', 'data': {'mode': 'emergency_stop', 'active_quad': 'quad_0', 'active_pumps': [], 'vial_window': [], 'xArm': {'warning_code': 0, 'error_code': 0, 'arm_state': None, 'connected': False}, 'OctoPrint': {'octoprint_0': {'connection_status': False}}, 'prime_status': {'influx': False, 'efflux': False}}}

2024-11-15 19:47:29 - robotic_functions - [WARNING] - robotics not in idle mode, cannot start dilutions

2024-11-15 19:47:29 - evolver - [INFO] - running routine number: 256

2024-11-15 19:47:29 - robotic_functions - [INFO] - requesting robotics status

2024-11-15 19:47:29 - robotic_functions - [INFO] - {'type': 'robotics', 'data': {'mode': 'emergency_stop', 'active_quad': 'quad_0', 'active_pumps': [], 'vial_window': [], 'xArm': {'warning_code': 0, 'error_code': 0, 'arm_state': None, 'connected': False}, 'OctoPrint': {'octoprint_0': {'connection_status': False}}, 'prime_status': {'influx': False, 'efflux': False}}}

2024-11-15 19:47:29 - robotic_functions - [WARNING] - robotics not in idle mode, cannot start dilutions

2024-11-15 19:47:29 - evolver - [INFO] - running routine number: 257

2024-11-15 19:47:29 - robotic_functions - [INFO] - requesting robotics status

2024-11-15 19:47:29 - robotic_functions - [INFO] - {'type': 'robotics', 'data': {'mode': 'emergency_stop', 'active_quad': 'quad_0', 'active_pumps': [], 'vial_window': [], 'xArm': {'warning_code': 0, 'error_code': 0, 'arm_state': None, 'connected': False}, 'OctoPrint': {'octoprint_0': {'connection_status': False}}, 'prime_status': {'influx': False, 'efflux': False}}}

2024-11-15 19:47:30 - robotic_functions - [WARNING] - robotics not in idle mode, cannot start dilutions

2024-11-15 19:47:30 - evolver - [INFO] - running routine number: 258

2024-11-15 19:47:30 - robotic_functions - [INFO] - requesting robotics status

2024-11-15 19:47:30 - robotic_functions - [INFO] - {'type': 'robotics', 'data': {'mode': 'emergency_stop', 'active_quad': 'quad_0', 'active_pumps': [], 'vial_window': [], 'xArm': {'warning_code': 0, 'error_code': 0, 'arm_state': None, 'connected': False}, 'OctoPrint': {'octoprint_0': {'connection_status': False}}, 'prime_status': {'influx': False, 'efflux': False}}}

2024-11-15 19:47:30 - robotic_functions - [WARNING] - robotics not in idle mode, cannot start dilutions

2024-11-15 19:47:30 - evolver - [INFO] - running routine number: 259

2024-11-15 19:47:30 - robotic_functions - [INFO] - requesting robotics status

2024-11-15 19:47:30 - robotic_functions - [INFO] - {'type': 'robotics', 'data': {'mode': 'emergency_stop', 'active_quad': 'quad_0', 'active_pumps': [], 'vial_window': [], 'xArm': {'warning_code': 0, 'error_code': 0, 'arm_state': None, 'connected': False}, 'OctoPrint': {'octoprint_0': {'connection_status': False}}, 'prime_status': {'influx': False, 'efflux': False}}}

2024-11-15 19:47:30 - robotic_functions - [WARNING] - robotics not in idle mode, cannot start dilutions

2024-11-15 19:47:30 - evolver - [INFO] - running routine number: 260

2024-11-15 19:47:30 - robotic_functions - [INFO] - requesting robotics status

2024-11-15 19:47:30 - robotic_functions - [INFO] - {'type': 'robotics', 'data': {'mode': 'emergency_stop', 'active_quad': 'quad_0', 'active_pumps': [], 'vial_window': [], 'xArm': {'warning_code': 0, 'error_code': 0, 'arm_state': None, 'connected': False}, 'OctoPrint': {'octoprint_0': {'connection_status': False}}, 'prime_status': {'influx': False, 'efflux': False}}}

2024-11-15 19:47:30 - robotic_functions - [WARNING] - robotics not in idle mode, cannot start dilutions

2024-11-15 19:47:30 - evolver - [INFO] - running routine number: 261

2024-11-15 19:47:30 - robotic_functions - [INFO] - requesting robotics status

2024-11-15 19:47:30 - robotic_functions - [INFO] - {'type': 'robotics', 'data': {'mode': 'emergency_stop', 'active_quad': 'quad_0', 'active_pumps': [], 'vial_window': [], 'xArm': {'warning_code': 0, 'error_code': 0, 'arm_state': None, 'connected': False}, 'OctoPrint': {'octoprint_0': {'connection_status': False}}, 'prime_status': {'influx': False, 'efflux': False}}}

2024-11-15 19:47:30 - robotic_functions - [WARNING] - robotics not in idle mode, cannot start dilutions

2024-11-15 19:47:30 - evolver - [INFO] - running routine number: 262

2024-11-15 19:47:30 - robotic_functions - [INFO] - requesting robotics status

2024-11-15 19:47:30 - robotic_functions - [INFO] - {'type': 'robotics', 'data': {'mode': 'emergency_stop', 'active_quad': 'quad_0', 'active_pumps': [], 'vial_window': [], 'xArm': {'warning_code': 0, 'error_code': 0, 'arm_state': None, 'connected': False}, 'OctoPrint': {'octoprint_0': {'connection_status': False}}, 'prime_status': {'influx': False, 'efflux': False}}}

2024-11-15 19:47:30 - robotic_functions - [INFO] - pausing experiment

2024-11-15 19:47:31 - robotic_functions - [INFO] - stopping experiment

2024-11-15 19:47:31 - robotic_functions - [INFO] - dpu disconnected from robotics_eVOLVER server

2024-11-15 19:53:37 - robotic_functions - [INFO] - dpu connected to robotics_eVOLVER server

2024-11-15 19:53:37 - robotic_functions - [INFO] - requesting robotics status

2024-11-15 19:53:37 - robotic_functions - [INFO] - {'type': 'robotics', 'data': {'mode': 'idle', 'active_quad': None, 'active_pumps': [], 'vial_window': [], 'xArm': {'warning_code': 0, 'error_code': 0, 'arm_state': None, 'connected': True}, 'OctoPrint': {'octoprint_0': {'connection_status': True}}, 'prime_status': {'influx': False, 'efflux': False}}}

2024-11-15 19:54:02 - robotic_functions - [INFO] - Robotics broadcast received

2024-11-15 19:54:02 - evolver - [INFO] - running routine number: 1

2024-11-15 19:54:02 - robotic_functions - [INFO] - requesting robotics status

2024-11-15 19:54:02 - robotic_functions - [INFO] - {'type': 'robotics', 'data': {'mode': 'idle', 'active_quad': None, 'active_pumps': [], 'vial_window': [], 'xArm': {'warning_code': 0, 'error_code': 0, 'arm_state': None, 'connected': True}, 'OctoPrint': {'octoprint_0': {'connection_status': True}}, 'prime_status': {'influx': False, 'efflux': False}}}

2024-11-15 19:54:02 - robotic_functions - [INFO] - dilution routine execution: {'syringe_pump_command': {'base_media': {'quad_0': {'vial_0': 0, 'vial_1': 0, 'vial_2': 0, 'vial_3': 0, 'vial_4': 0, 'vial_5': 0, 'vial_6': 0, 'vial_7': 0, 'vial_8': 0, 'vial_9': 0, 'vial_10': 0, 'vial_11': 0, 'vial_12': 0, 'vial_13': 0, 'vial_14': 0, 'vial_15': 0, 'vial_16': 0, 'vial_17': 0}}}, 'ipp_efflux_command': {'quad_0': {'frequency': 5, 'duration': 120, 'polarity': 0}}}

2024-11-15 19:54:39 - robotic_functions - [INFO] - Robotics broadcast received

2024-11-15 19:55:13 - robotic_functions - [INFO] - Robotics broadcast received

2024-11-15 19:56:00 - robotic_functions - [INFO] - Robotics broadcast received

2024-11-15 19:56:28 - robotic_functions - [INFO] - Robotics broadcast received

2024-11-15 19:57:18 - robotic_functions - [INFO] - Robotics broadcast received

2024-11-15 19:57:40 - robotic_functions - [INFO] - Robotics broadcast received

2024-11-15 19:58:13 - robotic_functions - [INFO] - Robotics broadcast received

2024-11-15 19:58:59 - robotic_functions - [INFO] - Robotics broadcast received

2024-11-15 19:59:28 - robotic_functions - [INFO] - Robotics broadcast received

2024-11-15 20:00:18 - engineio.client - [ERROR] - packet queue is empty, aborting

2024-11-15 20:00:33 - robotic_functions - [INFO] - dpu disconnected from robotics_eVOLVER server

2024-11-17 14:00:41 - robotic_functions - [INFO] - pausing experiment

2024-11-18 11:34:42 - robotic_functions - [INFO] - dpu connected to robotics_eVOLVER server

2024-11-18 11:34:42 - robotic_functions - [INFO] - requesting robotics status

2024-11-18 11:34:42 - robotic_functions - [INFO] - {'type': 'robotics', 'data': {'mode': 'idle', 'active_quad': None, 'active_pumps': [], 'vial_window': [], 'xArm': {'warning_code': 0, 'error_code': 0, 'arm_state': 2, 'connected': True, 'warn_code': 0}, 'OctoPrint': {'octoprint_0': {'connection_status': True}}, 'prime_status': {'influx': False, 'efflux': False}}}

2024-11-18 11:35:13 - robotic_functions - [INFO] - Robotics broadcast received

2024-11-18 11:35:13 - evolver - [INFO] - running routine number: 1

2024-11-18 11:35:13 - robotic_functions - [INFO] - requesting robotics status

2024-11-18 11:35:13 - robotic_functions - [INFO] - {'type': 'robotics', 'data': {'mode': 'idle', 'active_quad': None, 'active_pumps': [], 'vial_window': [], 'xArm': {'warning_code': 0, 'error_code': 0, 'arm_state': 2, 'connected': True, 'warn_code': 0}, 'OctoPrint': {'octoprint_0': {'connection_status': True}}, 'prime_status': {'influx': False, 'efflux': False}}}

2024-11-18 11:35:13 - robotic_functions - [INFO] - dilution routine execution: {'syringe_pump_command': {'base_media': {'quad_0': {'vial_0': 0, 'vial_1': 0, 'vial_2': 0, 'vial_3': 0, 'vial_4': 0, 'vial_5': 0, 'vial_6': 0, 'vial_7': 0, 'vial_8': 0, 'vial_9': 0, 'vial_10': 0, 'vial_11': 0, 'vial_12': 0, 'vial_13': 0, 'vial_14': 0, 'vial_15': 0, 'vial_16': 0, 'vial_17': 0}}}, 'ipp_efflux_command': {'quad_0': {'frequency': 5, 'duration': 120, 'polarity': 0}}}

2024-11-18 11:35:35 - robotic_functions - [INFO] - pausing experiment

2024-11-18 11:35:36 - robotic_functions - [INFO] - stopping experiment

2024-11-18 11:35:36 - robotic_functions - [INFO] - dpu disconnected from robotics_eVOLVER server

2024-11-18 11:37:37 - robotic_functions - [INFO] - dpu connected to robotics_eVOLVER server

2024-11-18 11:37:37 - robotic_functions - [INFO] - requesting robotics status

2024-11-18 11:37:37 - robotic_functions - [INFO] - {'type': 'robotics', 'data': {'mode': 'idle', 'active_quad': None, 'active_pumps': [], 'vial_window': [], 'xArm': {'warning_code': 0, 'error_code': 0, 'arm_state': None, 'connected': True}, 'OctoPrint': {'octoprint_0': {'connection_status': True}}, 'prime_status': {'influx': False, 'efflux': False}}}

2024-11-18 11:38:14 - robotic_functions - [INFO] - Robotics broadcast received

2024-11-18 11:38:14 - evolver - [INFO] - running routine number: 1

2024-11-18 11:38:14 - robotic_functions - [INFO] - requesting robotics status

2024-11-18 11:38:14 - robotic_functions - [INFO] - {'type': 'robotics', 'data': {'mode': 'idle', 'active_quad': None, 'active_pumps': [], 'vial_window': [], 'xArm': {'warning_code': 0, 'error_code': 0, 'arm_state': None, 'connected': True}, 'OctoPrint': {'octoprint_0': {'connection_status': True}}, 'prime_status': {'influx': False, 'efflux': False}}}

2024-11-18 11:38:14 - robotic_functions - [INFO] - dilution routine execution: {'syringe_pump_command': {'base_media': {'quad_0': {'vial_0': 0, 'vial_1': 0, 'vial_2': 0, 'vial_3': 0, 'vial_4': 0, 'vial_5': 0, 'vial_6': 0, 'vial_7': 0, 'vial_8': 0, 'vial_9': 0, 'vial_10': 0, 'vial_11': 0, 'vial_12': 0, 'vial_13': 0, 'vial_14': 0, 'vial_15': 0, 'vial_16': 0, 'vial_17': 0}}}, 'ipp_efflux_command': {'quad_0': {'frequency': 5, 'duration': 120, 'polarity': 0}}}

2024-11-18 11:38:44 - robotic_functions - [INFO] - Robotics broadcast received

2024-11-18 11:39:19 - robotic_functions - [INFO] - Robotics broadcast received

2024-11-18 11:40:04 - robotic_functions - [INFO] - Robotics broadcast received

2024-11-18 11:40:33 - robotic_functions - [INFO] - Robotics broadcast received

2024-11-18 11:40:50 - robotic_functions - [INFO] - pausing experiment

2024-11-18 11:40:53 - robotic_functions - [INFO] - stopping experiment

2024-11-18 11:40:53 - robotic_functions - [INFO] - dpu disconnected from robotics_eVOLVER server

2024-11-18 11:42:52 - robotic_functions - [INFO] - dpu connected to robotics_eVOLVER server

2024-11-18 11:42:52 - robotic_functions - [INFO] - requesting robotics status

2024-11-18 11:42:53 - robotic_functions - [INFO] - {'type': 'robotics', 'data': {'mode': 'idle', 'active_quad': None, 'active_pumps': [], 'vial_window': [], 'xArm': {'warning_code': 0, 'error_code': 0, 'arm_state': None, 'connected': True}, 'OctoPrint': {'octoprint_0': {'connection_status': True}}, 'prime_status': {'influx': False, 'efflux': False}}}

2024-11-18 11:43:32 - robotic_functions - [INFO] - Robotics broadcast received

2024-11-18 11:43:32 - evolver - [INFO] - running routine number: 1

2024-11-18 11:43:32 - robotic_functions - [INFO] - requesting robotics status

2024-11-18 11:43:33 - robotic_functions - [INFO] - {'type': 'robotics', 'data': {'mode': 'idle', 'active_quad': None, 'active_pumps': [], 'vial_window': [], 'xArm': {'warning_code': 0, 'error_code': 0, 'arm_state': 5, 'connected': True}, 'OctoPrint': {'octoprint_0': {'connection_status': True}}, 'prime_status': {'influx': False, 'efflux': False}}}

2024-11-18 11:43:33 - robotic_functions - [INFO] - dilution routine execution: {'syringe_pump_command': {'base_media': {'quad_0': {'vial_0': 0, 'vial_1': 0, 'vial_2': 0, 'vial_3': 0, 'vial_4': 0, 'vial_5': 0, 'vial_6': 0, 'vial_7': 0, 'vial_8': 0, 'vial_9': 0, 'vial_10': 0, 'vial_11': 0, 'vial_12': 0, 'vial_13': 0, 'vial_14': 0, 'vial_15': 0, 'vial_16': 0, 'vial_17': 0}}}, 'ipp_efflux_command': {'quad_0': {'frequency': 5, 'duration': 120, 'polarity': 0}}}

2024-11-18 11:43:59 - robotic_functions - [INFO] - Robotics broadcast received

2024-11-18 11:44:33 - robotic_functions - [INFO] - Robotics broadcast received

2024-11-18 11:45:09 - robotic_functions - [INFO] - Robotics broadcast received

2024-11-18 11:45:48 - robotic_functions - [INFO] - Robotics broadcast received

2024-11-18 11:46:24 - robotic_functions - [INFO] - Robotics broadcast received

2024-11-18 11:46:59 - robotic_functions - [INFO] - Robotics broadcast received

2024-11-18 11:47:03 - robotic_functions - [INFO] - dpu disconnected from robotics_eVOLVER server

2024-11-18 11:47:05 - robotic_functions - [INFO] - pausing experiment

2024-11-18 11:48:00 - robotic_functions - [INFO] - dpu connected to robotics_eVOLVER server

2024-11-18 11:48:00 - robotic_functions - [INFO] - requesting robotics status

2024-11-18 11:48:00 - robotic_functions - [INFO] - {'type': 'robotics', 'data': {'mode': 'idle', 'active_quad': None, 'active_pumps': [], 'vial_window': [], 'xArm': {'warning_code': 0, 'error_code': 0, 'arm_state': None, 'connected': True}, 'OctoPrint': {'octoprint_0': {'connection_status': False}}, 'prime_status': {'influx': False, 'efflux': False}}}

2024-11-18 11:48:01 - robotic_functions - [INFO] - pausing experiment

2024-11-18 11:48:01 - robotic_functions - [INFO] - Robotics broadcast received

2024-11-18 11:48:01 - robotic_functions - [INFO] - stopping experiment

2024-11-18 11:48:01 - robotic_functions - [INFO] - dpu disconnected from robotics_eVOLVER server

2024-11-18 11:48:24 - robotic_functions - [INFO] - dpu connected to robotics_eVOLVER server

2024-11-18 11:48:24 - robotic_functions - [INFO] - requesting robotics status

2024-11-18 11:48:24 - robotic_functions - [INFO] - {'type': 'robotics', 'data': {'mode': 'idle', 'active_quad': None, 'active_pumps': [], 'vial_window': [], 'xArm': {'warning_code': 0, 'error_code': 0, 'arm_state': 2, 'connected': True, 'warn_code': 0}, 'OctoPrint': {'octoprint_0': {'connection_status': True}}, 'prime_status': {'influx': False, 'efflux': False}}}

2024-11-18 11:48:38 - robotic_functions - [INFO] - Robotics broadcast received

2024-11-18 11:48:38 - evolver - [INFO] - running routine number: 1

2024-11-18 11:48:38 - robotic_functions - [INFO] - requesting robotics status

2024-11-18 11:48:38 - robotic_functions - [INFO] - {'type': 'robotics', 'data': {'mode': 'idle', 'active_quad': None, 'active_pumps': [], 'vial_window': [], 'xArm': {'warning_code': 0, 'error_code': 0, 'arm_state': 2, 'connected': True, 'warn_code': 0}, 'OctoPrint': {'octoprint_0': {'connection_status': True}}, 'prime_status': {'influx': False, 'efflux': False}}}

2024-11-18 11:48:38 - robotic_functions - [INFO] - dilution routine execution: {'syringe_pump_command': {'base_media': {'quad_0': {'vial_0': 0, 'vial_1': 0, 'vial_2': 0, 'vial_3': 0, 'vial_4': 0, 'vial_5': 0, 'vial_6': 0, 'vial_7': 0, 'vial_8': 0, 'vial_9': 0, 'vial_10': 0, 'vial_11': 0, 'vial_12': 0, 'vial_13': 0, 'vial_14': 0, 'vial_15': 0, 'vial_16': 0, 'vial_17': 0}}}, 'ipp_efflux_command': {'quad_0': {'frequency': 5, 'duration': 120, 'polarity': 0}}}

2024-11-18 11:49:14 - robotic_functions - [INFO] - Robotics broadcast received

2024-11-18 11:49:51 - robotic_functions - [INFO] - Robotics broadcast received

2024-11-18 11:50:29 - robotic_functions - [INFO] - Robotics broadcast received

2024-11-18 11:50:42 - robotic_functions - [INFO] - dpu disconnected from robotics_eVOLVER server

2024-11-18 11:50:59 - robotic_functions - [INFO] - pausing experiment

2024-11-18 11:52:16 - robotic_functions - [INFO] - dpu connected to robotics_eVOLVER server

2024-11-18 11:52:16 - robotic_functions - [INFO] - requesting robotics status

2024-11-18 11:52:16 - robotic_functions - [INFO] - {'type': 'robotics', 'data': {'mode': 'idle', 'active_quad': None, 'active_pumps': [], 'vial_window': [], 'xArm': {'warning_code': 0, 'error_code': 0, 'arm_state': 5, 'connected': True}, 'OctoPrint': {'octoprint_0': {'connection_status': True}}, 'prime_status': {'influx': False, 'efflux': False}}}

2024-11-18 11:52:24 - robotic_functions - [INFO] - Robotics broadcast received

2024-11-18 11:52:24 - evolver - [INFO] - running routine number: 1

2024-11-18 11:52:24 - robotic_functions - [INFO] - requesting robotics status

2024-11-18 11:52:25 - robotic_functions - [INFO] - {'type': 'robotics', 'data': {'mode': 'idle', 'active_quad': None, 'active_pumps': [], 'vial_window': [], 'xArm': {'warning_code': 0, 'error_code': 0, 'arm_state': 5, 'connected': True}, 'OctoPrint': {'octoprint_0': {'connection_status': True}}, 'prime_status': {'influx': False, 'efflux': False}}}

2024-11-18 11:52:25 - robotic_functions - [INFO] - dilution routine execution: {'syringe_pump_command': {'base_media': {'quad_0': {'vial_0': 0, 'vial_1': 0, 'vial_2': 0, 'vial_3': 0, 'vial_4': 0, 'vial_5': 0, 'vial_6': 0, 'vial_7': 0, 'vial_8': 0, 'vial_9': 0, 'vial_10': 0, 'vial_11': 0, 'vial_12': 0, 'vial_13': 0, 'vial_14': 0, 'vial_15': 0, 'vial_16': 0, 'vial_17': 0}}}, 'ipp_efflux_command': {'quad_0': {'frequency': 5, 'duration': 120, 'polarity': 0}}}

2024-11-18 11:52:55 - robotic_functions - [INFO] - Robotics broadcast received

2024-11-18 11:53:30 - robotic_functions - [INFO] - Robotics broadcast received

2024-11-18 11:54:15 - robotic_functions - [INFO] - Robotics broadcast received

2024-11-18 11:54:45 - robotic_functions - [INFO] - Robotics broadcast received

2024-11-18 11:55:25 - robotic_functions - [INFO] - Robotics broadcast received

2024-11-18 11:55:56 - robotic_functions - [INFO] - Robotics broadcast received

2024-11-18 11:56:19 - robotic_functions - [INFO] - pausing experiment

2024-11-18 11:56:20 - robotic_functions - [INFO] - stopping experiment

2024-11-18 11:56:20 - robotic_functions - [INFO] - dpu disconnected from robotics_eVOLVER server

2024-11-18 11:57:52 - robotic_functions - [INFO] - dpu connected to robotics_eVOLVER server

2024-11-18 11:57:52 - robotic_functions - [INFO] - requesting robotics status

2024-11-18 11:57:52 - robotic_functions - [INFO] - {'type': 'robotics', 'data': {'mode': 'idle', 'active_quad': None, 'active_pumps': [], 'vial_window': [], 'xArm': {'warning_code': 0, 'error_code': 0, 'arm_state': None, 'connected': True}, 'OctoPrint': {'octoprint_0': {'connection_status': True}}, 'prime_status': {'influx': False, 'efflux': False}}}

2024-11-18 11:58:09 - robotic_functions - [INFO] - Robotics broadcast received

2024-11-18 11:58:09 - evolver - [INFO] - running routine number: 1

2024-11-18 11:58:09 - robotic_functions - [INFO] - requesting robotics status

2024-11-18 11:58:09 - robotic_functions - [INFO] - {'type': 'robotics', 'data': {'mode': 'idle', 'active_quad': None, 'active_pumps': [], 'vial_window': [], 'xArm': {'warning_code': 0, 'error_code': 0, 'arm_state': None, 'connected': True}, 'OctoPrint': {'octoprint_0': {'connection_status': True}}, 'prime_status': {'influx': False, 'efflux': False}}}

2024-11-18 11:58:09 - robotic_functions - [INFO] - dilution routine execution: {'syringe_pump_command': {'base_media': {'quad_0': {'vial_0': 0, 'vial_1': 0, 'vial_2': 0, 'vial_3': 0, 'vial_4': 0, 'vial_5': 0, 'vial_6': 0, 'vial_7': 0, 'vial_8': 0, 'vial_9': 0, 'vial_10': 0, 'vial_11': 0, 'vial_12': 0, 'vial_13': 0, 'vial_14': 0, 'vial_15': 0, 'vial_16': 0, 'vial_17': 0}}}, 'ipp_efflux_command': {'quad_0': {'frequency': 5, 'duration': 120, 'polarity': 0}}}

2024-11-18 11:58:56 - robotic_functions - [INFO] - Robotics broadcast received

2024-11-18 11:59:24 - robotic_functions - [INFO] - Robotics broadcast received

2024-11-18 11:59:57 - robotic_functions - [INFO] - Robotics broadcast received

2024-11-18 12:00:36 - robotic_functions - [INFO] - Robotics broadcast received

2024-11-18 12:19:42 - engineio.client - [ERROR] - packet queue is empty, aborting

2024-11-18 12:19:57 - robotic_functions - [INFO] - dpu disconnected from robotics_eVOLVER server

2024-11-18 12:19:59 - robotic_functions - [INFO] - dpu connected to robotics_eVOLVER server

2024-11-18 12:19:59 - robotic_functions - [INFO] - requesting robotics status

2024-11-18 12:19:59 - robotic_functions - [INFO] - {'type': 'robotics', 'data': {'mode': 'wash', 'active_quad': 'quad_0', 'active_pumps': [], 'vial_window': [], 'xArm': {'warning_code': 0, 'error_code': 0, 'arm_state': None, 'connected': True}, 'OctoPrint': {'octoprint_0': {'connection_status': True}}, 'prime_status': {'influx': False, 'efflux': False}}}

2024-11-18 12:20:02 - robotic_functions - [INFO] - pausing experiment

2024-11-18 12:20:02 - robotic_functions - [INFO] - stopping experiment

2024-11-18 12:20:02 - robotic_functions - [INFO] - dpu disconnected from robotics_eVOLVER server

2024-11-18 12:21:31 - robotic_functions - [INFO] - dpu connected to robotics_eVOLVER server

2024-11-18 12:21:31 - robotic_functions - [INFO] - requesting robotics status

2024-11-18 12:21:32 - robotic_functions - [INFO] - {'type': 'robotics', 'data': {'mode': 'idle', 'active_quad': None, 'active_pumps': [], 'vial_window': [], 'xArm': {'warning_code': 0, 'error_code': 0, 'arm_state': 5, 'connected': True}, 'OctoPrint': {'octoprint_0': {'connection_status': True}}, 'prime_status': {'influx': False, 'efflux': False}}}

2024-11-18 12:22:11 - robotic_functions - [INFO] - Robotics broadcast received

2024-11-18 12:22:12 - evolver - [INFO] - running routine number: 1

2024-11-18 12:22:12 - robotic_functions - [INFO] - requesting robotics status

2024-11-18 12:22:12 - robotic_functions - [INFO] - {'type': 'robotics', 'data': {'mode': 'idle', 'active_quad': None, 'active_pumps': [], 'vial_window': [], 'xArm': {'warning_code': 0, 'error_code': 0, 'arm_state': 5, 'connected': True}, 'OctoPrint': {'octoprint_0': {'connection_status': True}}, 'prime_status': {'influx': False, 'efflux': False}}}

2024-11-18 12:22:12 - robotic_functions - [INFO] - dilution routine execution: {'syringe_pump_command': {'base_media': {'quad_0': {'vial_0': 0, 'vial_1': 0, 'vial_2': 0, 'vial_3': 0, 'vial_4': 0, 'vial_5': 0, 'vial_6': 0, 'vial_7': 0, 'vial_8': 0, 'vial_9': 0, 'vial_10': 0, 'vial_11': 0, 'vial_12': 0, 'vial_13': 0, 'vial_14': 0, 'vial_15': 0, 'vial_16': 0, 'vial_17': 0}}}, 'ipp_efflux_command': {'quad_0': {'frequency': 5, 'duration': 120, 'polarity': 0}}}

2024-11-18 12:22:46 - robotic_functions - [INFO] - Robotics broadcast received

2024-11-18 12:23:17 - robotic_functions - [INFO] - Robotics broadcast received

2024-11-18 12:23:52 - robotic_functions - [INFO] - Robotics broadcast received

2024-11-18 12:24:32 - robotic_functions - [INFO] - Robotics broadcast received

2024-11-18 12:25:12 - robotic_functions - [INFO] - Robotics broadcast received

2024-11-18 12:25:42 - robotic_functions - [INFO] - Robotics broadcast received

2024-11-18 12:26:32 - robotic_functions - [INFO] - Robotics broadcast received

2024-11-18 12:26:57 - robotic_functions - [INFO] - Robotics broadcast received

2024-11-18 12:27:32 - robotic_functions - [INFO] - Robotics broadcast received

2024-11-18 12:27:35 - robotic_functions - [INFO] - dpu disconnected from robotics_eVOLVER server

2024-11-18 12:27:37 - robotic_functions - [INFO] - pausing experiment

2024-11-18 12:29:03 - robotic_functions - [INFO] - dpu connected to robotics_eVOLVER server

2024-11-18 12:29:03 - robotic_functions - [INFO] - requesting robotics status

2024-11-18 12:29:03 - robotic_functions - [INFO] - {'type': 'robotics', 'data': {'mode': 'idle', 'active_quad': None, 'active_pumps': [], 'vial_window': [], 'xArm': {'warning_code': 0, 'error_code': 0, 'arm_state': None, 'connected': True}, 'OctoPrint': {'octoprint_0': {'connection_status': True}}, 'prime_status': {'influx': False, 'efflux': False}}}

2024-11-18 12:29:14 - robotic_functions - [INFO] - Robotics broadcast received

2024-11-18 12:29:14 - evolver - [INFO] - running routine number: 1

2024-11-18 12:29:14 - robotic_functions - [INFO] - requesting robotics status

2024-11-18 12:29:14 - robotic_functions - [INFO] - {'type': 'robotics', 'data': {'mode': 'idle', 'active_quad': None, 'active_pumps': [], 'vial_window': [], 'xArm': {'warning_code': 0, 'error_code': 0, 'arm_state': None, 'connected': True}, 'OctoPrint': {'octoprint_0': {'connection_status': True}}, 'prime_status': {'influx': False, 'efflux': False}}}

2024-11-18 12:29:14 - robotic_functions - [INFO] - dilution routine execution: {'syringe_pump_command': {'base_media': {'quad_0': {'vial_0': 0, 'vial_1': 0, 'vial_2': 0, 'vial_3': 0, 'vial_4': 0, 'vial_5': 0, 'vial_6': 0, 'vial_7': 0, 'vial_8': 0, 'vial_9': 0, 'vial_10': 0, 'vial_11': 0, 'vial_12': 0, 'vial_13': 0, 'vial_14': 0, 'vial_15': 0, 'vial_16': 0, 'vial_17': 0}}}, 'ipp_efflux_command': {'quad_0': {'frequency': 5, 'duration': 120, 'polarity': 0}}}

2024-11-18 12:29:53 - robotic_functions - [INFO] - Robotics broadcast received

2024-11-18 12:30:29 - robotic_functions - [INFO] - Robotics broadcast received

2024-11-18 12:31:03 - robotic_functions - [INFO] - Robotics broadcast received

2024-11-18 12:31:43 - robotic_functions - [INFO] - Robotics broadcast received

2024-11-18 12:32:23 - robotic_functions - [INFO] - Robotics broadcast received

2024-11-18 12:32:59 - robotic_functions - [INFO] - Robotics broadcast received

2024-11-18 12:33:38 - robotic_functions - [INFO] - Robotics broadcast received

2024-11-18 12:33:56 - robotic_functions - [INFO] - dpu disconnected from robotics_eVOLVER server

2024-11-18 12:33:59 - robotic_functions - [INFO] - pausing experiment

2024-11-18 12:35:20 - robotic_functions - [INFO] - dpu connected to robotics_eVOLVER server

2024-11-18 12:35:20 - robotic_functions - [INFO] - requesting robotics status

2024-11-18 12:35:20 - robotic_functions - [INFO] - {'type': 'robotics', 'data': {'mode': 'idle', 'active_quad': None, 'active_pumps': [], 'vial_window': [], 'xArm': {'warning_code': 0, 'error_code': 0, 'arm_state': 5, 'connected': True}, 'OctoPrint': {'octoprint_0': {'connection_status': True}}, 'prime_status': {'influx': False, 'efflux': False}}}

2024-11-18 12:35:40 - robotic_functions - [INFO] - Robotics broadcast received

2024-11-18 12:35:40 - evolver - [INFO] - running routine number: 1

2024-11-18 12:35:40 - robotic_functions - [INFO] - requesting robotics status

2024-11-18 12:35:40 - robotic_functions - [INFO] - {'type': 'robotics', 'data': {'mode': 'idle', 'active_quad': None, 'active_pumps': [], 'vial_window': [], 'xArm': {'warning_code': 0, 'error_code': 0, 'arm_state': 5, 'connected': True}, 'OctoPrint': {'octoprint_0': {'connection_status': True}}, 'prime_status': {'influx': False, 'efflux': False}}}

2024-11-18 12:35:40 - robotic_functions - [INFO] - dilution routine execution: {'syringe_pump_command': {'base_media': {'quad_0': {'vial_0': 0, 'vial_1': 0, 'vial_2': 0, 'vial_3': 0, 'vial_4': 0, 'vial_5': 0, 'vial_6': 0, 'vial_7': 0, 'vial_8': 0, 'vial_9': 0, 'vial_10': 0, 'vial_11': 0, 'vial_12': 0, 'vial_13': 0, 'vial_14': 0, 'vial_15': 0, 'vial_16': 0, 'vial_17': 0}}}, 'ipp_efflux_command': {'quad_0': {'frequency': 5, 'duration': 120, 'polarity': 0}}}

2024-11-18 12:36:10 - robotic_functions - [INFO] - Robotics broadcast received

2024-11-18 12:36:47 - robotic_functions - [INFO] - Robotics broadcast received

2024-11-18 12:37:24 - robotic_functions - [INFO] - Robotics broadcast received

2024-11-18 12:38:00 - robotic_functions - [INFO] - Robotics broadcast received

2024-11-18 12:38:40 - robotic_functions - [INFO] - Robotics broadcast received

2024-11-18 12:39:17 - robotic_functions - [INFO] - Robotics broadcast received

2024-11-18 12:39:56 - robotic_functions - [INFO] - Robotics broadcast received

2024-11-18 12:40:24 - robotic_functions - [INFO] - Robotics broadcast received

2024-11-18 12:41:00 - robotic_functions - [INFO] - Robotics broadcast received

2024-11-18 12:41:36 - robotic_functions - [INFO] - Robotics broadcast received

2024-11-18 12:42:12 - robotic_functions - [INFO] - Robotics broadcast received

2024-11-18 12:42:51 - robotic_functions - [INFO] - Robotics broadcast received

2024-11-18 12:43:12 - robotic_functions - [INFO] - pausing experiment

2024-11-18 12:43:12 - robotic_functions - [INFO] - stopping experiment

2024-11-18 12:43:12 - robotic_functions - [INFO] - dpu disconnected from robotics_eVOLVER server

2024-11-18 12:44:51 - robotic_functions - [INFO] - dpu connected to robotics_eVOLVER server

2024-11-18 12:44:51 - robotic_functions - [INFO] - requesting robotics status

2024-11-18 12:44:52 - robotic_functions - [INFO] - {'type': 'robotics', 'data': {'mode': 'idle', 'active_quad': None, 'active_pumps': [], 'vial_window': [], 'xArm': {'warning_code': 0, 'error_code': 0, 'arm_state': None, 'connected': True}, 'OctoPrint': {'octoprint_0': {'connection_status': True}}, 'prime_status': {'influx': False, 'efflux': False}}}

2024-11-18 12:45:04 - robotic_functions - [INFO] - Robotics broadcast received

2024-11-18 12:45:04 - evolver - [INFO] - running routine number: 1

2024-11-18 12:45:04 - robotic_functions - [INFO] - requesting robotics status

2024-11-18 12:45:04 - robotic_functions - [INFO] - {'type': 'robotics', 'data': {'mode': 'idle', 'active_quad': None, 'active_pumps': [], 'vial_window': [], 'xArm': {'warning_code': 0, 'error_code': 0, 'arm_state': None, 'connected': True}, 'OctoPrint': {'octoprint_0': {'connection_status': True}}, 'prime_status': {'influx': False, 'efflux': False}}}

2024-11-18 12:45:04 - robotic_functions - [INFO] - dilution routine execution: {'syringe_pump_command': {'base_media': {'quad_0': {'vial_0': 0, 'vial_1': 0, 'vial_2': 0, 'vial_3': 0, 'vial_4': 0, 'vial_5': 0, 'vial_6': 0, 'vial_7': 0, 'vial_8': 0, 'vial_9': 0, 'vial_10': 0, 'vial_11': 0, 'vial_12': 0, 'vial_13': 0, 'vial_14': 0, 'vial_15': 0, 'vial_16': 0, 'vial_17': 0}}}, 'ipp_efflux_command': {'quad_0': {'frequency': 5, 'duration': 120, 'polarity': 0}}}

2024-11-18 12:45:41 - robotic_functions - [INFO] - Robotics broadcast received

2024-11-18 12:46:19 - robotic_functions - [INFO] - Robotics broadcast received

2024-11-18 12:46:55 - robotic_functions - [INFO] - Robotics broadcast received

2024-11-18 12:47:34 - robotic_functions - [INFO] - Robotics broadcast received

2024-11-18 12:47:52 - robotic_functions - [INFO] - pausing experiment

2024-11-18 12:47:52 - robotic_functions - [INFO] - stopping experiment

2024-11-18 12:47:52 - robotic_functions - [INFO] - dpu disconnected from robotics_eVOLVER server

2024-11-18 12:49:45 - robotic_functions - [INFO] - dpu connected to robotics_eVOLVER server

2024-11-18 12:49:45 - robotic_functions - [INFO] - requesting robotics status

2024-11-18 12:49:45 - robotic_functions - [INFO] - {'type': 'robotics', 'data': {'mode': 'idle', 'active_quad': None, 'active_pumps': [], 'vial_window': [], 'xArm': {'warning_code': 0, 'error_code': 0, 'arm_state': None, 'connected': True}, 'OctoPrint': {'octoprint_0': {'connection_status': True}}, 'prime_status': {'influx': False, 'efflux': False}}}

2024-11-18 12:50:25 - robotic_functions - [INFO] - Robotics broadcast received

2024-11-18 12:50:25 - evolver - [INFO] - running routine number: 1

2024-11-18 12:50:25 - robotic_functions - [INFO] - requesting robotics status

2024-11-18 12:50:25 - robotic_functions - [INFO] - {'type': 'robotics', 'data': {'mode': 'idle', 'active_quad': None, 'active_pumps': [], 'vial_window': [], 'xArm': {'warning_code': 0, 'error_code': 0, 'arm_state': None, 'connected': True}, 'OctoPrint': {'octoprint_0': {'connection_status': True}}, 'prime_status': {'influx': False, 'efflux': False}}}

2024-11-18 12:50:26 - robotic_functions - [INFO] - dilution routine execution: {'syringe_pump_command': {'base_media': {'quad_0': {'vial_0': 0, 'vial_1': 0, 'vial_2': 0, 'vial_3': 0, 'vial_4': 0, 'vial_5': 0, 'vial_6': 0, 'vial_7': 0, 'vial_8': 0, 'vial_9': 0, 'vial_10': 0, 'vial_11': 0, 'vial_12': 0, 'vial_13': 0, 'vial_14': 0, 'vial_15': 0, 'vial_16': 0, 'vial_17': 0}}}, 'ipp_efflux_command': {'quad_0': {'frequency': 5, 'duration': 120, 'polarity': 0}}}

2024-11-18 12:50:49 - robotic_functions - [INFO] - Robotics broadcast received

2024-11-18 12:51:07 - robotic_functions - [INFO] - pausing experiment

2024-11-18 12:51:09 - robotic_functions - [INFO] - stopping experiment

2024-11-18 12:51:09 - robotic_functions - [INFO] - dpu disconnected from robotics_eVOLVER server

2024-11-18 12:54:20 - robotic_functions - [INFO] - dpu connected to robotics_eVOLVER server

2024-11-18 12:54:20 - robotic_functions - [INFO] - requesting robotics status

2024-11-18 12:54:20 - robotic_functions - [INFO] - {'type': 'robotics', 'data': {'mode': 'idle', 'active_quad': None, 'active_pumps': [], 'vial_window': [], 'xArm': {'warning_code': 0, 'error_code': 0, 'arm_state': None, 'connected': True}, 'OctoPrint': {'octoprint_0': {'connection_status': True}}, 'prime_status': {'influx': False, 'efflux': False}}}

2024-11-18 12:54:23 - robotic_functions - [INFO] - pausing experiment

2024-11-18 12:54:23 - robotic_functions - [INFO] - stopping experiment

2024-11-18 12:54:23 - robotic_functions - [INFO] - dpu disconnected from robotics_eVOLVER server

2024-11-18 12:54:54 - robotic_functions - [INFO] - dpu connected to robotics_eVOLVER server

2024-11-18 12:54:54 - robotic_functions - [INFO] - requesting robotics status

2024-11-18 12:54:54 - robotic_functions - [INFO] - {'type': 'robotics', 'data': {'mode': 'idle', 'active_quad': None, 'active_pumps': [], 'vial_window': [], 'xArm': {'warning_code': 0, 'error_code': 0, 'arm_state': 5, 'connected': True, 'warn_code': 0}, 'OctoPrint': {'octoprint_0': {'connection_status': False}}, 'prime_status': {'influx': False, 'efflux': False}}}

2024-11-18 12:55:19 - robotic_functions - [INFO] - Robotics broadcast received

2024-11-18 12:55:19 - evolver - [INFO] - running routine number: 1

2024-11-18 12:55:19 - robotic_functions - [INFO] - requesting robotics status

2024-11-18 12:55:19 - robotic_functions - [INFO] - {'type': 'robotics', 'data': {'mode': 'idle', 'active_quad': None, 'active_pumps': [], 'vial_window': [], 'xArm': {'warning_code': 0, 'error_code': 0, 'arm_state': 5, 'connected': True, 'warn_code': 0}, 'OctoPrint': {'octoprint_0': {'connection_status': True}}, 'prime_status': {'influx': False, 'efflux': False}}}

2024-11-18 12:55:19 - robotic_functions - [INFO] - dilution routine execution: {'syringe_pump_command': {'base_media_0': {'quad_0': {'vial_0': 0, 'vial_1': 0, 'vial_2': 0, 'vial_3': 0, 'vial_4': 0, 'vial_5': 0, 'vial_6': 0, 'vial_7': 0, 'vial_8': 0, 'vial_9': 0, 'vial_10': 0, 'vial_11': 0, 'vial_12': 0, 'vial_13': 0, 'vial_14': 0, 'vial_15': 0, 'vial_16': 0, 'vial_17': 0}}}, 'ipp_efflux_command': {'quad_0': {'frequency': 5, 'duration': 120, 'polarity': 0}}}

2024-11-18 12:55:52 - robotic_functions - [INFO] - Robotics broadcast received

2024-11-18 12:56:25 - robotic_functions - [INFO] - pausing experiment

2024-11-18 12:56:25 - robotic_functions - [INFO] - stopping experiment

2024-11-18 12:56:25 - robotic_functions - [INFO] - dpu disconnected from robotics_eVOLVER server

2024-11-18 12:56:58 - robotic_functions - [INFO] - dpu connected to robotics_eVOLVER server

2024-11-18 12:56:58 - robotic_functions - [INFO] - requesting robotics status

2024-11-18 12:56:58 - robotic_functions - [INFO] - {'type': 'robotics', 'data': {'mode': 'idle', 'active_quad': 'quad_0', 'active_pumps': [], 'vial_window': [], 'xArm': {'warning_code': 0, 'error_code': 0, 'arm_state': 5, 'connected': True, 'warn_code': 0}, 'OctoPrint': {'octoprint_0': {'connection_status': False}}, 'prime_status': {'influx': False, 'efflux': False}}}

2024-11-18 12:57:07 - robotic_functions - [INFO] - Robotics broadcast received

2024-11-18 12:57:07 - evolver - [INFO] - running routine number: 1

2024-11-18 12:57:07 - robotic_functions - [INFO] - requesting robotics status

2024-11-18 12:57:07 - robotic_functions - [INFO] - {'type': 'robotics', 'data': {'mode': 'idle', 'active_quad': 'quad_0', 'active_pumps': [], 'vial_window': [], 'xArm': {'warning_code': 0, 'error_code': 0, 'arm_state': 5, 'connected': True, 'warn_code': 0}, 'OctoPrint': {'octoprint_0': {'connection_status': True}}, 'prime_status': {'influx': False, 'efflux': False}}}

2024-11-18 12:57:07 - robotic_functions - [INFO] - dilution routine execution: {'syringe_pump_command': {'base_media_0': {'quad_0': {'vial_0': 0, 'vial_1': 0, 'vial_2': 0, 'vial_3': 0, 'vial_4': 0, 'vial_5': 0, 'vial_6': 0, 'vial_7': 0, 'vial_8': 0, 'vial_9': 0, 'vial_10': 0, 'vial_11': 0, 'vial_12': 0, 'vial_13': 0, 'vial_14': 0, 'vial_15': 0, 'vial_16': 0, 'vial_17': 0}}}, 'ipp_efflux_command': {'quad_0': {'frequency': 5, 'duration': 120, 'polarity': 0}}}

2024-11-18 12:57:40 - robotic_functions - [INFO] - Robotics broadcast received

2024-11-18 12:57:49 - robotic_functions - [INFO] - pausing experiment

2024-11-18 12:57:49 - robotic_functions - [INFO] - stopping experiment

2024-11-18 12:57:49 - robotic_functions - [INFO] - dpu disconnected from robotics_eVOLVER server

2024-11-18 13:00:57 - robotic_functions - [INFO] - dpu connected to robotics_eVOLVER server

2024-11-18 13:00:57 - robotic_functions - [INFO] - requesting robotics status

2024-11-18 13:00:57 - robotic_functions - [INFO] - {'type': 'robotics', 'data': {'mode': 'idle', 'active_quad': None, 'active_pumps': [], 'vial_window': [], 'xArm': {'warning_code': 0, 'error_code': 0, 'arm_state': 2, 'connected': True}, 'OctoPrint': {'octoprint_0': {'connection_status': True}}, 'prime_status': {'influx': False, 'efflux': False}}}

2024-11-18 13:01:13 - robotic_functions - [INFO] - Robotics broadcast received

2024-11-18 13:01:13 - evolver - [INFO] - running routine number: 1

2024-11-18 13:01:13 - robotic_functions - [INFO] - requesting robotics status

2024-11-18 13:01:13 - robotic_functions - [INFO] - {'type': 'robotics', 'data': {'mode': 'idle', 'active_quad': None, 'active_pumps': [], 'vial_window': [], 'xArm': {'warning_code': 0, 'error_code': 0, 'arm_state': 2, 'connected': True}, 'OctoPrint': {'octoprint_0': {'connection_status': True}}, 'prime_status': {'influx': False, 'efflux': False}}}

2024-11-18 13:01:13 - robotic_functions - [INFO] - dilution routine execution: {'syringe_pump_command': {'base_media_0': {'quad_0': {'vial_0': 0, 'vial_1': 0, 'vial_2': 0, 'vial_3': 0, 'vial_4': 0, 'vial_5': 0, 'vial_6': 0, 'vial_7': 0, 'vial_8': 0, 'vial_9': 0, 'vial_10': 0, 'vial_11': 0, 'vial_12': 0, 'vial_13': 0, 'vial_14': 0, 'vial_15': 0, 'vial_16': 0, 'vial_17': 0}}}, 'ipp_efflux_command': {'quad_0': {'frequency': 5, 'duration': 120, 'polarity': 0}}}

2024-11-18 13:01:40 - robotic_functions - [INFO] - Robotics broadcast received

2024-11-18 13:02:16 - robotic_functions - [INFO] - Robotics broadcast received

2024-11-18 13:02:29 - engineio.client - [ERROR] - packet queue is empty, aborting

2024-11-18 13:02:44 - robotic_functions - [INFO] - dpu disconnected from robotics_eVOLVER server

2024-11-18 13:02:45 - robotic_functions - [INFO] - dpu connected to robotics_eVOLVER server

2024-11-18 13:02:45 - robotic_functions - [INFO] - requesting robotics status

2024-11-18 13:02:45 - robotic_functions - [INFO] - {'type': 'robotics', 'data': {'mode': 'influx', 'active_quad': 'quad_0', 'active_pumps': ['base_media_0'], 'vial_window': [1], 'xArm': {'warning_code': 0, 'error_code': 0, 'arm_state': 2, 'connected': True}, 'OctoPrint': {'octoprint_0': {'connection_status': True}}, 'prime_status': {'influx': False, 'efflux': False}}}

2024-11-18 13:02:55 - robotic_functions - [INFO] - Robotics broadcast received

2024-11-18 13:03:33 - robotic_functions - [INFO] - Robotics broadcast received

2024-11-18 13:04:10 - engineio.client - [ERROR] - packet queue is empty, aborting

2024-11-18 13:04:15 - robotic_functions - [INFO] - Robotics broadcast received

2024-11-18 13:04:33 - robotic_functions - [INFO] - dpu disconnected from robotics_eVOLVER server

2024-11-18 13:04:35 - robotic_functions - [INFO] - dpu connected to robotics_eVOLVER server

2024-11-18 13:04:35 - robotic_functions - [INFO] - requesting robotics status

2024-11-18 13:04:35 - robotic_functions - [INFO] - {'type': 'robotics', 'data': {'mode': 'wash', 'active_quad': 'quad_0', 'active_pumps': ['base_media_0'], 'vial_window': [2], 'xArm': {'warning_code': 0, 'error_code': 0, 'arm_state': 2, 'connected': True}, 'OctoPrint': {'octoprint_0': {'connection_status': True}}, 'prime_status': {'influx': False, 'efflux': False}}}

2024-11-18 13:04:40 - robotic_functions - [INFO] - Robotics broadcast received

2024-11-18 13:05:16 - robotic_functions - [INFO] - Robotics broadcast received

2024-11-18 13:05:30 - engineio.client - [ERROR] - packet queue is empty, aborting

2024-11-18 13:05:45 - robotic_functions - [INFO] - dpu disconnected from robotics_eVOLVER server

2024-11-18 13:05:47 - robotic_functions - [INFO] - dpu connected to robotics_eVOLVER server

2024-11-18 13:05:47 - robotic_functions - [INFO] - requesting robotics status

2024-11-18 13:05:47 - robotic_functions - [INFO] - {'type': 'robotics', 'data': {'mode': 'influx', 'active_quad': 'quad_0', 'active_pumps': ['base_media_0'], 'vial_window': [4], 'xArm': {'warning_code': 0, 'error_code': 0, 'arm_state': 2, 'connected': True}, 'OctoPrint': {'octoprint_0': {'connection_status': True}}, 'prime_status': {'influx': False, 'efflux': False}}}

2024-11-18 13:05:56 - robotic_functions - [INFO] - Robotics broadcast received

2024-11-18 13:06:36 - robotic_functions - [INFO] - Robotics broadcast received

2024-11-18 13:07:07 - robotic_functions - [INFO] - Robotics broadcast received

2024-11-18 13:07:37 - engineio.client - [ERROR] - packet queue is empty, aborting

2024-11-18 13:07:41 - robotic_functions - [INFO] - Robotics broadcast received

2024-11-18 13:07:52 - robotic_functions - [INFO] - dpu disconnected from robotics_eVOLVER server

2024-11-18 13:07:53 - robotic_functions - [INFO] - dpu connected to robotics_eVOLVER server

2024-11-18 13:07:53 - robotic_functions - [INFO] - requesting robotics status

2024-11-18 13:07:53 - robotic_functions - [INFO] - {'type': 'robotics', 'data': {'mode': 'influx', 'active_quad': 'quad_0', 'active_pumps': ['base_media_0'], 'vial_window': [11], 'xArm': {'warning_code': 0, 'error_code': 0, 'arm_state': 1, 'connected': True}, 'OctoPrint': {'octoprint_0': {'connection_status': True}}, 'prime_status': {'influx': False, 'efflux': False}}}

2024-11-18 13:08:19 - robotic_functions - [INFO] - Robotics broadcast received

2024-11-18 13:08:54 - robotic_functions - [INFO] - Robotics broadcast received

2024-11-18 13:09:40 - engineio.client - [ERROR] - packet queue is empty, aborting

2024-11-18 13:09:40 - robotic_functions - [INFO] - Robotics broadcast received

2024-11-18 13:09:55 - robotic_functions - [INFO] - dpu disconnected from robotics_eVOLVER server

2024-11-18 13:09:56 - robotic_functions - [INFO] - dpu connected to robotics_eVOLVER server

2024-11-18 13:09:56 - robotic_functions - [INFO] - requesting robotics status

2024-11-18 13:09:56 - robotic_functions - [INFO] - {'type': 'robotics', 'data': {'mode': 'influx', 'active_quad': 'quad_0', 'active_pumps': ['base_media_0'], 'vial_window': [9], 'xArm': {'warning_code': 0, 'error_code': 0, 'arm_state': 2, 'connected': True}, 'OctoPrint': {'octoprint_0': {'connection_status': True}}, 'prime_status': {'influx': False, 'efflux': False}}}

2024-11-18 13:10:09 - robotic_functions - [INFO] - Robotics broadcast received

2024-11-18 13:10:32 - robotic_functions - [INFO] - pausing experiment

2024-11-18 13:10:42 - robotic_functions - [INFO] - Robotics broadcast received

2024-11-18 13:10:47 - robotic_functions - [INFO] - stopping experiment

2024-11-18 13:10:47 - robotic_functions - [INFO] - dpu disconnected from robotics_eVOLVER server

2024-11-18 13:48:17 - robotic_functions - [INFO] - dpu connected to robotics_eVOLVER server

2024-11-18 13:48:17 - robotic_functions - [INFO] - requesting robotics status

2024-11-18 13:48:17 - robotic_functions - [INFO] - {'type': 'robotics', 'data': {'mode': 'idle', 'active_quad': None, 'active_pumps': [], 'vial_window': [], 'xArm': {'warning_code': 0, 'error_code': 0, 'arm_state': None, 'connected': True}, 'OctoPrint': {'octoprint_0': {'connection_status': True}}, 'prime_status': {'influx': False, 'efflux': False}}}

2024-11-18 13:48:30 - robotic_functions - [INFO] - Robotics broadcast received

2024-11-18 13:48:30 - evolver - [INFO] - running routine number: 1

2024-11-18 13:48:30 - robotic_functions - [INFO] - requesting robotics status

2024-11-18 13:48:30 - robotic_functions - [INFO] - {'type': 'robotics', 'data': {'mode': 'idle', 'active_quad': None, 'active_pumps': [], 'vial_window': [], 'xArm': {'warning_code': 0, 'error_code': 0, 'arm_state': None, 'connected': True}, 'OctoPrint': {'octoprint_0': {'connection_status': True}}, 'prime_status': {'influx': False, 'efflux': False}}}

2024-11-18 13:48:30 - robotic_functions - [INFO] - dilution routine execution: {'syringe_pump_command': {'base_media_0': {'quad_0': {'vial_0': 0, 'vial_1': 0, 'vial_2': 0, 'vial_3': 0, 'vial_4': 0, 'vial_5': 0, 'vial_6': 0, 'vial_7': 0, 'vial_8': 0, 'vial_9': 0, 'vial_10': 0, 'vial_11': 0, 'vial_12': 0, 'vial_13': 0, 'vial_14': 0, 'vial_15': 0, 'vial_16': 0, 'vial_17': 0}}}, 'ipp_efflux_command': {'quad_0': {'frequency': 5, 'duration': 120, 'polarity': 0}}}

2024-11-18 13:49:07 - robotic_functions - [INFO] - Robotics broadcast received

2024-11-18 13:49:35 - robotic_functions - [INFO] - Robotics broadcast received

2024-11-18 13:50:17 - robotic_functions - [INFO] - Robotics broadcast received

2024-11-18 13:50:47 - robotic_functions - [INFO] - Robotics broadcast received

2024-11-18 13:51:21 - robotic_functions - [INFO] - pausing experiment

2024-11-18 13:51:21 - robotic_functions - [INFO] - stopping experiment

2024-11-18 13:51:21 - robotic_functions - [INFO] - dpu disconnected from robotics_eVOLVER server

2024-11-18 13:53:03 - robotic_functions - [INFO] - dpu connected to robotics_eVOLVER server

2024-11-18 13:53:03 - robotic_functions - [INFO] - requesting robotics status

2024-11-18 13:53:03 - robotic_functions - [INFO] - {'type': 'robotics', 'data': {'mode': 'idle', 'active_quad': None, 'active_pumps': [], 'vial_window': [], 'xArm': {'warning_code': 0, 'error_code': 0, 'arm_state': None, 'connected': True}, 'OctoPrint': {'octoprint_0': {'connection_status': True}}, 'prime_status': {'influx': False, 'efflux': False}}}

2024-11-18 13:53:43 - robotic_functions - [INFO] - Robotics broadcast received

2024-11-18 13:53:43 - evolver - [INFO] - running routine number: 1

2024-11-18 13:53:43 - robotic_functions - [INFO] - requesting robotics status

2024-11-18 13:53:43 - robotic_functions - [INFO] - {'type': 'robotics', 'data': {'mode': 'idle', 'active_quad': None, 'active_pumps': [], 'vial_window': [], 'xArm': {'warning_code': 0, 'error_code': 0, 'arm_state': None, 'connected': True}, 'OctoPrint': {'octoprint_0': {'connection_status': True}}, 'prime_status': {'influx': False, 'efflux': False}}}

2024-11-18 13:53:43 - robotic_functions - [INFO] - dilution routine execution: {'syringe_pump_command': {'base_media_0': {'quad_0': {'vial_0': 0, 'vial_1': 0, 'vial_2': 0, 'vial_3': 0, 'vial_4': 0, 'vial_5': 0, 'vial_6': 0, 'vial_7': 0, 'vial_8': 0, 'vial_9': 0, 'vial_10': 0, 'vial_11': 0, 'vial_12': 0, 'vial_13': 0, 'vial_14': 0, 'vial_15': 0, 'vial_16': 0, 'vial_17': 0}}}, 'ipp_efflux_command': {'quad_0': {'frequency': 5, 'duration': 120, 'polarity': 0}}}

2024-11-18 13:54:17 - robotic_functions - [INFO] - Robotics broadcast received

2024-11-18 13:54:52 - robotic_functions - [INFO] - Robotics broadcast received

2024-11-18 13:55:32 - robotic_functions - [INFO] - Robotics broadcast received

2024-11-18 13:56:12 - robotic_functions - [INFO] - Robotics broadcast received

2024-11-18 13:56:41 - robotic_functions - [INFO] - pausing experiment

2024-11-18 13:56:41 - robotic_functions - [INFO] - Robotics broadcast received

2024-11-18 13:56:41 - robotic_functions - [INFO] - stopping experiment

2024-11-18 13:56:41 - robotic_functions - [INFO] - dpu disconnected from robotics_eVOLVER server

2024-11-18 13:56:44 - robotic_functions - [INFO] - dpu connected to robotics_eVOLVER server

2024-11-18 13:56:44 - robotic_functions - [INFO] - requesting robotics status

2024-11-18 13:56:44 - robotic_functions - [INFO] - {'type': 'robotics', 'data': {'mode': 'emergency_stop', 'active_quad': 'quad_0', 'active_pumps': [], 'vial_window': [], 'xArm': {'warning_code': 0, 'error_code': 0, 'arm_state': None, 'connected': False}, 'OctoPrint': {'octoprint_0': {'connection_status': True}}, 'prime_status': {'influx': False, 'efflux': False}}}

2024-11-18 13:56:45 - robotic_functions - [INFO] - pausing experiment

2024-11-18 13:56:45 - robotic_functions - [INFO] - stopping experiment

2024-11-18 13:56:45 - robotic_functions - [INFO] - dpu disconnected from robotics_eVOLVER server

2024-11-18 13:58:28 - robotic_functions - [INFO] - dpu connected to robotics_eVOLVER server

2024-11-18 13:58:28 - robotic_functions - [INFO] - requesting robotics status

2024-11-18 13:58:28 - robotic_functions - [INFO] - {'type': 'robotics', 'data': {'mode': 'idle', 'active_quad': None, 'active_pumps': [], 'vial_window': [], 'xArm': {'warning_code': 0, 'error_code': 0, 'arm_state': None, 'connected': True}, 'OctoPrint': {'octoprint_0': {'connection_status': True}}, 'prime_status': {'influx': False, 'efflux': False}}}

2024-11-18 13:58:46 - robotic_functions - [INFO] - Robotics broadcast received

2024-11-18 13:58:46 - evolver - [INFO] - running routine number: 1

2024-11-18 13:58:46 - robotic_functions - [INFO] - requesting robotics status

2024-11-18 13:58:46 - robotic_functions - [INFO] - {'type': 'robotics', 'data': {'mode': 'idle', 'active_quad': None, 'active_pumps': [], 'vial_window': [], 'xArm': {'warning_code': 0, 'error_code': 0, 'arm_state': None, 'connected': True}, 'OctoPrint': {'octoprint_0': {'connection_status': True}}, 'prime_status': {'influx': False, 'efflux': False}}}

2024-11-18 13:58:46 - robotic_functions - [INFO] - dilution routine execution: {'syringe_pump_command': {'base_media_0': {'quad_0': {'vial_0': 0, 'vial_1': 0, 'vial_2': 0, 'vial_3': 0, 'vial_4': 0, 'vial_5': 0, 'vial_6': 0, 'vial_7': 0, 'vial_8': 0, 'vial_9': 0, 'vial_10': 0, 'vial_11': 0, 'vial_12': 0, 'vial_13': 0, 'vial_14': 0, 'vial_15': 0, 'vial_16': 0, 'vial_17': 0}}}, 'ipp_efflux_command': {'quad_0': {'frequency': 5, 'duration': 120, 'polarity': 0}}}

2024-11-18 13:59:26 - robotic_functions - [INFO] - Robotics broadcast received

2024-11-18 13:59:59 - engineio.client - [ERROR] - packet queue is empty, aborting

2024-11-18 14:00:04 - robotic_functions - [INFO] - Robotics broadcast received

2024-11-18 14:00:14 - robotic_functions - [INFO] - dpu disconnected from robotics_eVOLVER server

2024-11-18 14:00:16 - robotic_functions - [INFO] - dpu connected to robotics_eVOLVER server

2024-11-18 14:00:16 - robotic_functions - [INFO] - requesting robotics status

2024-11-18 14:00:16 - robotic_functions - [INFO] - {'type': 'robotics', 'data': {'mode': 'influx', 'active_quad': 'quad_0', 'active_pumps': ['base_media_0'], 'vial_window': [1], 'xArm': {'warning_code': 0, 'error_code': 0, 'arm_state': 1, 'connected': True}, 'OctoPrint': {'octoprint_0': {'connection_status': True}}, 'prime_status': {'influx': False, 'efflux': False}}}

2024-11-18 14:00:36 - robotic_functions - [INFO] - Robotics broadcast received

2024-11-18 14:00:46 - engineio.client - [ERROR] - packet queue is empty, aborting

2024-11-18 14:01:04 - robotic_functions - [INFO] - dpu disconnected from robotics_eVOLVER server

2024-11-18 14:01:05 - robotic_functions - [INFO] - dpu connected to robotics_eVOLVER server

2024-11-18 14:01:05 - robotic_functions - [INFO] - requesting robotics status

2024-11-18 14:01:05 - robotic_functions - [INFO] - {'type': 'robotics', 'data': {'mode': 'wash', 'active_quad': 'quad_0', 'active_pumps': ['base_media_0'], 'vial_window': [1], 'xArm': {'warning_code': 0, 'error_code': 0, 'arm_state': 1, 'connected': True}, 'OctoPrint': {'octoprint_0': {'connection_status': True}}, 'prime_status': {'influx': False, 'efflux': False}}}

2024-11-18 14:01:09 - robotic_functions - [INFO] - Robotics broadcast received

2024-11-18 14:01:45 - robotic_functions - [INFO] - Robotics broadcast received

2024-11-18 14:01:59 - engineio.client - [ERROR] - packet queue is empty, aborting

2024-11-18 14:02:14 - robotic_functions - [INFO] - dpu disconnected from robotics_eVOLVER server

2024-11-18 14:02:16 - robotic_functions - [INFO] - dpu connected to robotics_eVOLVER server

2024-11-18 14:02:16 - robotic_functions - [INFO] - requesting robotics status

2024-11-18 14:02:16 - robotic_functions - [INFO] - {'type': 'robotics', 'data': {'mode': 'influx', 'active_quad': 'quad_0', 'active_pumps': ['base_media_0'], 'vial_window': [3], 'xArm': {'warning_code': 0, 'error_code': 0, 'arm_state': 1, 'connected': True}, 'OctoPrint': {'octoprint_0': {'connection_status': True}}, 'prime_status': {'influx': False, 'efflux': False}}}

2024-11-18 14:02:25 - robotic_functions - [INFO] - Robotics broadcast received

2024-11-18 14:03:05 - robotic_functions - [INFO] - Robotics broadcast received

2024-11-18 14:03:33 - robotic_functions - [INFO] - Robotics broadcast received

2024-11-18 14:04:05 - engineio.client - [ERROR] - packet queue is empty, aborting

2024-11-18 14:04:09 - robotic_functions - [INFO] - Robotics broadcast received

2024-11-18 14:04:20 - robotic_functions - [INFO] - dpu disconnected from robotics_eVOLVER server

2024-11-18 14:04:21 - robotic_functions - [INFO] - dpu connected to robotics_eVOLVER server

2024-11-18 14:04:21 - robotic_functions - [INFO] - requesting robotics status

2024-11-18 14:04:21 - robotic_functions - [INFO] - {'type': 'robotics', 'data': {'mode': 'influx', 'active_quad': 'quad_0', 'active_pumps': ['base_media_0'], 'vial_window': [5], 'xArm': {'warning_code': 0, 'error_code': 0, 'arm_state': 1, 'connected': True}, 'OctoPrint': {'octoprint_0': {'connection_status': True}}, 'prime_status': {'influx': False, 'efflux': False}}}

2024-11-18 14:04:41 - robotic_functions - [INFO] - pausing experiment

2024-11-18 14:04:48 - robotic_functions - [INFO] - Robotics broadcast received

2024-11-18 14:05:00 - robotic_functions - [INFO] - resuming experiment

2024-11-18 14:05:22 - robotic_functions - [INFO] - Robotics broadcast received

2024-11-18 14:05:42 - robotic_functions - [INFO] - pausing experiment

2024-11-18 14:05:45 - robotic_functions - [INFO] - stopping experiment

2024-11-18 14:05:45 - robotic_functions - [INFO] - dpu disconnected from robotics_eVOLVER server

2024-11-18 14:08:56 - robotic_functions - [INFO] - dpu connected to robotics_eVOLVER server

2024-11-18 14:08:56 - robotic_functions - [INFO] - requesting robotics status

2024-11-18 14:08:56 - robotic_functions - [INFO] - {'type': 'robotics', 'data': {'mode': 'idle', 'active_quad': None, 'active_pumps': [], 'vial_window': [], 'xArm': {'warning_code': 0, 'error_code': 0, 'arm_state': 5, 'connected': True}, 'OctoPrint': {'octoprint_0': {'connection_status': True}}, 'prime_status': {'influx': False, 'efflux': False}}}

2024-11-18 14:09:21 - robotic_functions - [INFO] - Robotics broadcast received

2024-11-18 14:09:21 - evolver - [INFO] - running routine number: 1

2024-11-18 14:09:21 - robotic_functions - [INFO] - requesting robotics status

2024-11-18 14:09:21 - robotic_functions - [INFO] - {'type': 'robotics', 'data': {'mode': 'idle', 'active_quad': None, 'active_pumps': [], 'vial_window': [], 'xArm': {'warning_code': 0, 'error_code': 0, 'arm_state': 5, 'connected': True}, 'OctoPrint': {'octoprint_0': {'connection_status': True}}, 'prime_status': {'influx': False, 'efflux': False}}}

2024-11-18 14:09:21 - robotic_functions - [INFO] - dilution routine execution: {'syringe_pump_command': {'base_media_0': {'quad_0': {'vial_0': 0, 'vial_1': 0, 'vial_2': 0, 'vial_3': 0, 'vial_4': 0, 'vial_5': 0, 'vial_6': 0, 'vial_7': 0, 'vial_8': 0, 'vial_9': 0, 'vial_10': 0, 'vial_11': 0, 'vial_12': 0, 'vial_13': 0, 'vial_14': 0, 'vial_15': 0, 'vial_16': 0, 'vial_17': 0}}}, 'ipp_efflux_command': {'quad_0': {'frequency': 5, 'duration': 120, 'polarity': 0}}}

2024-11-18 14:09:37 - robotic_functions - [INFO] - pausing experiment

2024-11-18 14:09:39 - robotic_functions - [INFO] - stopping experiment

2024-11-18 14:09:39 - robotic_functions - [INFO] - dpu disconnected from robotics_eVOLVER server

2024-11-18 14:10:05 - robotic_functions - [INFO] - dpu connected to robotics_eVOLVER server

2024-11-18 14:10:05 - robotic_functions - [INFO] - requesting robotics status

2024-11-18 14:10:05 - robotic_functions - [INFO] - {'type': 'robotics', 'data': {'mode': 'idle', 'active_quad': 'quad_0', 'active_pumps': ['base_media_0'], 'vial_window': [0], 'xArm': {'warning_code': 0, 'error_code': 0, 'arm_state': 5, 'connected': True, 'warn_code': 0}, 'OctoPrint': {'octoprint_0': {'connection_status': False}}, 'prime_status': {'influx': False, 'efflux': False}}}

2024-11-18 14:10:33 - robotic_functions - [INFO] - Robotics broadcast received

2024-11-18 14:10:33 - evolver - [INFO] - running routine number: 1

2024-11-18 14:10:33 - robotic_functions - [INFO] - requesting robotics status

2024-11-18 14:10:33 - robotic_functions - [INFO] - {'type': 'robotics', 'data': {'mode': 'idle', 'active_quad': 'quad_0', 'active_pumps': ['base_media_0'], 'vial_window': [0], 'xArm': {'warning_code': 0, 'error_code': 0, 'arm_state': 5, 'connected': True, 'warn_code': 0}, 'OctoPrint': {'octoprint_0': {'connection_status': True}}, 'prime_status': {'influx': False, 'efflux': False}}}

2024-11-18 14:10:34 - robotic_functions - [INFO] - dilution routine execution: {'syringe_pump_command': {'base_media_0': {'quad_0': {'vial_0': 0, 'vial_1': 0, 'vial_2': 0, 'vial_3': 0, 'vial_4': 0, 'vial_5': 0, 'vial_6': 0, 'vial_7': 0, 'vial_8': 0, 'vial_9': 0, 'vial_10': 0, 'vial_11': 0, 'vial_12': 0, 'vial_13': 0, 'vial_14': 0, 'vial_15': 0, 'vial_16': 0, 'vial_17': 0}}}, 'ipp_efflux_command': {'quad_0': {'frequency': 5, 'duration': 120, 'polarity': 0}}}

2024-11-18 14:10:45 - robotic_functions - [INFO] - pausing experiment

2024-11-18 14:10:45 - robotic_functions - [INFO] - stopping experiment

2024-11-18 14:10:45 - robotic_functions - [INFO] - dpu disconnected from robotics_eVOLVER server

2024-11-18 14:13:38 - robotic_functions - [INFO] - dpu connected to robotics_eVOLVER server

2024-11-18 14:13:38 - robotic_functions - [INFO] - requesting robotics status

2024-11-18 14:13:38 - robotic_functions - [INFO] - {'type': 'robotics', 'data': {'mode': 'idle', 'active_quad': None, 'active_pumps': [], 'vial_window': [], 'xArm': {'warning_code': 0, 'error_code': 0, 'arm_state': None, 'connected': True}, 'OctoPrint': {'octoprint_0': {'connection_status': True}}, 'prime_status': {'influx': False, 'efflux': False}}}

2024-11-18 14:13:57 - robotic_functions - [INFO] - Robotics broadcast received

2024-11-18 14:13:57 - evolver - [INFO] - running routine number: 1

2024-11-18 14:13:57 - robotic_functions - [INFO] - requesting robotics status

2024-11-18 14:13:57 - robotic_functions - [INFO] - {'type': 'robotics', 'data': {'mode': 'idle', 'active_quad': None, 'active_pumps': [], 'vial_window': [], 'xArm': {'warning_code': 0, 'error_code': 0, 'arm_state': None, 'connected': True}, 'OctoPrint': {'octoprint_0': {'connection_status': True}}, 'prime_status': {'influx': False, 'efflux': False}}}

2024-11-18 14:13:57 - robotic_functions - [INFO] - dilution routine execution: {'syringe_pump_command': {'base_media_0': {'quad_0': {'vial_0': 0, 'vial_1': 0, 'vial_2': 0, 'vial_3': 0, 'vial_4': 0, 'vial_5': 0, 'vial_6': 0, 'vial_7': 0, 'vial_8': 0, 'vial_9': 0, 'vial_10': 0, 'vial_11': 0, 'vial_12': 0, 'vial_13': 0, 'vial_14': 0, 'vial_15': 0, 'vial_16': 0, 'vial_17': 0}}}, 'ipp_efflux_command': {'quad_0': {'frequency': 5, 'duration': 120, 'polarity': 0}}}

2024-11-18 14:14:28 - robotic_functions - [INFO] - Robotics broadcast received

2024-11-18 14:14:45 - robotic_functions - [INFO] - pausing experiment

2024-11-18 14:14:46 - robotic_functions - [INFO] - stopping experiment

2024-11-18 14:14:46 - robotic_functions - [INFO] - dpu disconnected from robotics_eVOLVER server

2024-11-18 14:17:49 - robotic_functions - [INFO] - dpu connected to robotics_eVOLVER server

2024-11-18 14:17:49 - robotic_functions - [INFO] - requesting robotics status

2024-11-18 14:17:49 - robotic_functions - [INFO] - {'type': 'robotics', 'data': {'mode': 'idle', 'active_quad': None, 'active_pumps': [], 'vial_window': [], 'xArm': {'warning_code': 0, 'error_code': 0, 'arm_state': 2, 'connected': True}, 'OctoPrint': {'octoprint_0': {'connection_status': True}}, 'prime_status': {'influx': False, 'efflux': False}}}

2024-11-18 14:18:29 - robotic_functions - [INFO] - Robotics broadcast received

2024-11-18 14:18:29 - evolver - [INFO] - running routine number: 1

2024-11-18 14:18:29 - robotic_functions - [INFO] - requesting robotics status

2024-11-18 14:18:29 - robotic_functions - [INFO] - {'type': 'robotics', 'data': {'mode': 'idle', 'active_quad': None, 'active_pumps': [], 'vial_window': [], 'xArm': {'warning_code': 0, 'error_code': 0, 'arm_state': 2, 'connected': True}, 'OctoPrint': {'octoprint_0': {'connection_status': True}}, 'prime_status': {'influx': False, 'efflux': False}}}

2024-11-18 14:18:29 - robotic_functions - [INFO] - dilution routine execution: {'syringe_pump_command': {'base_media_0': {'quad_0': {'vial_0': 0, 'vial_1': 0, 'vial_2': 0, 'vial_3': 0, 'vial_4': 0, 'vial_5': 0, 'vial_6': 0, 'vial_7': 0, 'vial_8': 0, 'vial_9': 0, 'vial_10': 0, 'vial_11': 0, 'vial_12': 0, 'vial_13': 0, 'vial_14': 0, 'vial_15': 0, 'vial_16': 0, 'vial_17': 0}}}, 'ipp_efflux_command': {'quad_0': {'frequency': 5, 'duration': 120, 'polarity': 0}}}

2024-11-18 14:19:02 - robotic_functions - [INFO] - Robotics broadcast received

2024-11-18 14:19:41 - engineio.client - [ERROR] - packet queue is empty, aborting

2024-11-18 14:19:48 - robotic_functions - [INFO] - Robotics broadcast received

2024-11-18 14:19:56 - robotic_functions - [INFO] - dpu disconnected from robotics_eVOLVER server

2024-11-18 14:19:58 - robotic_functions - [INFO] - dpu connected to robotics_eVOLVER server

2024-11-18 14:19:58 - robotic_functions - [INFO] - requesting robotics status

2024-11-18 14:19:58 - robotic_functions - [INFO] - {'type': 'robotics', 'data': {'mode': 'influx', 'active_quad': 'quad_0', 'active_pumps': ['base_media_0'], 'vial_window': [1], 'xArm': {'warning_code': 0, 'error_code': 0, 'arm_state': 1, 'connected': True}, 'OctoPrint': {'octoprint_0': {'connection_status': True}}, 'prime_status': {'influx': False, 'efflux': False}}}

2024-11-18 14:20:13 - robotic_functions - [INFO] - Robotics broadcast received

2024-11-18 14:20:28 - engineio.client - [ERROR] - packet queue is empty, aborting

2024-11-18 14:20:49 - robotic_functions - [INFO] - Robotics broadcast received

2024-11-18 14:20:49 - robotic_functions - [INFO] - dpu disconnected from robotics_eVOLVER server

2024-11-18 14:20:50 - robotic_functions - [INFO] - dpu connected to robotics_eVOLVER server

2024-11-18 14:20:50 - robotic_functions - [INFO] - requesting robotics status

2024-11-18 14:20:50 - robotic_functions - [INFO] - {'type': 'robotics', 'data': {'mode': 'wash', 'active_quad': 'quad_0', 'active_pumps': ['base_media_0'], 'vial_window': [1], 'xArm': {'warning_code': 0, 'error_code': 0, 'arm_state': 1, 'connected': True}, 'OctoPrint': {'octoprint_0': {'connection_status': True}}, 'prime_status': {'influx': False, 'efflux': False}}}

2024-11-18 14:21:30 - robotic_functions - [INFO] - Robotics broadcast received

2024-11-18 14:21:45 - engineio.client - [ERROR] - packet queue is empty, aborting

2024-11-18 14:22:00 - robotic_functions - [INFO] - dpu disconnected from robotics_eVOLVER server

2024-11-18 14:22:01 - robotic_functions - [INFO] - dpu connected to robotics_eVOLVER server

2024-11-18 14:22:01 - robotic_functions - [INFO] - requesting robotics status

2024-11-18 14:22:01 - robotic_functions - [INFO] - {'type': 'robotics', 'data': {'mode': 'influx', 'active_quad': 'quad_0', 'active_pumps': ['base_media_0'], 'vial_window': [3], 'xArm': {'warning_code': 0, 'error_code': 0, 'arm_state': 2, 'connected': True}, 'OctoPrint': {'octoprint_0': {'connection_status': True}}, 'prime_status': {'influx': False, 'efflux': False}}}

2024-11-18 14:22:02 - robotic_functions - [INFO] - Robotics broadcast received

2024-11-18 14:22:48 - robotic_functions - [INFO] - Robotics broadcast received

2024-11-18 14:23:14 - robotic_functions - [INFO] - Robotics broadcast received

2024-11-18 14:23:50 - robotic_functions - [INFO] - Robotics broadcast received

2024-11-18 14:24:30 - robotic_functions - [INFO] - Robotics broadcast received

2024-11-18 14:24:43 - engineio.client - [ERROR] - packet queue is empty, aborting

2024-11-18 14:24:59 - robotic_functions - [INFO] - dpu disconnected from robotics_eVOLVER server

2024-11-18 14:24:59 - robotic_functions - [INFO] - dpu connected to robotics_eVOLVER server

2024-11-18 14:24:59 - robotic_functions - [INFO] - requesting robotics status

2024-11-18 14:24:59 - robotic_functions - [INFO] - {'type': 'robotics', 'data': {'mode': 'influx', 'active_quad': 'quad_0', 'active_pumps': ['base_media_0'], 'vial_window': [11], 'xArm': {'warning_code': 0, 'error_code': 0, 'arm_state': 2, 'connected': True}, 'OctoPrint': {'octoprint_0': {'connection_status': True}}, 'prime_status': {'influx': False, 'efflux': False}}}

2024-11-18 14:25:03 - robotic_functions - [INFO] - Robotics broadcast received

2024-11-18 14:25:45 - robotic_functions - [INFO] - Robotics broadcast received

2024-11-18 14:26:15 - robotic_functions - [INFO] - Robotics broadcast received

2024-11-18 14:26:23 - engineio.client - [ERROR] - packet queue is empty, aborting

2024-11-18 14:26:35 - robotic_functions - [INFO] - pausing experiment

2024-11-18 14:26:42 - robotic_functions - [INFO] - dpu disconnected from robotics_eVOLVER server

2024-11-18 14:26:44 - robotic_functions - [INFO] - dpu connected to robotics_eVOLVER server

2024-11-18 14:26:44 - robotic_functions - [INFO] - requesting robotics status

2024-11-18 14:26:44 - robotic_functions - [INFO] - {'type': 'robotics', 'data': {'mode': 'wash', 'active_quad': 'quad_0', 'active_pumps': ['base_media_0'], 'vial_window': [10], 'xArm': {'warning_code': 0, 'error_code': 0, 'arm_state': 2, 'connected': True}, 'OctoPrint': {'octoprint_0': {'connection_status': True}}, 'prime_status': {'influx': False, 'efflux': False}}}

2024-11-18 14:26:51 - robotic_functions - [INFO] - Robotics broadcast received

2024-11-18 14:27:20 - robotic_functions - [INFO] - resuming experiment

2024-11-18 14:27:27 - robotic_functions - [INFO] - Robotics broadcast received

2024-11-18 14:27:32 - robotic_functions - [INFO] - pausing experiment

2024-11-18 14:28:03 - robotic_functions - [INFO] - Robotics broadcast received

2024-11-18 14:28:34 - robotic_functions - [INFO] - dpu disconnected from robotics_eVOLVER server

2024-11-18 14:28:37 - robotic_functions - [INFO] - stopping experiment

2024-11-18 15:45:26 - robotic_functions - [INFO] - dpu connected to robotics_eVOLVER server

2024-11-18 15:45:26 - robotic_functions - [INFO] - requesting robotics status

2024-11-18 15:45:26 - robotic_functions - [INFO] - {'type': 'robotics', 'data': {'mode': 'idle', 'active_quad': None, 'active_pumps': [], 'vial_window': [], 'xArm': {'warning_code': 0, 'error_code': 0, 'arm_state': 2, 'connected': True}, 'OctoPrint': {'octoprint_0': {'connection_status': True}}, 'prime_status': {'influx': False, 'efflux': False}}}

2024-11-18 15:45:44 - robotic_functions - [INFO] - Robotics broadcast received

2024-11-18 15:45:44 - evolver - [INFO] - running routine number: 1

2024-11-18 15:45:44 - robotic_functions - [INFO] - requesting robotics status

2024-11-18 15:45:44 - robotic_functions - [INFO] - {'type': 'robotics', 'data': {'mode': 'idle', 'active_quad': None, 'active_pumps': [], 'vial_window': [], 'xArm': {'warning_code': 0, 'error_code': 0, 'arm_state': 2, 'connected': True}, 'OctoPrint': {'octoprint_0': {'connection_status': True}}, 'prime_status': {'influx': False, 'efflux': False}}}

2024-11-18 15:45:44 - robotic_functions - [INFO] - dilution routine execution: {'syringe_pump_command': {'base_media_0': {'quad_0': {'vial_0': 0, 'vial_1': 0, 'vial_2': 0, 'vial_3': 0, 'vial_4': 0, 'vial_5': 0, 'vial_6': 0, 'vial_7': 0, 'vial_8': 0, 'vial_9': 0, 'vial_10': 0, 'vial_11': 0, 'vial_12': 0, 'vial_13': 0, 'vial_14': 0, 'vial_15': 0, 'vial_16': 0, 'vial_17': 0}}}, 'ipp_efflux_command': {'quad_0': {'frequency': 5, 'duration': 120, 'polarity': 0}}}

2024-11-18 15:46:11 - robotic_functions - [INFO] - Robotics broadcast received

2024-11-18 15:46:24 - robotic_functions - [INFO] - pausing experiment

2024-11-18 15:46:41 - robotic_functions - [INFO] - Robotics broadcast received

2024-11-18 15:47:04 - robotic_functions - [INFO] - exiting experiment

2024-11-18 15:47:04 - robotic_functions - [INFO] - dpu disconnected from robotics_eVOLVER server

2024-11-18 15:53:12 - robotic_functions - [INFO] - dpu connected to robotics_eVOLVER server

2024-11-18 15:53:12 - robotic_functions - [INFO] - requesting robotics status

2024-11-18 15:53:12 - robotic_functions - [INFO] - {'type': 'robotics', 'data': {'mode': 'idle', 'active_quad': None, 'active_pumps': [], 'vial_window': [], 'xArm': {'warning_code': 0, 'error_code': 0, 'arm_state': None, 'connected': True}, 'OctoPrint': {'octoprint_0': {'connection_status': True}}, 'prime_status': {'influx': False, 'efflux': False}}}

2024-11-18 15:53:49 - robotic_functions - [INFO] - Robotics broadcast received

2024-11-18 15:53:49 - evolver - [INFO] - running routine number: 1

2024-11-18 15:53:49 - robotic_functions - [INFO] - requesting robotics status

2024-11-18 15:53:49 - robotic_functions - [INFO] - {'type': 'robotics', 'data': {'mode': 'idle', 'active_quad': None, 'active_pumps': [], 'vial_window': [], 'xArm': {'warning_code': 0, 'error_code': 0, 'arm_state': None, 'connected': True}, 'OctoPrint': {'octoprint_0': {'connection_status': True}}, 'prime_status': {'influx': False, 'efflux': False}}}

2024-11-18 15:53:49 - robotic_functions - [INFO] - dilution routine execution: {'syringe_pump_command': {'base_media_0': {'quad_0': {'vial_0': 0, 'vial_1': 0, 'vial_2': 0, 'vial_3': 0, 'vial_4': 0, 'vial_5': 0, 'vial_6': 0, 'vial_7': 0, 'vial_8': 0, 'vial_9': 0, 'vial_10': 0, 'vial_11': 0, 'vial_12': 0, 'vial_13': 0, 'vial_14': 0, 'vial_15': 0, 'vial_16': 0, 'vial_17': 0}}}, 'ipp_efflux_command': {'quad_0': {'frequency': 5, 'duration': 120, 'polarity': 0}}}

2024-11-18 15:54:21 - robotic_functions - [INFO] - Robotics broadcast received

2024-11-18 15:54:27 - robotic_functions - [INFO] - exiting experiment

2024-11-18 15:54:47 - robotic_functions - [INFO] - {'done': False, 'routine': 'influx', 'robotics_status': {'mode': 'idle', 'active_quad': 'quad_0', 'active_pumps': ['base_media_0'], 'vial_window': [0], 'xArm': {'warning_code': 0, 'error_code': 0, 'arm_state': 2, 'connected': True}, 'OctoPrint': {'octoprint_0': {'connection_status': True}}, 'prime_status': {'influx': False, 'efflux': False}}, 'elapsed_time': 58.49169635772705, 'message': 'User exit command detected'}

2024-11-18 15:54:59 - robotic_functions - [INFO] - Robotics broadcast received

2024-11-18 15:55:45 - robotic_functions - [INFO] - Robotics broadcast received

2024-11-18 15:56:09 - robotic_functions - [INFO] - Robotics broadcast received

2024-11-18 15:56:47 - robotic_functions - [INFO] - Robotics broadcast received

2024-11-18 15:57:25 - robotic_functions - [INFO] - Robotics broadcast received

2024-11-18 15:58:07 - robotic_functions - [INFO] - Robotics broadcast received

2024-11-18 15:58:40 - robotic_functions - [INFO] - Robotics broadcast received

2024-11-18 15:59:10 - robotic_functions - [INFO] - Robotics broadcast received

2024-11-18 15:59:47 - robotic_functions - [INFO] - Robotics broadcast received

2024-11-18 16:00:26 - robotic_functions - [INFO] - Robotics broadcast received

2024-11-18 16:00:57 - robotic_functions - [INFO] - exiting experiment

2024-11-18 16:00:57 - robotic_functions - [INFO] - dpu disconnected from robotics_eVOLVER server

2024-11-18 16:08:09 - robotic_functions - [INFO] - dpu connected to robotics_eVOLVER server

2024-11-18 16:08:09 - robotic_functions - [INFO] - requesting robotics status

2024-11-18 16:08:09 - robotic_functions - [INFO] - {'type': 'robotics', 'data': {'mode': 'idle', 'active_quad': None, 'active_pumps': [], 'vial_window': [], 'xArm': {'warning_code': 0, 'error_code': 0, 'arm_state': None, 'connected': True}, 'OctoPrint': {'octoprint_0': {'connection_status': True}}, 'prime_status': {'influx': False, 'efflux': False}}}

2024-11-18 16:08:25 - robotic_functions - [INFO] - Robotics broadcast received

2024-11-18 16:08:25 - evolver - [INFO] - running routine number: 1

2024-11-18 16:08:25 - robotic_functions - [INFO] - requesting robotics status

2024-11-18 16:08:25 - robotic_functions - [INFO] - {'type': 'robotics', 'data': {'mode': 'idle', 'active_quad': None, 'active_pumps': [], 'vial_window': [], 'xArm': {'warning_code': 0, 'error_code': 0, 'arm_state': None, 'connected': True}, 'OctoPrint': {'octoprint_0': {'connection_status': True}}, 'prime_status': {'influx': False, 'efflux': False}}}

2024-11-18 16:08:25 - robotic_functions - [INFO] - dilution routine execution: {'syringe_pump_command': {'base_media_0': {'quad_0': {'vial_0': 0, 'vial_1': 0, 'vial_2': 0, 'vial_3': 0, 'vial_4': 0, 'vial_5': 0, 'vial_6': 0, 'vial_7': 0, 'vial_8': 0, 'vial_9': 0, 'vial_10': 0, 'vial_11': 0, 'vial_12': 0, 'vial_13': 0, 'vial_14': 0, 'vial_15': 0, 'vial_16': 0, 'vial_17': 0}}}, 'ipp_efflux_command': {'quad_0': {'frequency': 5, 'duration': 120, 'polarity': 0}}}

2024-11-18 16:08:55 - robotic_functions - [INFO] - Robotics broadcast received

2024-11-18 16:09:01 - robotic_functions - [INFO] - exiting experiment

2024-11-18 16:09:19 - robotic_functions - [INFO] - resuming experiment

2024-11-18 16:09:42 - robotic_functions - [INFO] - Robotics broadcast received

2024-11-18 16:10:07 - robotic_functions - [INFO] - Robotics broadcast received

2024-11-18 16:10:37 - engineio.client - [ERROR] - packet queue is empty, aborting

2024-11-18 16:10:43 - robotic_functions - [INFO] - Robotics broadcast received

2024-11-18 16:10:52 - robotic_functions - [INFO] - dpu disconnected from robotics_eVOLVER server

2024-11-18 16:10:53 - robotic_functions - [INFO] - dpu connected to robotics_eVOLVER server

2024-11-18 16:10:53 - robotic_functions - [INFO] - requesting robotics status

2024-11-18 16:10:53 - robotic_functions - [INFO] - {'type': 'robotics', 'data': {'mode': 'dilution_influx', 'active_quad': 'quad_0', 'active_pumps': ['base_media_0'], 'vial_window': [2], 'xArm': {'warning_code': 0, 'error_code': 0, 'arm_state': 1, 'connected': True}, 'OctoPrint': {'octoprint_0': {'connection_status': True}}, 'prime_status': {'influx': False, 'efflux': False}}}

2024-11-18 16:11:11 - robotic_functions - [INFO] - exiting experiment

2024-11-18 16:11:24 - robotic_functions - [INFO] - Robotics broadcast received

2024-11-18 16:12:04 - robotic_functions - [INFO] - Robotics broadcast received

2024-11-18 16:12:39 - robotic_functions - [INFO] - Robotics broadcast received

2024-11-18 16:13:24 - robotic_functions - [INFO] - Robotics broadcast received

2024-11-18 16:13:44 - robotic_functions - [INFO] - Robotics broadcast received

2024-11-18 16:14:19 - robotic_functions - [INFO] - Robotics broadcast received

2024-11-18 16:15:04 - robotic_functions - [INFO] - Robotics broadcast received

2024-11-18 16:15:21 - robotic_functions - [INFO] - exiting experiment

2024-11-18 16:15:21 - robotic_functions - [INFO] - dpu disconnected from robotics_eVOLVER server

2024-11-18 16:24:20 - robotic_functions - [INFO] - dpu connected to robotics_eVOLVER server

2024-11-18 16:24:20 - robotic_functions - [INFO] - requesting robotics status

2024-11-18 16:24:20 - robotic_functions - [INFO] - {'type': 'robotics', 'data': {'mode': 'idle', 'active_quad': None, 'active_pumps': [], 'vial_window': [], 'xArm': {'warning_code': 0, 'error_code': 0, 'arm_state': None, 'connected': True}, 'OctoPrint': {'octoprint_0': {'connection_status': True}}, 'prime_status': {'influx': False, 'efflux': False}}}

2024-11-18 16:24:36 - robotic_functions - [INFO] - Robotics broadcast received

2024-11-18 16:24:36 - evolver - [INFO] - running routine number: 1

2024-11-18 16:24:36 - robotic_functions - [INFO] - requesting robotics status

2024-11-18 16:24:36 - robotic_functions - [INFO] - {'type': 'robotics', 'data': {'mode': 'idle', 'active_quad': None, 'active_pumps': [], 'vial_window': [], 'xArm': {'warning_code': 0, 'error_code': 0, 'arm_state': None, 'connected': True}, 'OctoPrint': {'octoprint_0': {'connection_status': True}}, 'prime_status': {'influx': False, 'efflux': False}}}

2024-11-18 16:24:36 - robotic_functions - [INFO] - dilution routine execution: {'syringe_pump_command': {'base_media_0': {'quad_0': {'vial_0': 0, 'vial_1': 0, 'vial_2': 0, 'vial_3': 0, 'vial_4': 0, 'vial_5': 0, 'vial_6': 0, 'vial_7': 0, 'vial_8': 0, 'vial_9': 0, 'vial_10': 0, 'vial_11': 0, 'vial_12': 0, 'vial_13': 0, 'vial_14': 0, 'vial_15': 0, 'vial_16': 0, 'vial_17': 0}}}, 'ipp_efflux_command': {'quad_0': {'frequency': 5, 'duration': 120, 'polarity': 0}}}

2024-11-18 16:24:44 - robotic_functions - [INFO] - exiting experiment

2024-11-18 16:25:11 - robotic_functions - [INFO] - Robotics broadcast received

2024-11-18 16:25:41 - robotic_functions - [INFO] - Robotics broadcast received

2024-11-18 16:26:31 - robotic_functions - [INFO] - Robotics broadcast received

2024-11-18 16:26:56 - robotic_functions - [INFO] - Robotics broadcast received

2024-11-18 16:27:32 - robotic_functions - [INFO] - Robotics broadcast received

2024-11-18 16:28:12 - robotic_functions - [INFO] - Robotics broadcast received

2024-11-18 16:28:13 - robotic_functions - [INFO] - exiting experiment

2024-11-18 16:28:13 - robotic_functions - [INFO] - dpu disconnected from robotics_eVOLVER server

2024-11-18 16:30:36 - robotic_functions - [INFO] - dpu connected to robotics_eVOLVER server

2024-11-18 16:30:36 - robotic_functions - [INFO] - requesting robotics status

2024-11-18 16:30:36 - robotic_functions - [INFO] - {'type': 'robotics', 'data': {'mode': 'idle', 'active_quad': None, 'active_pumps': [], 'vial_window': [], 'xArm': {'warning_code': 0, 'error_code': 0, 'arm_state': None, 'connected': True}, 'OctoPrint': {'octoprint_0': {'connection_status': True}}, 'prime_status': {'influx': False, 'efflux': False}}}

2024-11-18 16:31:16 - robotic_functions - [INFO] - Robotics broadcast received

2024-11-18 16:31:16 - evolver - [INFO] - running routine number: 1

2024-11-18 16:31:16 - robotic_functions - [INFO] - requesting robotics status

2024-11-18 16:31:16 - robotic_functions - [INFO] - {'type': 'robotics', 'data': {'mode': 'idle', 'active_quad': None, 'active_pumps': [], 'vial_window': [], 'xArm': {'warning_code': 0, 'error_code': 0, 'arm_state': None, 'connected': True}, 'OctoPrint': {'octoprint_0': {'connection_status': True}}, 'prime_status': {'influx': False, 'efflux': False}}}

2024-11-18 16:31:16 - robotic_functions - [INFO] - dilution routine execution: {'syringe_pump_command': {'base_media_0': {'quad_0': {'vial_0': 0, 'vial_1': 0, 'vial_2': 0, 'vial_3': 0, 'vial_4': 0, 'vial_5': 0, 'vial_6': 0, 'vial_7': 0, 'vial_8': 0, 'vial_9': 0, 'vial_10': 0, 'vial_11': 0, 'vial_12': 0, 'vial_13': 0, 'vial_14': 0, 'vial_15': 0, 'vial_16': 0, 'vial_17': 0}}}, 'ipp_efflux_command': {'quad_0': {'frequency': 5, 'duration': 120, 'polarity': 0}}}

2024-11-18 16:31:44 - robotic_functions - [INFO] - Robotics broadcast received

2024-11-18 16:32:19 - robotic_functions - [INFO] - Robotics broadcast received

2024-11-18 16:32:46 - robotic_functions - [INFO] - exiting experiment

2024-11-18 16:32:46 - robotic_functions - [INFO] - exiting experiment

2024-11-18 16:32:46 - robotic_functions - [INFO] - dpu disconnected from robotics_eVOLVER server

2024-11-18 16:36:30 - robotic_functions - [INFO] - dpu connected to robotics_eVOLVER server

2024-11-18 16:36:30 - robotic_functions - [INFO] - requesting robotics status

2024-11-18 16:36:30 - robotic_functions - [INFO] - {'type': 'robotics', 'data': {'mode': 'idle', 'active_quad': None, 'active_pumps': [], 'vial_window': [], 'xArm': {'warning_code': 0, 'error_code': 0, 'arm_state': 2, 'connected': True}, 'OctoPrint': {'octoprint_0': {'connection_status': True}}, 'prime_status': {'influx': False, 'efflux': False}}}

2024-11-18 16:36:47 - robotic_functions - [INFO] - Robotics broadcast received

2024-11-18 16:36:47 - evolver - [INFO] - running routine number: 1

2024-11-18 16:36:47 - robotic_functions - [INFO] - requesting robotics status

2024-11-18 16:36:47 - robotic_functions - [INFO] - {'type': 'robotics', 'data': {'mode': 'idle', 'active_quad': None, 'active_pumps': [], 'vial_window': [], 'xArm': {'warning_code': 0, 'error_code': 0, 'arm_state': 2, 'connected': True}, 'OctoPrint': {'octoprint_0': {'connection_status': True}}, 'prime_status': {'influx': False, 'efflux': False}}}

2024-11-18 16:36:47 - robotic_functions - [INFO] - dilution routine execution: {'syringe_pump_command': {'base_media_0': {'quad_0': {'vial_0': 0, 'vial_1': 0, 'vial_2': 0, 'vial_3': 0, 'vial_4': 0, 'vial_5': 0, 'vial_6': 0, 'vial_7': 0, 'vial_8': 0, 'vial_9': 0, 'vial_10': 0, 'vial_11': 0, 'vial_12': 0, 'vial_13': 0, 'vial_14': 0, 'vial_15': 0, 'vial_16': 0, 'vial_17': 0}}}, 'ipp_efflux_command': {'quad_0': {'frequency': 5, 'duration': 120, 'polarity': 0}}}

2024-11-18 16:36:59 - robotic_functions - [INFO] - exiting experiment

2024-11-18 16:37:12 - robotic_functions - [INFO] - Robotics broadcast received

2024-11-18 16:37:54 - robotic_functions - [INFO] - Robotics broadcast received

2024-11-18 16:38:24 - robotic_functions - [INFO] - Robotics broadcast received

2024-11-18 16:39:04 - robotic_functions - [INFO] - Robotics broadcast received

2024-11-18 16:39:43 - robotic_functions - [INFO] - Robotics broadcast received

2024-11-18 16:40:24 - robotic_functions - [INFO] - Robotics broadcast received

2024-11-18 16:40:50 - robotic_functions - [INFO] - Robotics broadcast received

2024-11-18 16:41:27 - robotic_functions - [INFO] - Robotics broadcast received

2024-11-18 16:42:04 - robotic_functions - [INFO] - Robotics broadcast received

2024-11-18 16:42:26 - robotic_functions - [INFO] - exiting experiment

2024-11-18 16:42:26 - robotic_functions - [INFO] - dpu disconnected from robotics_eVOLVER server

2024-11-18 16:43:16 - robotic_functions - [INFO] - dpu connected to robotics_eVOLVER server

2024-11-18 16:43:16 - robotic_functions - [INFO] - requesting robotics status

2024-11-18 16:43:16 - robotic_functions - [INFO] - {'type': 'robotics', 'data': {'mode': 'idle', 'active_quad': 'quad_0', 'active_pumps': [], 'vial_window': [], 'xArm': {'warning_code': 0, 'error_code': 0, 'arm_state': 2, 'connected': True}, 'OctoPrint': {'octoprint_0': {'connection_status': True}}, 'prime_status': {'influx': False, 'efflux': False}}}

2024-11-18 16:43:53 - robotic_functions - [INFO] - Robotics broadcast received

2024-11-18 16:43:53 - evolver - [INFO] - running routine number: 1

2024-11-18 16:43:53 - robotic_functions - [INFO] - requesting robotics status

2024-11-18 16:43:53 - robotic_functions - [INFO] - {'type': 'robotics', 'data': {'mode': 'idle', 'active_quad': 'quad_0', 'active_pumps': [], 'vial_window': [], 'xArm': {'warning_code': 0, 'error_code': 0, 'arm_state': 2, 'connected': True}, 'OctoPrint': {'octoprint_0': {'connection_status': True}}, 'prime_status': {'influx': False, 'efflux': False}}}

2024-11-18 16:43:53 - robotic_functions - [INFO] - dilution routine execution: {'syringe_pump_command': {'base_media_0': {'quad_0': {'vial_0': 0, 'vial_1': 0, 'vial_2': 0, 'vial_3': 0, 'vial_4': 0, 'vial_5': 0, 'vial_6': 0, 'vial_7': 0, 'vial_8': 0, 'vial_9': 0, 'vial_10': 0, 'vial_11': 0, 'vial_12': 0, 'vial_13': 0, 'vial_14': 0, 'vial_15': 0, 'vial_16': 0, 'vial_17': 0}}}, 'ipp_efflux_command': {'quad_0': {'frequency': 5, 'duration': 120, 'polarity': 0}}}

2024-11-18 16:43:57 - robotic_functions - [INFO] - exiting experiment

2024-11-18 16:44:27 - robotic_functions - [INFO] - Robotics broadcast received

2024-11-18 16:45:05 - robotic_functions - [INFO] - Robotics broadcast received

2024-11-18 16:45:45 - robotic_functions - [INFO] - Robotics broadcast received

2024-11-18 16:46:23 - robotic_functions - [INFO] - Robotics broadcast received

2024-11-18 16:47:02 - robotic_functions - [INFO] - Robotics broadcast received

2024-11-18 16:47:27 - robotic_functions - [INFO] - Robotics broadcast received

2024-11-18 16:47:54 - robotic_functions - [INFO] - exiting experiment

2024-11-18 16:47:54 - robotic_functions - [INFO] - dpu disconnected from robotics_eVOLVER server

2024-11-18 16:49:45 - robotic_functions - [INFO] - dpu connected to robotics_eVOLVER server

2024-11-18 16:49:45 - robotic_functions - [INFO] - requesting robotics status

2024-11-18 16:49:45 - robotic_functions - [INFO] - {'type': 'robotics', 'data': {'mode': 'idle', 'active_quad': None, 'active_pumps': [], 'vial_window': [], 'xArm': {'warning_code': 0, 'error_code': 0, 'arm_state': None, 'connected': True}, 'OctoPrint': {'octoprint_0': {'connection_status': True}}, 'prime_status': {'influx': False, 'efflux': False}}}

2024-11-18 16:50:05 - robotic_functions - [INFO] - Robotics broadcast received

2024-11-18 16:50:05 - evolver - [INFO] - running routine number: 1

2024-11-18 16:50:05 - robotic_functions - [INFO] - requesting robotics status

2024-11-18 16:50:05 - robotic_functions - [INFO] - {'type': 'robotics', 'data': {'mode': 'idle', 'active_quad': None, 'active_pumps': [], 'vial_window': [], 'xArm': {'warning_code': 0, 'error_code': 0, 'arm_state': None, 'connected': True}, 'OctoPrint': {'octoprint_0': {'connection_status': True}}, 'prime_status': {'influx': False, 'efflux': False}}}

2024-11-18 16:50:05 - robotic_functions - [INFO] - dilution routine execution: {'syringe_pump_command': {'base_media_0': {'quad_0': {'vial_0': 0, 'vial_1': 0, 'vial_2': 0, 'vial_3': 0, 'vial_4': 0, 'vial_5': 0, 'vial_6': 0, 'vial_7': 0, 'vial_8': 0, 'vial_9': 0, 'vial_10': 0, 'vial_11': 0, 'vial_12': 0, 'vial_13': 0, 'vial_14': 0, 'vial_15': 0, 'vial_16': 0, 'vial_17': 0}}}, 'ipp_efflux_command': {'quad_0': {'frequency': 5, 'duration': 120, 'polarity': 0}}}

2024-11-18 16:50:12 - robotic_functions - [INFO] - exiting experiment

2024-11-18 16:50:21 - robotic_functions - [INFO] - {'done': False, 'routine': 'influx', 'robotics_status': {'mode': 'idle', 'active_quad': 'quad_0', 'active_pumps': [], 'vial_window': [], 'xArm': {'warning_code': 0, 'error_code': 0, 'arm_state': 2, 'connected': True}, 'OctoPrint': {'octoprint_0': {'connection_status': True}}, 'prime_status': {'influx': False, 'efflux': False}}, 'elapsed_time': 15.935768127441406, 'message': 'User exit command detected'}

2024-11-18 16:50:37 - robotic_functions - [INFO] - exiting experiment

2024-11-18 16:50:37 - robotic_functions - [INFO] - dpu disconnected from robotics_eVOLVER server

2024-11-18 16:50:37 - robotic_functions - [INFO] - Robotics broadcast received

2024-11-18 16:57:54 - robotic_functions - [INFO] - dpu connected to robotics_eVOLVER server

2024-11-18 16:57:54 - robotic_functions - [INFO] - requesting robotics status

2024-11-18 16:57:54 - robotic_functions - [INFO] - {'type': 'robotics', 'data': {'mode': 'idle', 'active_quad': None, 'active_pumps': [], 'vial_window': [], 'xArm': {'warning_code': 0, 'error_code': 0, 'arm_state': None, 'connected': True}, 'OctoPrint': {'octoprint_0': {'connection_status': True}}, 'prime_status': {'influx': False, 'efflux': False}}}

2024-11-18 16:58:13 - robotic_functions - [INFO] - Robotics broadcast received

2024-11-18 16:58:13 - evolver - [INFO] - running routine number: 1

2024-11-18 16:58:13 - robotic_functions - [INFO] - requesting robotics status

2024-11-18 16:58:13 - robotic_functions - [INFO] - {'type': 'robotics', 'data': {'mode': 'idle', 'active_quad': None, 'active_pumps': [], 'vial_window': [], 'xArm': {'warning_code': 0, 'error_code': 0, 'arm_state': None, 'connected': True}, 'OctoPrint': {'octoprint_0': {'connection_status': True}}, 'prime_status': {'influx': False, 'efflux': False}}}

2024-11-18 16:58:13 - robotic_functions - [INFO] - dilution routine execution: {'syringe_pump_command': {'base_media_0': {'quad_0': {'vial_0': 0, 'vial_1': 0, 'vial_2': 0, 'vial_3': 0, 'vial_4': 0, 'vial_5': 0, 'vial_6': 0, 'vial_7': 0, 'vial_8': 0, 'vial_9': 0, 'vial_10': 0, 'vial_11': 0, 'vial_12': 0, 'vial_13': 0, 'vial_14': 0, 'vial_15': 0, 'vial_16': 0, 'vial_17': 0}}}, 'ipp_efflux_command': {'quad_0': {'frequency': 5, 'duration': 120, 'polarity': 0}}}

2024-11-18 16:58:42 - robotic_functions - [INFO] - Robotics broadcast received

2024-11-18 16:59:13 - robotic_functions - [INFO] - pausing experiment

2024-11-18 16:59:17 - robotic_functions - [INFO] - Robotics broadcast received

2024-11-18 16:59:25 - robotic_functions - [INFO] - resuming experiment

2024-11-18 16:59:31 - robotic_functions - [INFO] - pausing experiment

2024-11-18 16:59:53 - robotic_functions - [INFO] - resuming experiment

2024-11-18 16:59:53 - robotic_functions - [INFO] - Robotics broadcast received

2024-11-18 17:00:32 - robotic_functions - [INFO] - Robotics broadcast received

2024-11-18 17:00:43 - robotic_functions - [INFO] - pausing experiment

2024-11-18 17:00:57 - robotic_functions - [INFO] - exiting experiment

2024-11-18 17:00:57 - robotic_functions - [INFO] - dpu disconnected from robotics_eVOLVER server

2024-11-18 17:04:22 - robotic_functions - [INFO] - dpu connected to robotics_eVOLVER server

2024-11-18 17:04:22 - robotic_functions - [INFO] - requesting robotics status

2024-11-18 17:04:22 - robotic_functions - [INFO] - {'type': 'robotics', 'data': {'mode': 'idle', 'active_quad': None, 'active_pumps': [], 'vial_window': [], 'xArm': {'warning_code': 0, 'error_code': 0, 'arm_state': None, 'connected': True}, 'OctoPrint': {'octoprint_0': {'connection_status': True}}, 'prime_status': {'influx': False, 'efflux': False}}}

2024-11-18 17:04:40 - robotic_functions - [INFO] - Robotics broadcast received

2024-11-18 17:04:40 - evolver - [INFO] - running routine number: 1

2024-11-18 17:04:40 - robotic_functions - [INFO] - requesting robotics status

2024-11-18 17:04:40 - robotic_functions - [INFO] - {'type': 'robotics', 'data': {'mode': 'idle', 'active_quad': None, 'active_pumps': [], 'vial_window': [], 'xArm': {'warning_code': 0, 'error_code': 0, 'arm_state': None, 'connected': True}, 'OctoPrint': {'octoprint_0': {'connection_status': True}}, 'prime_status': {'influx': False, 'efflux': False}}}

2024-11-18 17:04:40 - robotic_functions - [INFO] - dilution routine execution: {'syringe_pump_command': {'base_media_0': {'quad_0': {'vial_0': 0, 'vial_1': 0, 'vial_2': 0, 'vial_3': 0, 'vial_4': 0, 'vial_5': 0, 'vial_6': 0, 'vial_7': 0, 'vial_8': 0, 'vial_9': 0, 'vial_10': 0, 'vial_11': 0, 'vial_12': 0, 'vial_13': 0, 'vial_14': 0, 'vial_15': 0, 'vial_16': 0, 'vial_17': 0}}}, 'ipp_efflux_command': {'quad_0': {'frequency': 5, 'duration': 120, 'polarity': 0}}}

2024-11-18 17:05:12 - robotic_functions - [INFO] - Robotics broadcast received

2024-11-18 17:05:45 - robotic_functions - [INFO] - Robotics broadcast received

2024-11-18 17:06:22 - robotic_functions - [INFO] - Robotics broadcast received

2024-11-18 17:06:56 - robotic_functions - [INFO] - Robotics broadcast received

2024-11-18 17:07:33 - robotic_functions - [INFO] - Robotics broadcast received

2024-11-18 17:08:11 - robotic_functions - [INFO] - Robotics broadcast received

2024-11-18 17:08:45 - robotic_functions - [INFO] - Robotics broadcast received

2024-11-18 17:09:23 - robotic_functions - [INFO] - Robotics broadcast received

2024-11-18 17:09:57 - robotic_functions - [INFO] - pausing experiment

2024-11-18 17:10:03 - robotic_functions - [INFO] - Robotics broadcast received

2024-11-18 17:10:13 - robotic_functions - [INFO] - resuming experiment

2024-11-18 17:10:36 - robotic_functions - [INFO] - Robotics broadcast received

2024-11-18 17:11:10 - robotic_functions - [INFO] - Robotics broadcast received

2024-11-18 17:11:47 - robotic_functions - [INFO] - Robotics broadcast received

2024-11-18 17:12:23 - robotic_functions - [INFO] - Robotics broadcast received

2024-11-18 17:12:59 - robotic_functions - [INFO] - Robotics broadcast received

2024-11-18 17:13:35 - robotic_functions - [INFO] - Robotics broadcast received

2024-11-18 17:14:12 - robotic_functions - [INFO] - Robotics broadcast received

2024-11-18 17:14:47 - robotic_functions - [INFO] - Robotics broadcast received

2024-11-18 17:15:23 - robotic_functions - [INFO] - Robotics broadcast received

2024-11-18 17:15:59 - robotic_functions - [INFO] - Robotics broadcast received

2024-11-18 17:16:03 - robotic_functions - [INFO] - {'done': True, 'routine': 'influx', 'robotics_status': {'mode': 'idle', 'active_quad': None, 'active_pumps': ['base_media_0'], 'vial_window': None, 'xArm': {'warning_code': 0, 'error_code': 0, 'arm_state': 2, 'connected': True}, 'OctoPrint': {'octoprint_0': {'connection_status': True}}, 'prime_status': {'influx': False, 'efflux': False}}, 'elapsed_time': 683.291748046875, 'message': 'influx_snake_helper called successfully'}

2024-11-18 17:16:03 - evolver - [INFO] - running routine number: 2

2024-11-18 17:16:03 - robotic_functions - [INFO] - requesting robotics status

2024-11-18 17:16:03 - robotic_functions - [INFO] - {'type': 'robotics', 'data': {'mode': 'idle', 'active_quad': None, 'active_pumps': ['base_media_0'], 'vial_window': None, 'xArm': {'warning_code': 0, 'error_code': 0, 'arm_state': 2, 'connected': True}, 'OctoPrint': {'octoprint_0': {'connection_status': True}}, 'prime_status': {'influx': False, 'efflux': False}}}

2024-11-18 17:16:03 - robotic_functions - [INFO] - dilution routine execution: {'syringe_pump_command': {'base_media_0': {'quad_0': {'vial_0': 0, 'vial_1': 0, 'vial_2': 0, 'vial_3': 0, 'vial_4': 0, 'vial_5': 0, 'vial_6': 0, 'vial_7': 0, 'vial_8': 0, 'vial_9': 0, 'vial_10': 0, 'vial_11': 0, 'vial_12': 0, 'vial_13': 0, 'vial_14': 0, 'vial_15': 0, 'vial_16': 0, 'vial_17': 0}}}, 'ipp_efflux_command': {'quad_0': {'frequency': 5, 'duration': 120, 'polarity': 0}}}

2024-11-18 17:16:36 - robotic_functions - [INFO] - Robotics broadcast received

2024-11-18 17:16:53 - robotic_functions - [INFO] - pausing experiment

2024-11-18 17:16:54 - robotic_functions - [INFO] - exiting experiment

2024-11-18 17:16:54 - robotic_functions - [INFO] - dpu disconnected from robotics_eVOLVER server

2024-11-18 19:58:24 - robotic_functions - [INFO] - dpu connected to robotics_eVOLVER server

2024-11-18 19:58:24 - robotic_functions - [INFO] - requesting robotics status

2024-11-18 19:58:25 - robotic_functions - [INFO] - {'type': 'robotics', 'data': {'mode': 'idle', 'active_quad': None, 'active_pumps': [], 'vial_window': [], 'xArm': {'warning_code': 0, 'error_code': 0, 'arm_state': 2, 'connected': True}, 'OctoPrint': {'octoprint_0': {'connection_status': True}}, 'prime_status': {'influx': True, 'efflux': False}}}

2024-11-18 19:59:00 - robotic_functions - [INFO] - Robotics broadcast received

2024-11-18 19:59:00 - evolver - [INFO] - running routine number: 1

2024-11-18 19:59:00 - robotic_functions - [INFO] - requesting robotics status

2024-11-18 19:59:00 - robotic_functions - [INFO] - {'type': 'robotics', 'data': {'mode': 'idle', 'active_quad': None, 'active_pumps': [], 'vial_window': [], 'xArm': {'warning_code': 0, 'error_code': 0, 'arm_state': 2, 'connected': True}, 'OctoPrint': {'octoprint_0': {'connection_status': True}}, 'prime_status': {'influx': True, 'efflux': False}}}

2024-11-18 19:59:00 - robotic_functions - [INFO] - fill vials media and/or other fluids via syringe pumps: {'syringe_pump_command': {'base_media_0': {'quad_0': {'vial_0': 3097, 'vial_1': 3097, 'vial_2': 3097, 'vial_3': 3097, 'vial_4': 3097, 'vial_5': 3097, 'vial_6': 3097, 'vial_7': 3097, 'vial_8': 3097, 'vial_9': 3097, 'vial_10': 3097, 'vial_11': 3097, 'vial_12': 3097, 'vial_13': 3097, 'vial_14': 3097, 'vial_15': 3097, 'vial_16': 3097, 'vial_17': 3097}}}, 'ipp_efflux_command': {'quad_0': {'frequency': 5, 'duration': 120, 'polarity': 0}}}

2024-11-18 19:59:39 - robotic_functions - [INFO] - Robotics broadcast received

2024-11-18 20:00:13 - robotic_functions - [INFO] - pausing experiment

2024-11-18 20:00:13 - robotic_functions - [INFO] - Robotics broadcast received

2024-11-18 20:00:16 - robotic_functions - [INFO] - exiting experiment

2024-11-18 20:00:16 - robotic_functions - [INFO] - dpu disconnected from robotics_eVOLVER server

2024-11-18 20:06:17 - robotic_functions - [INFO] - dpu connected to robotics_eVOLVER server

2024-11-18 20:06:17 - robotic_functions - [INFO] - requesting robotics status

2024-11-18 20:06:17 - robotic_functions - [INFO] - {'type': 'robotics', 'data': {'mode': 'idle', 'active_quad': None, 'active_pumps': [], 'vial_window': [], 'xArm': {'warning_code': 0, 'error_code': 0, 'arm_state': 2, 'connected': True}, 'OctoPrint': {'octoprint_0': {'connection_status': True}}, 'prime_status': {'influx': True, 'efflux': False}}}

2024-11-18 20:06:58 - robotic_functions - [INFO] - Robotics broadcast received

2024-11-18 20:06:58 - evolver - [INFO] - running routine number: 1

2024-11-18 20:06:58 - robotic_functions - [INFO] - requesting robotics status

2024-11-18 20:06:58 - robotic_functions - [INFO] - {'type': 'robotics', 'data': {'mode': 'idle', 'active_quad': None, 'active_pumps': [], 'vial_window': [], 'xArm': {'warning_code': 0, 'error_code': 0, 'arm_state': 2, 'connected': True}, 'OctoPrint': {'octoprint_0': {'connection_status': True}}, 'prime_status': {'influx': True, 'efflux': False}}}

2024-11-18 20:06:58 - robotic_functions - [INFO] - fill vials media and/or other fluids via syringe pumps: {'syringe_pump_command': {'base_media_0': {'quad_0': {'vial_0': 3097, 'vial_1': 3097, 'vial_2': 3097, 'vial_3': 3097, 'vial_4': 3097, 'vial_5': 3097, 'vial_6': 3097, 'vial_7': 3097, 'vial_8': 3097, 'vial_9': 3097, 'vial_10': 3097, 'vial_11': 3097, 'vial_12': 3097, 'vial_13': 3097, 'vial_14': 3097, 'vial_15': 3097, 'vial_16': 3097, 'vial_17': 3097}}}, 'ipp_efflux_command': {'quad_0': {'frequency': 5, 'duration': 120, 'polarity': 0}}}

2024-11-18 20:07:22 - robotic_functions - [INFO] - Robotics broadcast received

2024-11-18 20:07:55 - robotic_functions - [INFO] - pausing experiment

2024-11-18 20:07:55 - robotic_functions - [INFO] - exiting experiment

2024-11-18 20:07:55 - robotic_functions - [INFO] - dpu disconnected from robotics_eVOLVER server

2024-11-18 20:08:29 - robotic_functions - [INFO] - dpu connected to robotics_eVOLVER server

2024-11-18 20:08:29 - robotic_functions - [INFO] - requesting robotics status

2024-11-18 20:08:29 - robotic_functions - [INFO] - {'type': 'robotics', 'data': {'mode': 'idle', 'active_quad': None, 'active_pumps': [], 'vial_window': [], 'xArm': {'warning_code': 0, 'error_code': 0, 'arm_state': 2, 'connected': True}, 'OctoPrint': {'octoprint_0': {'connection_status': True}}, 'prime_status': {'influx': True, 'efflux': False}}}

2024-11-18 20:08:38 - robotic_functions - [INFO] - Robotics broadcast received

2024-11-18 20:08:38 - evolver - [INFO] - running routine number: 1

2024-11-18 20:08:38 - robotic_functions - [INFO] - requesting robotics status

2024-11-18 20:08:38 - robotic_functions - [INFO] - {'type': 'robotics', 'data': {'mode': 'idle', 'active_quad': None, 'active_pumps': [], 'vial_window': [], 'xArm': {'warning_code': 0, 'error_code': 0, 'arm_state': 2, 'connected': True}, 'OctoPrint': {'octoprint_0': {'connection_status': True}}, 'prime_status': {'influx': True, 'efflux': False}}}

2024-11-18 20:08:38 - robotic_functions - [INFO] - fill vials media and/or other fluids via syringe pumps: {'syringe_pump_command': {'base_media_0': {'quad_0': {'vial_0': 3097, 'vial_1': 3097, 'vial_2': 3097, 'vial_3': 3097, 'vial_4': 3097, 'vial_5': 3097, 'vial_6': 3097, 'vial_7': 3097, 'vial_8': 3097, 'vial_9': 3097, 'vial_10': 3097, 'vial_11': 3097, 'vial_12': 3097, 'vial_13': 3097, 'vial_14': 3097, 'vial_15': 3097, 'vial_16': 3097, 'vial_17': 3097}}}, 'ipp_efflux_command': {'quad_0': {'frequency': 5, 'duration': 120, 'polarity': 0}}}

2024-11-18 20:09:15 - robotic_functions - [INFO] - Robotics broadcast received

2024-11-18 20:09:46 - robotic_functions - [INFO] - Robotics broadcast received

2024-11-18 20:10:22 - robotic_functions - [INFO] - Robotics broadcast received

2024-11-18 20:10:59 - robotic_functions - [INFO] - Robotics broadcast received

2024-11-18 20:11:39 - robotic_functions - [INFO] - Robotics broadcast received

2024-11-18 20:12:11 - robotic_functions - [INFO] - Robotics broadcast received

2024-11-18 20:12:32 - robotic_functions - [INFO] - pausing experiment

2024-11-18 20:12:47 - robotic_functions - [INFO] - Robotics broadcast received

2024-11-18 20:12:51 - robotic_functions - [INFO] - exiting experiment

2024-11-18 20:12:51 - robotic_functions - [INFO] - dpu disconnected from robotics_eVOLVER server

2024-11-18 20:37:05 - robotic_functions - [INFO] - dpu connected to robotics_eVOLVER server

2024-11-18 20:37:05 - robotic_functions - [INFO] - requesting robotics status

2024-11-18 20:37:05 - robotic_functions - [INFO] - {'type': 'robotics', 'data': {'mode': 'idle', 'active_quad': 'quad_0', 'active_pumps': ['base_media_0'], 'vial_window': [1], 'xArm': {'warning_code': 0, 'error_code': 0, 'arm_state': 2, 'connected': True}, 'OctoPrint': {'octoprint_0': {'connection_status': True}}, 'prime_status': {'influx': True, 'efflux': False}}}

2024-11-18 20:37:30 - robotic_functions - [INFO] - Robotics broadcast received

2024-11-18 20:37:30 - evolver - [INFO] - running routine number: 1

2024-11-18 20:37:30 - robotic_functions - [INFO] - requesting robotics status

2024-11-18 20:37:30 - robotic_functions - [INFO] - {'type': 'robotics', 'data': {'mode': 'idle', 'active_quad': 'quad_0', 'active_pumps': ['base_media_0'], 'vial_window': [1], 'xArm': {'warning_code': 0, 'error_code': 0, 'arm_state': 2, 'connected': True}, 'OctoPrint': {'octoprint_0': {'connection_status': True}}, 'prime_status': {'influx': True, 'efflux': False}}}

2024-11-18 20:37:30 - robotic_functions - [INFO] - fill vials media and/or other fluids via syringe pumps: {'syringe_pump_command': {'base_media_0': {'quad_0': {'vial_0': 0, 'vial_1': 3097, 'vial_2': 3097, 'vial_3': 3097, 'vial_4': 3097, 'vial_5': 3097, 'vial_6': 3097, 'vial_7': 3097, 'vial_8': 3097, 'vial_9': 3097, 'vial_10': 3097, 'vial_11': 3097, 'vial_12': 3097, 'vial_13': 3097, 'vial_14': 3097, 'vial_15': 3097, 'vial_16': 3097, 'vial_17': 3097}}}, 'ipp_efflux_command': {'quad_0': {'frequency': 5, 'duration': 120, 'polarity': 0}}}

2024-11-18 20:38:05 - robotic_functions - [INFO] - Robotics broadcast received

2024-11-18 20:38:42 - robotic_functions - [INFO] - Robotics broadcast received

2024-11-18 20:39:18 - robotic_functions - [INFO] - Robotics broadcast received

2024-11-18 20:39:54 - robotic_functions - [INFO] - Robotics broadcast received

2024-11-18 20:40:30 - robotic_functions - [INFO] - Robotics broadcast received

2024-11-18 20:41:10 - robotic_functions - [INFO] - Robotics broadcast received

2024-11-18 20:41:43 - robotic_functions - [INFO] - Robotics broadcast received

2024-11-18 20:42:18 - robotic_functions - [INFO] - Robotics broadcast received

2024-11-18 20:42:55 - robotic_functions - [INFO] - Robotics broadcast received

2024-11-18 20:43:33 - robotic_functions - [INFO] - Robotics broadcast received

2024-11-18 20:44:07 - robotic_functions - [INFO] - Robotics broadcast received

2024-11-18 20:44:44 - robotic_functions - [INFO] - Robotics broadcast received

2024-11-18 20:45:20 - robotic_functions - [INFO] - Robotics broadcast received

2024-11-18 20:45:59 - robotic_functions - [INFO] - Robotics broadcast received

2024-11-18 20:46:32 - robotic_functions - [INFO] - Robotics broadcast received

2024-11-18 20:47:08 - robotic_functions - [INFO] - Robotics broadcast received

2024-11-18 20:47:45 - robotic_functions - [INFO] - Robotics broadcast received

2024-11-18 20:48:21 - robotic_functions - [INFO] - Robotics broadcast received

2024-11-18 20:48:57 - robotic_functions - [INFO] - Robotics broadcast received

2024-11-18 20:49:33 - robotic_functions - [INFO] - Robotics broadcast received

2024-11-18 20:50:09 - robotic_functions - [INFO] - Robotics broadcast received

2024-11-18 20:50:46 - robotic_functions - [INFO] - Robotics broadcast received

2024-11-18 20:51:22 - robotic_functions - [INFO] - Robotics broadcast received

2024-11-18 20:51:58 - robotic_functions - [INFO] - Robotics broadcast received

2024-11-18 20:52:34 - robotic_functions - [INFO] - Robotics broadcast received

2024-11-18 20:53:10 - robotic_functions - [INFO] - Robotics broadcast received

2024-11-18 20:53:46 - robotic_functions - [INFO] - Robotics broadcast received

2024-11-18 20:54:23 - robotic_functions - [INFO] - Robotics broadcast received

2024-11-18 20:54:59 - robotic_functions - [INFO] - Robotics broadcast received

2024-11-18 20:55:35 - robotic_functions - [INFO] - Robotics broadcast received

2024-11-18 20:56:13 - robotic_functions - [INFO] - Robotics broadcast received

2024-11-18 20:56:47 - robotic_functions - [INFO] - Robotics broadcast received

2024-11-18 20:57:23 - robotic_functions - [INFO] - Robotics broadcast received

2024-11-18 20:58:00 - robotic_functions - [INFO] - Robotics broadcast received

2024-11-18 20:58:36 - robotic_functions - [INFO] - Robotics broadcast received

2024-11-18 20:59:12 - robotic_functions - [INFO] - Robotics broadcast received

2024-11-18 20:59:49 - robotic_functions - [INFO] - Robotics broadcast received

2024-11-18 21:00:25 - robotic_functions - [INFO] - Robotics broadcast received

2024-11-18 21:01:05 - robotic_functions - [INFO] - Robotics broadcast received

2024-11-18 21:01:38 - robotic_functions - [INFO] - Robotics broadcast received

2024-11-18 21:02:14 - robotic_functions - [INFO] - Robotics broadcast received

2024-11-18 21:02:51 - robotic_functions - [INFO] - Robotics broadcast received

2024-11-18 21:03:27 - robotic_functions - [INFO] - Robotics broadcast received

2024-11-18 21:04:03 - robotic_functions - [INFO] - Robotics broadcast received

2024-11-18 21:04:39 - robotic_functions - [INFO] - Robotics broadcast received

2024-11-18 21:05:15 - robotic_functions - [INFO] - Robotics broadcast received

2024-11-18 21:05:53 - robotic_functions - [INFO] - Robotics broadcast received

2024-11-18 21:06:27 - robotic_functions - [INFO] - Robotics broadcast received

2024-11-18 21:07:04 - robotic_functions - [INFO] - Robotics broadcast received

2024-11-18 21:07:42 - robotic_functions - [INFO] - Robotics broadcast received

2024-11-18 21:08:18 - robotic_functions - [INFO] - Robotics broadcast received

2024-11-18 21:08:54 - robotic_functions - [INFO] - Robotics broadcast received

2024-11-18 21:09:30 - robotic_functions - [INFO] - Robotics broadcast received

2024-11-18 21:10:07 - robotic_functions - [INFO] - Robotics broadcast received

2024-11-18 21:10:43 - robotic_functions - [INFO] - Robotics broadcast received

2024-11-18 21:10:47 - robotic_functions - [INFO] - pausing experiment

2024-11-18 21:10:54 - robotic_functions - [INFO] - exiting experiment

2024-11-18 21:10:54 - robotic_functions - [INFO] - dpu disconnected from robotics_eVOLVER server

2024-11-19 14:52:12 - robotic_functions - [INFO] - dpu connected to robotics_eVOLVER server

2024-11-19 14:52:12 - robotic_functions - [INFO] - requesting robotics status

2024-11-19 14:52:12 - robotic_functions - [INFO] - {'type': 'robotics', 'data': {'mode': 'idle', 'active_quad': None, 'active_pumps': [], 'vial_window': [], 'xArm': {'warning_code': 0, 'error_code': 0, 'arm_state': None, 'connected': True}, 'OctoPrint': {'octoprint_0': {'connection_status': False}}, 'prime_status': {'influx': False, 'efflux': False}}}

2024-11-19 14:52:51 - robotic_functions - [INFO] - Robotics broadcast received

2024-11-19 14:52:51 - evolver - [INFO] - running routine number: 1

2024-11-19 14:52:51 - robotic_functions - [INFO] - requesting robotics status

2024-11-19 14:52:51 - robotic_functions - [INFO] - {'type': 'robotics', 'data': {'mode': 'idle', 'active_quad': None, 'active_pumps': [], 'vial_window': [], 'xArm': {'warning_code': 0, 'error_code': 0, 'arm_state': None, 'connected': True}, 'OctoPrint': {'octoprint_0': {'connection_status': False}}, 'prime_status': {'influx': False, 'efflux': False}}}

2024-11-19 14:52:52 - robotic_functions - [INFO] - fill vials media and/or other fluids via syringe pumps: {'syringe_pump_command': {'base_media_0': {'quad_0': {'vial_0': 0, 'vial_1': 0, 'vial_2': 2478, 'vial_3': 2478, 'vial_4': 2478, 'vial_5': 2478, 'vial_6': 2478, 'vial_7': 2478, 'vial_8': 2478, 'vial_9': 2478, 'vial_10': 2478, 'vial_11': 2478, 'vial_12': 2478, 'vial_13': 2478, 'vial_14': 2478, 'vial_15': 2478, 'vial_16': 2478, 'vial_17': 2478}}}, 'ipp_efflux_command': {'quad_0': {'frequency': 5, 'duration': 120, 'polarity': 0}}}

2024-11-19 14:53:08 - robotic_functions - [INFO] - pausing experiment

2024-11-19 14:53:09 - robotic_functions - [INFO] - exiting experiment

2024-11-19 14:53:09 - robotic_functions - [INFO] - dpu disconnected from robotics_eVOLVER server

2024-11-19 15:19:42 - robotic_functions - [INFO] - dpu connected to robotics_eVOLVER server

2024-11-19 15:19:42 - robotic_functions - [INFO] - requesting robotics status

2024-11-19 15:19:42 - robotic_functions - [INFO] - {'type': 'robotics', 'data': {'mode': 'idle', 'active_quad': None, 'active_pumps': [], 'vial_window': [], 'xArm': {'warning_code': 0, 'error_code': 0, 'arm_state': 2, 'connected': True}, 'OctoPrint': {'octoprint_0': {'connection_status': True}}, 'prime_status': {'influx': True, 'efflux': False}}}

2024-11-19 15:20:12 - robotic_functions - [INFO] - Robotics broadcast received

2024-11-19 15:20:12 - evolver - [INFO] - running routine number: 1

2024-11-19 15:20:12 - robotic_functions - [INFO] - requesting robotics status

2024-11-19 15:20:12 - robotic_functions - [INFO] - {'type': 'robotics', 'data': {'mode': 'idle', 'active_quad': None, 'active_pumps': [], 'vial_window': [], 'xArm': {'warning_code': 0, 'error_code': 0, 'arm_state': 2, 'connected': True}, 'OctoPrint': {'octoprint_0': {'connection_status': True}}, 'prime_status': {'influx': True, 'efflux': False}}}

2024-11-19 15:20:12 - robotic_functions - [INFO] - fill vials media and/or other fluids via syringe pumps: {'syringe_pump_command': {'base_media_0': {'quad_0': {'vial_0': 0, 'vial_1': 0, 'vial_2': 2478, 'vial_3': 2478, 'vial_4': 2478, 'vial_5': 2478, 'vial_6': 2478, 'vial_7': 2478, 'vial_8': 2478, 'vial_9': 2478, 'vial_10': 2478, 'vial_11': 2478, 'vial_12': 2478, 'vial_13': 2478, 'vial_14': 2478, 'vial_15': 2478, 'vial_16': 2478, 'vial_17': 2478}}}, 'ipp_efflux_command': {'quad_0': {'frequency': 5, 'duration': 120, 'polarity': 0}}}

2024-11-19 15:20:48 - robotic_functions - [INFO] - Robotics broadcast received

2024-11-19 15:21:26 - robotic_functions - [INFO] - Robotics broadcast received

2024-11-19 15:22:03 - robotic_functions - [INFO] - Robotics broadcast received

2024-11-19 15:22:36 - robotic_functions - [INFO] - Robotics broadcast received

2024-11-19 15:23:14 - robotic_functions - [INFO] - Robotics broadcast received

2024-11-19 15:23:52 - robotic_functions - [INFO] - Robotics broadcast received

2024-11-19 15:24:26 - robotic_functions - [INFO] - Robotics broadcast received

2024-11-19 15:25:02 - robotic_functions - [INFO] - Robotics broadcast received

2024-11-19 15:25:39 - robotic_functions - [INFO] - Robotics broadcast received

2024-11-19 15:26:15 - robotic_functions - [INFO] - Robotics broadcast received

2024-11-19 15:26:51 - robotic_functions - [INFO] - Robotics broadcast received

2024-11-19 15:27:27 - robotic_functions - [INFO] - Robotics broadcast received

2024-11-19 15:28:06 - robotic_functions - [INFO] - Robotics broadcast received

2024-11-19 15:28:39 - robotic_functions - [INFO] - Robotics broadcast received

2024-11-19 15:29:17 - robotic_functions - [INFO] - Robotics broadcast received

2024-11-19 15:29:17 - robotic_functions - [INFO] - pausing experiment

2024-11-19 15:29:53 - robotic_functions - [INFO] - Robotics broadcast received

2024-11-19 15:30:29 - robotic_functions - [INFO] - Robotics broadcast received

2024-11-19 15:31:05 - robotic_functions - [INFO] - Robotics broadcast received

2024-11-19 15:31:19 - robotic_functions - [INFO] - resuming experiment

2024-11-19 15:31:41 - robotic_functions - [INFO] - Robotics broadcast received

2024-11-19 15:32:19 - robotic_functions - [INFO] - Robotics broadcast received

2024-11-19 15:32:54 - robotic_functions - [INFO] - Robotics broadcast received

2024-11-19 15:33:23 - robotic_functions - [INFO] - pausing experiment

2024-11-19 15:33:30 - robotic_functions - [INFO] - Robotics broadcast received

2024-11-19 15:34:06 - robotic_functions - [INFO] - Robotics broadcast received

2024-11-19 15:34:42 - robotic_functions - [INFO] - Robotics broadcast received

2024-11-19 15:35:18 - robotic_functions - [INFO] - Robotics broadcast received

2024-11-19 15:35:31 - robotic_functions - [INFO] - resuming experiment

2024-11-19 15:35:54 - robotic_functions - [INFO] - Robotics broadcast received

2024-11-19 15:36:35 - robotic_functions - [INFO] - Robotics broadcast received

2024-11-19 15:37:07 - robotic_functions - [INFO] - Robotics broadcast received

2024-11-19 15:37:43 - robotic_functions - [INFO] - Robotics broadcast received

2024-11-19 15:37:48 - robotic_functions - [INFO] - pausing experiment

2024-11-19 15:38:21 - robotic_functions - [INFO] - Robotics broadcast received

2024-11-19 15:38:38 - robotic_functions - [INFO] - resuming experiment

2024-11-19 15:38:57 - robotic_functions - [INFO] - Robotics broadcast received

2024-11-19 15:39:35 - robotic_functions - [INFO] - Robotics broadcast received

2024-11-19 15:40:09 - robotic_functions - [INFO] - Robotics broadcast received

2024-11-19 15:40:46 - robotic_functions - [INFO] - Robotics broadcast received

2024-11-19 15:41:26 - robotic_functions - [INFO] - Robotics broadcast received

2024-11-19 15:41:58 - robotic_functions - [INFO] - Robotics broadcast received

2024-11-19 15:42:36 - robotic_functions - [INFO] - Robotics broadcast received

2024-11-19 15:43:12 - robotic_functions - [INFO] - Robotics broadcast received

2024-11-19 15:43:48 - robotic_functions - [INFO] - Robotics broadcast received

2024-11-19 15:44:25 - robotic_functions - [INFO] - Robotics broadcast received

2024-11-19 15:45:01 - robotic_functions - [INFO] - Robotics broadcast received

2024-11-19 15:45:38 - robotic_functions - [INFO] - Robotics broadcast received

2024-11-19 15:46:13 - robotic_functions - [INFO] - Robotics broadcast received

2024-11-19 15:46:51 - robotic_functions - [INFO] - Robotics broadcast received

2024-11-19 15:47:27 - robotic_functions - [INFO] - Robotics broadcast received

2024-11-19 15:48:03 - robotic_functions - [INFO] - Robotics broadcast received

2024-11-19 15:48:40 - robotic_functions - [INFO] - Robotics broadcast received

2024-11-19 15:49:16 - robotic_functions - [INFO] - Robotics broadcast received

2024-11-19 15:49:23 - robotic_functions - [INFO] - pausing experiment

2024-11-19 15:49:52 - robotic_functions - [INFO] - Robotics broadcast received

2024-11-19 15:50:09 - robotic_functions - [INFO] - resuming experiment

2024-11-19 15:50:28 - robotic_functions - [INFO] - Robotics broadcast received

2024-11-19 15:51:09 - robotic_functions - [INFO] - Robotics broadcast received

2024-11-19 15:51:45 - robotic_functions - [INFO] - Robotics broadcast received

2024-11-19 15:52:11 - robotic_functions - [INFO] - pausing experiment

2024-11-19 15:52:21 - robotic_functions - [INFO] - Robotics broadcast received

2024-11-19 15:52:57 - robotic_functions - [INFO] - resuming experiment

2024-11-19 15:52:57 - robotic_functions - [INFO] - Robotics broadcast received

2024-11-19 15:53:35 - robotic_functions - [INFO] - Robotics broadcast received

2024-11-19 15:54:10 - robotic_functions - [INFO] - Robotics broadcast received

2024-11-19 15:54:46 - robotic_functions - [INFO] - Robotics broadcast received

2024-11-19 15:55:22 - robotic_functions - [INFO] - Robotics broadcast received

2024-11-19 15:55:58 - robotic_functions - [INFO] - Robotics broadcast received

2024-11-19 15:56:34 - robotic_functions - [INFO] - Robotics broadcast received

2024-11-19 15:57:10 - robotic_functions - [INFO] - Robotics broadcast received

2024-11-19 15:57:47 - robotic_functions - [INFO] - Robotics broadcast received

2024-11-19 15:58:22 - robotic_functions - [INFO] - Robotics broadcast received

2024-11-19 15:58:59 - robotic_functions - [INFO] - Robotics broadcast received

2024-11-19 15:59:36 - robotic_functions - [INFO] - Robotics broadcast received

2024-11-19 16:00:12 - robotic_functions - [INFO] - Robotics broadcast received

2024-11-19 16:00:48 - robotic_functions - [INFO] - Robotics broadcast received

2024-11-19 16:01:24 - robotic_functions - [INFO] - Robotics broadcast received

2024-11-19 16:01:34 - robotic_functions - [INFO] - {'done': True, 'routine': 'fill_vials', 'robotics_status': {'mode': 'idle', 'active_quad': None, 'active_pumps': ['base_media_0'], 'vial_window': None, 'xArm': {'warning_code': 0, 'error_code': 0, 'arm_state': 1, 'connected': True}, 'OctoPrint': {'octoprint_0': {'connection_status': True}}, 'prime_status': {'influx': True, 'efflux': False}}, 'elapsed_time': 2481.7358362674713, 'message': 'influx_snake_helper successfully called'}

2024-11-19 16:01:34 - evolver - [INFO] - running routine number: 2

2024-11-19 16:01:34 - robotic_functions - [INFO] - requesting robotics status

2024-11-19 16:01:34 - robotic_functions - [INFO] - {'type': 'robotics', 'data': {'mode': 'idle', 'active_quad': None, 'active_pumps': ['base_media_0'], 'vial_window': None, 'xArm': {'warning_code': 0, 'error_code': 0, 'arm_state': 1, 'connected': True}, 'OctoPrint': {'octoprint_0': {'connection_status': True}}, 'prime_status': {'influx': True, 'efflux': False}}}

2024-11-19 16:01:34 - robotic_functions - [INFO] - fill vials media and/or other fluids via syringe pumps: {'syringe_pump_command': {'base_media_0': {'quad_0': {'vial_0': 0, 'vial_1': 0, 'vial_2': 2478, 'vial_3': 2478, 'vial_4': 2478, 'vial_5': 2478, 'vial_6': 2478, 'vial_7': 2478, 'vial_8': 2478, 'vial_9': 2478, 'vial_10': 2478, 'vial_11': 2478, 'vial_12': 2478, 'vial_13': 2478, 'vial_14': 2478, 'vial_15': 2478, 'vial_16': 2478, 'vial_17': 2478}}}, 'ipp_efflux_command': {'quad_0': {'frequency': 5, 'duration': 120, 'polarity': 0}}}

2024-11-19 16:01:39 - robotic_functions - [INFO] - pausing experiment

2024-11-19 16:01:43 - robotic_functions - [INFO] - exiting experiment

2024-11-19 16:01:43 - robotic_functions - [INFO] - dpu disconnected from robotics_eVOLVER server

2024-11-19 16:04:02 - robotic_functions - [INFO] - dpu connected to robotics_eVOLVER server

2024-11-19 16:04:02 - robotic_functions - [INFO] - requesting robotics status

2024-11-19 16:04:02 - robotic_functions - [INFO] - {'type': 'robotics', 'data': {'mode': 'idle', 'active_quad': 'quad_0', 'active_pumps': ['base_media_0'], 'vial_window': [0], 'xArm': {'warning_code': 0, 'error_code': 0, 'arm_state': 2, 'connected': True}, 'OctoPrint': {'octoprint_0': {'connection_status': True}}, 'prime_status': {'influx': True, 'efflux': False}}}

2024-11-19 16:04:27 - robotic_functions - [INFO] - Robotics broadcast received

2024-11-19 16:04:27 - evolver - [INFO] - running routine number: 1

2024-11-19 16:04:27 - robotic_functions - [INFO] - requesting robotics status

2024-11-19 16:04:27 - robotic_functions - [INFO] - {'type': 'robotics', 'data': {'mode': 'idle', 'active_quad': 'quad_0', 'active_pumps': ['base_media_0'], 'vial_window': [0], 'xArm': {'warning_code': 0, 'error_code': 0, 'arm_state': 2, 'connected': True}, 'OctoPrint': {'octoprint_0': {'connection_status': True}}, 'prime_status': {'influx': True, 'efflux': False}}}

2024-11-19 16:04:27 - robotic_functions - [INFO] - fill vials media and/or other fluids via syringe pumps: {'syringe_pump_command': {'base_media_0': {'quad_0': {'vial_0': 0, 'vial_1': 0, 'vial_2': 0, 'vial_3': 0, 'vial_4': 0, 'vial_5': 0, 'vial_6': 0, 'vial_7': 0, 'vial_8': 0, 'vial_9': 0, 'vial_10': 0, 'vial_11': 2478, 'vial_12': 2478, 'vial_13': 0, 'vial_14': 2478, 'vial_15': 2478, 'vial_16': 2478, 'vial_17': 2478}}}, 'ipp_efflux_command': {'quad_0': {'frequency': 5, 'duration': 120, 'polarity': 0}}}

2024-11-19 16:05:01 - robotic_functions - [INFO] - Robotics broadcast received

2024-11-19 16:05:38 - robotic_functions - [INFO] - Robotics broadcast received

2024-11-19 16:06:15 - robotic_functions - [INFO] - Robotics broadcast received

2024-11-19 16:06:53 - robotic_functions - [INFO] - Robotics broadcast received

2024-11-19 16:07:30 - robotic_functions - [INFO] - Robotics broadcast received

2024-11-19 16:08:01 - robotic_functions - [INFO] - Robotics broadcast received

2024-11-19 16:08:38 - robotic_functions - [INFO] - Robotics broadcast received

2024-11-19 16:09:14 - robotic_functions - [INFO] - Robotics broadcast received

2024-11-19 16:09:28 - robotic_functions - [INFO] - pausing experiment

2024-11-19 16:09:50 - robotic_functions - [INFO] - Robotics broadcast received

2024-11-19 16:10:09 - robotic_functions - [INFO] - resuming experiment

2024-11-19 16:10:26 - robotic_functions - [INFO] - Robotics broadcast received

2024-11-19 16:10:29 - robotic_functions - [INFO] - pausing experiment

2024-11-19 16:11:02 - robotic_functions - [INFO] - Robotics broadcast received

2024-11-19 16:11:38 - robotic_functions - [INFO] - Robotics broadcast received

2024-11-19 16:12:14 - robotic_functions - [INFO] - Robotics broadcast received

2024-11-19 16:12:50 - robotic_functions - [INFO] - Robotics broadcast received

2024-11-19 16:13:06 - robotic_functions - [INFO] - resuming experiment

2024-11-19 16:13:27 - robotic_functions - [INFO] - Robotics broadcast received

2024-11-19 16:14:03 - robotic_functions - [INFO] - Robotics broadcast received

2024-11-19 16:14:40 - robotic_functions - [INFO] - Robotics broadcast received

2024-11-19 16:15:17 - robotic_functions - [INFO] - Robotics broadcast received

2024-11-19 16:15:56 - robotic_functions - [INFO] - Robotics broadcast received

2024-11-19 16:16:28 - robotic_functions - [INFO] - Robotics broadcast received

2024-11-19 16:17:08 - robotic_functions - [INFO] - Robotics broadcast received

2024-11-19 16:17:40 - robotic_functions - [INFO] - Robotics broadcast received

2024-11-19 16:18:05 - robotic_functions - [INFO] - pausing experiment

2024-11-19 16:18:16 - robotic_functions - [INFO] - Robotics broadcast received

2024-11-19 16:18:39 - robotic_functions - [INFO] - resuming experiment

2024-11-19 16:18:52 - robotic_functions - [INFO] - Robotics broadcast received

2024-11-19 16:19:03 - robotic_functions - [INFO] - pausing experiment

2024-11-19 16:19:28 - robotic_functions - [INFO] - Robotics broadcast received

2024-11-19 16:19:50 - robotic_functions - [INFO] - resuming experiment

2024-11-19 16:20:05 - robotic_functions - [INFO] - Robotics broadcast received

2024-11-19 16:20:42 - robotic_functions - [INFO] - Robotics broadcast received

2024-11-19 16:21:17 - robotic_functions - [INFO] - Robotics broadcast received

2024-11-19 16:21:53 - robotic_functions - [INFO] - Robotics broadcast received

2024-11-19 16:22:29 - robotic_functions - [INFO] - Robotics broadcast received

2024-11-19 16:23:08 - robotic_functions - [INFO] - Robotics broadcast received

2024-11-19 16:23:41 - robotic_functions - [INFO] - Robotics broadcast received

2024-11-19 16:24:17 - robotic_functions - [INFO] - Robotics broadcast received

2024-11-19 16:24:54 - robotic_functions - [INFO] - Robotics broadcast received

2024-11-19 16:25:30 - robotic_functions - [INFO] - Robotics broadcast received

2024-11-19 16:26:06 - robotic_functions - [INFO] - Robotics broadcast received

2024-11-19 16:26:42 - robotic_functions - [INFO] - Robotics broadcast received

2024-11-19 16:27:20 - robotic_functions - [INFO] - Robotics broadcast received

2024-11-19 16:27:54 - robotic_functions - [INFO] - Robotics broadcast received

2024-11-19 16:28:30 - robotic_functions - [INFO] - Robotics broadcast received

2024-11-19 16:28:44 - robotic_functions - [INFO] - pausing experiment

2024-11-19 16:29:06 - robotic_functions - [INFO] - Robotics broadcast received

2024-11-19 16:29:43 - robotic_functions - [INFO] - Robotics broadcast received

2024-11-19 16:29:43 - robotic_functions - [INFO] - resuming experiment

2024-11-19 16:29:54 - robotic_functions - [INFO] - {'done': True, 'routine': 'fill_vials', 'robotics_status': {'mode': 'idle', 'active_quad': None, 'active_pumps': ['base_media_0'], 'vial_window': None, 'xArm': {'warning_code': 0, 'error_code': 0, 'arm_state': 2, 'connected': True}, 'OctoPrint': {'octoprint_0': {'connection_status': True}}, 'prime_status': {'influx': True, 'efflux': False}}, 'elapsed_time': 1527.5113925933838, 'message': 'influx_snake_helper successfully called'}

2024-11-19 16:29:54 - evolver - [INFO] - running routine number: 2

2024-11-19 16:29:54 - robotic_functions - [INFO] - requesting robotics status

2024-11-19 16:29:54 - robotic_functions - [INFO] - {'type': 'robotics', 'data': {'mode': 'idle', 'active_quad': None, 'active_pumps': ['base_media_0'], 'vial_window': None, 'xArm': {'warning_code': 0, 'error_code': 0, 'arm_state': 2, 'connected': True}, 'OctoPrint': {'octoprint_0': {'connection_status': True}}, 'prime_status': {'influx': True, 'efflux': False}}}

2024-11-19 16:29:55 - robotic_functions - [INFO] - fill vials media and/or other fluids via syringe pumps: {'syringe_pump_command': {'base_media_0': {'quad_0': {'vial_0': 0, 'vial_1': 0, 'vial_2': 0, 'vial_3': 0, 'vial_4': 0, 'vial_5': 0, 'vial_6': 0, 'vial_7': 0, 'vial_8': 0, 'vial_9': 0, 'vial_10': 0, 'vial_11': 2478, 'vial_12': 2478, 'vial_13': 0, 'vial_14': 2478, 'vial_15': 2478, 'vial_16': 2478, 'vial_17': 2478}}}, 'ipp_efflux_command': {'quad_0': {'frequency': 5, 'duration': 120, 'polarity': 0}}}

2024-11-19 16:30:14 - robotic_functions - [INFO] - pausing experiment

2024-11-19 16:30:22 - robotic_functions - [INFO] - Robotics broadcast received

2024-11-19 16:30:55 - robotic_functions - [INFO] - Robotics broadcast received

2024-11-19 16:31:31 - robotic_functions - [INFO] - Robotics broadcast received

2024-11-19 16:32:07 - robotic_functions - [INFO] - Robotics broadcast received

2024-11-19 16:32:43 - robotic_functions - [INFO] - Robotics broadcast received

2024-11-19 16:33:19 - robotic_functions - [INFO] - Robotics broadcast received

2024-11-19 16:33:55 - robotic_functions - [INFO] - Robotics broadcast received

2024-11-19 16:34:32 - robotic_functions - [INFO] - Robotics broadcast received

2024-11-19 16:35:08 - robotic_functions - [INFO] - Robotics broadcast received

2024-11-19 16:35:44 - robotic_functions - [INFO] - Robotics broadcast received

2024-11-19 16:36:20 - robotic_functions - [INFO] - Robotics broadcast received

2024-11-19 16:36:56 - robotic_functions - [INFO] - Robotics broadcast received

2024-11-19 16:37:32 - robotic_functions - [INFO] - Robotics broadcast received

2024-11-19 16:38:08 - robotic_functions - [INFO] - Robotics broadcast received

2024-11-19 16:38:45 - robotic_functions - [INFO] - Robotics broadcast received

2024-11-19 16:39:21 - robotic_functions - [INFO] - Robotics broadcast received

2024-11-19 16:39:57 - robotic_functions - [INFO] - Robotics broadcast received

2024-11-19 16:40:33 - robotic_functions - [INFO] - Robotics broadcast received

2024-11-19 16:41:09 - robotic_functions - [INFO] - Robotics broadcast received

2024-11-19 16:41:45 - robotic_functions - [INFO] - Robotics broadcast received

2024-11-19 16:42:21 - robotic_functions - [INFO] - Robotics broadcast received

2024-11-19 16:42:58 - robotic_functions - [INFO] - Robotics broadcast received

2024-11-19 16:43:34 - robotic_functions - [INFO] - Robotics broadcast received

2024-11-19 16:44:10 - robotic_functions - [INFO] - Robotics broadcast received

2024-11-19 16:44:46 - robotic_functions - [INFO] - Robotics broadcast received

2024-11-19 16:45:22 - robotic_functions - [INFO] - Robotics broadcast received

2024-11-19 16:45:58 - robotic_functions - [INFO] - Robotics broadcast received

2024-11-19 16:46:34 - robotic_functions - [INFO] - Robotics broadcast received

2024-11-19 16:47:10 - robotic_functions - [INFO] - Robotics broadcast received

2024-11-19 16:47:47 - robotic_functions - [INFO] - Robotics broadcast received

2024-11-19 16:48:23 - robotic_functions - [INFO] - Robotics broadcast received

2024-11-19 16:48:59 - robotic_functions - [INFO] - Robotics broadcast received

2024-11-19 16:49:35 - robotic_functions - [INFO] - Robotics broadcast received

2024-11-19 16:50:11 - robotic_functions - [INFO] - Robotics broadcast received

2024-11-19 16:50:47 - robotic_functions - [INFO] - Robotics broadcast received

2024-11-19 16:51:23 - robotic_functions - [INFO] - Robotics broadcast received

2024-11-19 16:51:59 - robotic_functions - [INFO] - Robotics broadcast received

2024-11-19 16:52:36 - robotic_functions - [INFO] - Robotics broadcast received

2024-11-19 16:53:12 - robotic_functions - [INFO] - Robotics broadcast received

2024-11-19 16:53:48 - robotic_functions - [INFO] - Robotics broadcast received

2024-11-19 16:54:24 - robotic_functions - [INFO] - Robotics broadcast received

2024-11-19 16:55:00 - robotic_functions - [INFO] - Robotics broadcast received

2024-11-19 16:55:36 - robotic_functions - [INFO] - Robotics broadcast received

2024-11-19 16:56:12 - robotic_functions - [INFO] - Robotics broadcast received

2024-11-19 16:56:49 - robotic_functions - [INFO] - Robotics broadcast received

2024-11-19 16:57:25 - robotic_functions - [INFO] - Robotics broadcast received

2024-11-19 16:58:01 - robotic_functions - [INFO] - Robotics broadcast received

2024-11-19 16:58:37 - robotic_functions - [INFO] - Robotics broadcast received

2024-11-19 16:59:13 - robotic_functions - [INFO] - Robotics broadcast received

2024-11-19 16:59:49 - robotic_functions - [INFO] - Robotics broadcast received

2024-11-19 17:00:25 - robotic_functions - [INFO] - Robotics broadcast received

2024-11-19 17:01:01 - robotic_functions - [INFO] - Robotics broadcast received

2024-11-19 17:01:37 - robotic_functions - [INFO] - Robotics broadcast received

2024-11-19 17:02:14 - robotic_functions - [INFO] - Robotics broadcast received

2024-11-19 17:02:50 - robotic_functions - [INFO] - Robotics broadcast received

2024-11-19 17:03:26 - robotic_functions - [INFO] - Robotics broadcast received

2024-11-19 17:04:02 - robotic_functions - [INFO] - Robotics broadcast received

2024-11-19 17:04:38 - robotic_functions - [INFO] - Robotics broadcast received

2024-11-19 17:05:14 - robotic_functions - [INFO] - Robotics broadcast received

2024-11-19 17:05:50 - robotic_functions - [INFO] - Robotics broadcast received

2024-11-19 17:06:27 - robotic_functions - [INFO] - Robotics broadcast received

2024-11-19 17:07:03 - robotic_functions - [INFO] - Robotics broadcast received

2024-11-19 17:07:39 - robotic_functions - [INFO] - Robotics broadcast received

2024-11-19 17:08:15 - robotic_functions - [INFO] - Robotics broadcast received

2024-11-19 17:08:51 - robotic_functions - [INFO] - Robotics broadcast received

2024-11-19 17:09:27 - robotic_functions - [INFO] - Robotics broadcast received

2024-11-19 17:10:03 - robotic_functions - [INFO] - Robotics broadcast received

2024-11-19 17:10:39 - robotic_functions - [INFO] - Robotics broadcast received

2024-11-19 17:11:16 - robotic_functions - [INFO] - Robotics broadcast received

2024-11-19 17:11:30 - robotic_functions - [INFO] - resuming experiment

2024-11-19 17:11:53 - robotic_functions - [INFO] - Robotics broadcast received

2024-11-19 17:12:33 - robotic_functions - [INFO] - Robotics broadcast received

2024-11-19 17:13:06 - robotic_functions - [INFO] - Robotics broadcast received

2024-11-19 17:13:41 - robotic_functions - [INFO] - Robotics broadcast received

2024-11-19 17:14:13 - robotic_functions - [INFO] - pausing experiment

2024-11-19 17:14:15 - robotic_functions - [INFO] - exiting experiment

2024-11-19 17:14:15 - robotic_functions - [INFO] - dpu disconnected from robotics_eVOLVER server

2024-11-19 17:16:52 - robotic_functions - [INFO] - dpu connected to robotics_eVOLVER server

2024-11-19 17:16:52 - robotic_functions - [INFO] - requesting robotics status

2024-11-19 17:16:52 - robotic_functions - [INFO] - {'type': 'robotics', 'data': {'mode': 'idle', 'active_quad': 'quad_0', 'active_pumps': ['base_media_0'], 'vial_window': [4], 'xArm': {'warning_code': 0, 'error_code': 0, 'arm_state': 2, 'connected': True}, 'OctoPrint': {'octoprint_0': {'connection_status': True}}, 'prime_status': {'influx': True, 'efflux': False}}}

2024-11-19 17:17:19 - robotic_functions - [INFO] - Robotics broadcast received

2024-11-19 17:17:19 - evolver - [INFO] - running routine number: 1

2024-11-19 17:17:19 - robotic_functions - [INFO] - requesting robotics status

2024-11-19 17:17:19 - robotic_functions - [INFO] - {'type': 'robotics', 'data': {'mode': 'idle', 'active_quad': 'quad_0', 'active_pumps': ['base_media_0'], 'vial_window': [4], 'xArm': {'warning_code': 0, 'error_code': 0, 'arm_state': 2, 'connected': True}, 'OctoPrint': {'octoprint_0': {'connection_status': True}}, 'prime_status': {'influx': True, 'efflux': False}}}

2024-11-19 17:17:20 - robotic_functions - [INFO] - dilution routine execution: {'syringe_pump_command': {'base_media_0': {'quad_0': {'vial_0': 619, 'vial_1': 619, 'vial_2': 619, 'vial_3': 619, 'vial_4': 619, 'vial_5': 619, 'vial_6': 619, 'vial_7': 619, 'vial_8': 619, 'vial_9': 619, 'vial_10': 619, 'vial_11': 619, 'vial_12': 619, 'vial_13': 619, 'vial_14': 619, 'vial_15': 619, 'vial_16': 619, 'vial_17': 619}}}, 'ipp_efflux_command': {'quad_0': {'frequency': 5, 'duration': 120, 'polarity': 0}}}

2024-11-19 17:17:54 - robotic_functions - [INFO] - Robotics broadcast received

2024-11-19 17:18:32 - robotic_functions - [INFO] - Robotics broadcast received

2024-11-19 17:19:06 - robotic_functions - [INFO] - Robotics broadcast received

2024-11-19 17:19:42 - robotic_functions - [INFO] - Robotics broadcast received

2024-11-19 17:20:24 - robotic_functions - [INFO] - Robotics broadcast received

2024-11-19 17:20:55 - robotic_functions - [INFO] - Robotics broadcast received

2024-11-19 17:21:31 - robotic_functions - [INFO] - Robotics broadcast received

2024-11-19 17:22:08 - robotic_functions - [INFO] - Robotics broadcast received

2024-11-19 17:22:45 - robotic_functions - [INFO] - Robotics broadcast received

2024-11-19 17:23:19 - robotic_functions - [INFO] - Robotics broadcast received

2024-11-19 17:23:56 - robotic_functions - [INFO] - Robotics broadcast received

2024-11-19 17:24:34 - robotic_functions - [INFO] - Robotics broadcast received

2024-11-19 17:25:08 - robotic_functions - [INFO] - Robotics broadcast received

2024-11-19 17:25:44 - robotic_functions - [INFO] - Robotics broadcast received

2024-11-19 17:26:26 - robotic_functions - [INFO] - Robotics broadcast received

2024-11-19 17:26:57 - robotic_functions - [INFO] - Robotics broadcast received

2024-11-19 17:27:33 - robotic_functions - [INFO] - Robotics broadcast received

2024-11-19 17:28:09 - robotic_functions - [INFO] - Robotics broadcast received

2024-11-19 17:28:46 - robotic_functions - [INFO] - Robotics broadcast received

2024-11-19 17:29:21 - robotic_functions - [INFO] - Robotics broadcast received

2024-11-19 17:29:58 - robotic_functions - [INFO] - Robotics broadcast received

2024-11-19 17:30:36 - robotic_functions - [INFO] - Robotics broadcast received

2024-11-19 17:31:11 - robotic_functions - [INFO] - Robotics broadcast received

2024-11-19 17:31:46 - robotic_functions - [INFO] - Robotics broadcast received

2024-11-19 17:32:24 - robotic_functions - [INFO] - Robotics broadcast received

2024-11-19 17:32:55 - robotic_functions - [INFO] - {'done': True, 'routine': 'influx', 'robotics_status': {'mode': 'idle', 'active_quad': None, 'active_pumps': ['base_media_0'], 'vial_window': None, 'xArm': {'warning_code': 0, 'error_code': 0, 'arm_state': 2, 'connected': True}, 'OctoPrint': {'octoprint_0': {'connection_status': True}}, 'prime_status': {'influx': True, 'efflux': False}}, 'elapsed_time': 935.3796327114105, 'message': 'influx_snake_helper called successfully'}

2024-11-19 17:32:55 - evolver - [INFO] - running routine number: 2

2024-11-19 17:32:55 - robotic_functions - [INFO] - requesting robotics status

2024-11-19 17:32:55 - robotic_functions - [INFO] - {'type': 'robotics', 'data': {'mode': 'idle', 'active_quad': None, 'active_pumps': ['base_media_0'], 'vial_window': None, 'xArm': {'warning_code': 0, 'error_code': 0, 'arm_state': 2, 'connected': True}, 'OctoPrint': {'octoprint_0': {'connection_status': True}}, 'prime_status': {'influx': True, 'efflux': False}}}

2024-11-19 17:32:55 - robotic_functions - [INFO] - dilution routine execution: {'syringe_pump_command': {'base_media_0': {'quad_0': {'vial_0': 619, 'vial_1': 619, 'vial_2': 619, 'vial_3': 619, 'vial_4': 619, 'vial_5': 619, 'vial_6': 619, 'vial_7': 619, 'vial_8': 619, 'vial_9': 619, 'vial_10': 619, 'vial_11': 619, 'vial_12': 619, 'vial_13': 619, 'vial_14': 619, 'vial_15': 619, 'vial_16': 619, 'vial_17': 619}}}, 'ipp_efflux_command': {'quad_0': {'frequency': 5, 'duration': 120, 'polarity': 0}}}

2024-11-19 17:32:58 - robotic_functions - [INFO] - Robotics broadcast received

2024-11-19 17:33:34 - robotic_functions - [INFO] - Robotics broadcast received

2024-11-19 17:34:11 - robotic_functions - [INFO] - Robotics broadcast received

2024-11-19 17:34:33 - robotic_functions - [INFO] - pausing experiment

2024-11-19 17:34:37 - robotic_functions - [INFO] - resuming experiment

2024-11-19 17:34:46 - robotic_functions - [INFO] - pausing experiment

2024-11-19 17:34:48 - robotic_functions - [INFO] - Robotics broadcast received

2024-11-19 17:34:55 - robotic_functions - [INFO] - exiting experiment

2024-11-19 17:34:55 - robotic_functions - [INFO] - dpu disconnected from robotics_eVOLVER server

2024-11-19 18:21:25 - robotic_functions - [INFO] - dpu connected to robotics_eVOLVER server

2024-11-19 18:21:25 - robotic_functions - [INFO] - requesting robotics status

2024-11-19 18:21:25 - robotic_functions - [INFO] - {'type': 'robotics', 'data': {'mode': 'idle', 'active_quad': None, 'active_pumps': [], 'vial_window': [], 'xArm': {'warning_code': 0, 'error_code': 21, 'arm_state': 4, 'connected': False, 'warn_code': 0}, 'OctoPrint': {'octoprint_0': {'connection_status': False}}, 'prime_status': {'influx': True, 'efflux': False}}}

2024-11-19 18:21:32 - robotic_functions - [INFO] - Robotics broadcast received

2024-11-19 18:22:12 - robotic_functions - [INFO] - Robotics broadcast received

2024-11-19 18:22:12 - evolver - [INFO] - running routine number: 1

2024-11-19 18:22:12 - robotic_functions - [INFO] - requesting robotics status

2024-11-19 18:22:12 - robotic_functions - [INFO] - {'type': 'robotics', 'data': {'mode': 'idle', 'active_quad': None, 'active_pumps': [], 'vial_window': [], 'xArm': {'warning_code': 0, 'error_code': 21, 'arm_state': 4, 'connected': False, 'warn_code': 0}, 'OctoPrint': {'octoprint_0': {'connection_status': False}}, 'prime_status': {'influx': True, 'efflux': False}}}

2024-11-19 18:22:12 - robotic_functions - [INFO] - dilution routine execution: {'syringe_pump_command': {'base_media_0': {'quad_0': {'vial_0': 619, 'vial_1': 619, 'vial_2': 619, 'vial_3': 619, 'vial_4': 619, 'vial_5': 619, 'vial_6': 619, 'vial_7': 619, 'vial_8': 619, 'vial_9': 619, 'vial_10': 619, 'vial_11': 619, 'vial_12': 619, 'vial_13': 619, 'vial_14': 619, 'vial_15': 619, 'vial_16': 619, 'vial_17': 619}}}, 'ipp_efflux_command': {'quad_0': {'frequency': 5, 'duration': 120, 'polarity': 0}}}

2024-11-19 18:22:34 - robotic_functions - [INFO] - pausing experiment

2024-11-19 18:22:43 - robotic_functions - [INFO] - exiting experiment

2024-11-19 18:22:43 - robotic_functions - [INFO] - dpu disconnected from robotics_eVOLVER server

2024-11-19 18:26:03 - robotic_functions - [INFO] - dpu connected to robotics_eVOLVER server

2024-11-19 18:26:03 - robotic_functions - [INFO] - requesting robotics status

2024-11-19 18:26:03 - robotic_functions - [INFO] - {'type': 'robotics', 'data': {'mode': 'idle', 'active_quad': 'quad_0', 'active_pumps': [], 'vial_window': [], 'xArm': {'warning_code': 0, 'error_code': 21, 'arm_state': 4, 'connected': False, 'warn_code': 0}, 'OctoPrint': {'octoprint_0': {'connection_status': False}}, 'prime_status': {'influx': True, 'efflux': False}}}

2024-11-19 18:26:23 - robotic_functions - [INFO] - Robotics broadcast received

2024-11-19 18:27:05 - robotic_functions - [INFO] - Robotics broadcast received

2024-11-19 18:27:05 - evolver - [INFO] - running routine number: 1

2024-11-19 18:27:05 - robotic_functions - [INFO] - requesting robotics status

2024-11-19 18:27:05 - robotic_functions - [INFO] - {'type': 'robotics', 'data': {'mode': 'idle', 'active_quad': 'quad_0', 'active_pumps': [], 'vial_window': [], 'xArm': {'warning_code': 0, 'error_code': 21, 'arm_state': 4, 'connected': False, 'warn_code': 0}, 'OctoPrint': {'octoprint_0': {'connection_status': False}}, 'prime_status': {'influx': True, 'efflux': False}}}

2024-11-19 18:27:05 - robotic_functions - [INFO] - dilution routine execution: {'syringe_pump_command': {'base_media_0': {'quad_0': {'vial_0': 619, 'vial_1': 619, 'vial_2': 619, 'vial_3': 619, 'vial_4': 619, 'vial_5': 619, 'vial_6': 619, 'vial_7': 619, 'vial_8': 619, 'vial_9': 619, 'vial_10': 619, 'vial_11': 619, 'vial_12': 619, 'vial_13': 619, 'vial_14': 619, 'vial_15': 619, 'vial_16': 619, 'vial_17': 619}}}, 'ipp_efflux_command': {'quad_0': {'frequency': 5, 'duration': 120, 'polarity': 0}}}

2024-11-19 18:27:38 - robotic_functions - [INFO] - Robotics broadcast received

2024-11-19 18:27:46 - robotic_functions - [INFO] - pausing experiment

2024-11-19 18:27:46 - robotic_functions - [INFO] - exiting experiment

2024-11-19 18:27:46 - robotic_functions - [INFO] - dpu disconnected from robotics_eVOLVER server

2024-11-19 18:29:25 - robotic_functions - [INFO] - dpu connected to robotics_eVOLVER server

2024-11-19 18:29:25 - robotic_functions - [INFO] - requesting robotics status

2024-11-19 18:29:25 - robotic_functions - [INFO] - {'type': 'robotics', 'data': {'mode': 'idle', 'active_quad': 'quad_0', 'active_pumps': [], 'vial_window': [], 'xArm': {'warning_code': 0, 'error_code': 0, 'arm_state': 2, 'connected': True, 'warn_code': 0}, 'OctoPrint': {'octoprint_0': {'connection_status': True}}, 'prime_status': {'influx': True, 'efflux': False}}}

2024-11-19 18:30:05 - robotic_functions - [INFO] - Robotics broadcast received

2024-11-19 18:30:40 - robotic_functions - [INFO] - Robotics broadcast received

2024-11-19 18:30:40 - evolver - [INFO] - running routine number: 1

2024-11-19 18:30:40 - robotic_functions - [INFO] - requesting robotics status

2024-11-19 18:30:40 - robotic_functions - [INFO] - {'type': 'robotics', 'data': {'mode': 'idle', 'active_quad': 'quad_0', 'active_pumps': [], 'vial_window': [], 'xArm': {'warning_code': 0, 'error_code': 0, 'arm_state': 2, 'connected': True, 'warn_code': 0}, 'OctoPrint': {'octoprint_0': {'connection_status': True}}, 'prime_status': {'influx': True, 'efflux': False}}}

2024-11-19 18:30:40 - robotic_functions - [INFO] - dilution routine execution: {'syringe_pump_command': {'base_media_0': {'quad_0': {'vial_0': 619, 'vial_1': 619, 'vial_2': 619, 'vial_3': 619, 'vial_4': 619, 'vial_5': 619, 'vial_6': 619, 'vial_7': 619, 'vial_8': 619, 'vial_9': 619, 'vial_10': 619, 'vial_11': 619, 'vial_12': 619, 'vial_13': 619, 'vial_14': 619, 'vial_15': 619, 'vial_16': 619, 'vial_17': 619}}}, 'ipp_efflux_command': {'quad_0': {'frequency': 5, 'duration': 120, 'polarity': 0}}}

2024-11-19 18:30:59 - robotic_functions - [INFO] - pausing experiment

2024-11-19 18:31:14 - robotic_functions - [INFO] - Robotics broadcast received

2024-11-19 18:31:46 - robotic_functions - [INFO] - Robotics broadcast received

2024-11-19 18:32:22 - robotic_functions - [INFO] - Robotics broadcast received

2024-11-19 18:32:58 - robotic_functions - [INFO] - Robotics broadcast received

2024-11-19 18:33:34 - robotic_functions - [INFO] - Robotics broadcast received

2024-11-19 18:34:10 - robotic_functions - [INFO] - Robotics broadcast received

2024-11-19 18:34:46 - robotic_functions - [INFO] - Robotics broadcast received

2024-11-19 18:35:23 - robotic_functions - [INFO] - Robotics broadcast received

2024-11-19 18:35:38 - robotic_functions - [INFO] - resuming experiment

2024-11-19 18:36:00 - robotic_functions - [INFO] - Robotics broadcast received

2024-11-19 18:36:35 - robotic_functions - [INFO] - Robotics broadcast received

2024-11-19 18:37:14 - robotic_functions - [INFO] - Robotics broadcast received

2024-11-19 18:37:47 - robotic_functions - [INFO] - Robotics broadcast received

2024-11-19 18:38:23 - robotic_functions - [INFO] - Robotics broadcast received

2024-11-19 18:38:59 - robotic_functions - [INFO] - Robotics broadcast received

2024-11-19 18:39:43 - robotic_functions - [INFO] - Robotics broadcast received

2024-11-19 18:40:12 - robotic_functions - [INFO] - Robotics broadcast received

2024-11-19 18:40:48 - robotic_functions - [INFO] - Robotics broadcast received

2024-11-19 18:41:25 - robotic_functions - [INFO] - Robotics broadcast received

2024-11-19 18:42:01 - robotic_functions - [INFO] - Robotics broadcast received

2024-11-19 18:42:36 - robotic_functions - [INFO] - Robotics broadcast received

2024-11-19 18:43:16 - robotic_functions - [INFO] - Robotics broadcast received

2024-11-19 18:43:49 - robotic_functions - [INFO] - Robotics broadcast received

2024-11-19 18:44:25 - robotic_functions - [INFO] - Robotics broadcast received

2024-11-19 18:45:01 - robotic_functions - [INFO] - Robotics broadcast received

2024-11-19 18:45:37 - robotic_functions - [INFO] - Robotics broadcast received

2024-11-19 18:46:13 - robotic_functions - [INFO] - Robotics broadcast received

2024-11-19 18:46:50 - robotic_functions - [INFO] - Robotics broadcast received

2024-11-19 18:47:28 - robotic_functions - [INFO] - Robotics broadcast received

2024-11-19 18:48:02 - robotic_functions - [INFO] - Robotics broadcast received

2024-11-19 18:48:38 - robotic_functions - [INFO] - Robotics broadcast received

2024-11-19 18:49:14 - robotic_functions - [INFO] - Robotics broadcast received

2024-11-19 18:49:50 - robotic_functions - [INFO] - Robotics broadcast received

2024-11-19 18:50:26 - robotic_functions - [INFO] - Robotics broadcast received

2024-11-19 18:51:03 - robotic_functions - [INFO] - pausing experiment

2024-11-19 18:51:03 - robotic_functions - [INFO] - Robotics broadcast received

2024-11-19 18:51:44 - robotic_functions - [INFO] - Robotics broadcast received

2024-11-19 18:52:18 - robotic_functions - [INFO] - Robotics broadcast received

2024-11-19 18:52:58 - robotic_functions - [INFO] - Robotics broadcast received

2024-11-19 18:53:29 - robotic_functions - [INFO] - Robotics broadcast received

2024-11-19 18:54:03 - robotic_functions - [INFO] - Robotics broadcast received

2024-11-19 18:54:39 - robotic_functions - [INFO] - Robotics broadcast received

2024-11-19 18:55:18 - robotic_functions - [INFO] - Robotics broadcast received

2024-11-19 18:55:55 - robotic_functions - [INFO] - Robotics broadcast received

2024-11-19 18:56:29 - robotic_functions - [INFO] - Robotics broadcast received

2024-11-19 18:57:09 - robotic_functions - [INFO] - Robotics broadcast received

2024-11-19 18:57:48 - robotic_functions - [INFO] - Robotics broadcast received

2024-11-19 18:58:18 - robotic_functions - [INFO] - Robotics broadcast received

2024-11-19 18:58:25 - robotic_functions - [INFO] - exiting experiment

2024-11-19 18:58:25 - robotic_functions - [INFO] - dpu disconnected from robotics_eVOLVER server

2024-11-19 19:50:41 - robotic_functions - [INFO] - dpu connected to robotics_eVOLVER server

2024-11-19 19:50:41 - robotic_functions - [INFO] - requesting robotics status

2024-11-19 19:50:41 - robotic_functions - [INFO] - {'type': 'robotics', 'data': {'mode': 'idle', 'active_quad': None, 'active_pumps': [], 'vial_window': [], 'xArm': {'warning_code': 0, 'error_code': 0, 'arm_state': 2, 'connected': True}, 'OctoPrint': {'octoprint_0': {'connection_status': True}}, 'prime_status': {'influx': True, 'efflux': False}}}

2024-11-19 19:51:01 - robotic_functions - [INFO] - Robotics broadcast received

2024-11-19 19:51:41 - robotic_functions - [INFO] - Robotics broadcast received

2024-11-19 19:51:41 - evolver - [INFO] - running routine number: 1

2024-11-19 19:51:41 - robotic_functions - [INFO] - requesting robotics status

2024-11-19 19:51:41 - robotic_functions - [INFO] - {'type': 'robotics', 'data': {'mode': 'idle', 'active_quad': None, 'active_pumps': [], 'vial_window': [], 'xArm': {'warning_code': 0, 'error_code': 0, 'arm_state': 2, 'connected': True}, 'OctoPrint': {'octoprint_0': {'connection_status': True}}, 'prime_status': {'influx': True, 'efflux': False}}}

2024-11-19 19:51:41 - robotic_functions - [INFO] - dilution routine execution: {'syringe_pump_command': {'base_media_0': {'quad_0': {'vial_0': 619, 'vial_1': 619, 'vial_2': 619, 'vial_3': 619, 'vial_4': 619, 'vial_5': 619, 'vial_6': 619, 'vial_7': 619, 'vial_8': 619, 'vial_9': 619, 'vial_10': 619, 'vial_11': 619, 'vial_12': 619, 'vial_13': 619, 'vial_14': 619, 'vial_15': 619, 'vial_16': 619, 'vial_17': 619}}}, 'ipp_efflux_command': {'quad_0': {'frequency': 5, 'duration': 120, 'polarity': 0}}}

2024-11-19 19:52:11 - robotic_functions - [INFO] - Robotics broadcast received

2024-11-19 19:52:46 - robotic_functions - [INFO] - Robotics broadcast received

2024-11-19 19:53:22 - robotic_functions - [INFO] - Robotics broadcast received

2024-11-19 19:54:01 - robotic_functions - [INFO] - Robotics broadcast received

2024-11-19 19:54:37 - robotic_functions - [INFO] - Robotics broadcast received

2024-11-19 19:55:11 - robotic_functions - [INFO] - Robotics broadcast received

2024-11-19 19:55:47 - robotic_functions - [INFO] - Robotics broadcast received

2024-11-19 19:56:25 - robotic_functions - [INFO] - Robotics broadcast received

2024-11-19 19:56:59 - robotic_functions - [INFO] - Robotics broadcast received

2024-11-19 19:57:35 - robotic_functions - [INFO] - Robotics broadcast received

2024-11-19 19:58:13 - robotic_functions - [INFO] - Robotics broadcast received

2024-11-19 19:58:48 - robotic_functions - [INFO] - Robotics broadcast received

2024-11-19 19:59:24 - robotic_functions - [INFO] - Robotics broadcast received

2024-11-19 20:00:00 - robotic_functions - [INFO] - Robotics broadcast received

2024-11-19 20:00:39 - robotic_functions - [INFO] - Robotics broadcast received

2024-11-19 20:01:12 - robotic_functions - [INFO] - Robotics broadcast received

2024-11-19 20:01:48 - robotic_functions - [INFO] - Robotics broadcast received

2024-11-19 20:02:28 - robotic_functions - [INFO] - Robotics broadcast received

2024-11-19 20:03:01 - robotic_functions - [INFO] - Robotics broadcast received

2024-11-19 20:03:37 - robotic_functions - [INFO] - Robotics broadcast received

2024-11-19 20:04:13 - robotic_functions - [INFO] - Robotics broadcast received

2024-11-19 20:04:52 - robotic_functions - [INFO] - Robotics broadcast received

2024-11-19 20:05:25 - robotic_functions - [INFO] - Robotics broadcast received

2024-11-19 20:06:01 - robotic_functions - [INFO] - Robotics broadcast received

2024-11-19 20:06:41 - robotic_functions - [INFO] - Robotics broadcast received

2024-11-19 20:07:32 - robotic_functions - [INFO] - Robotics broadcast received

2024-11-19 20:07:52 - robotic_functions - [INFO] - Robotics broadcast received

2024-11-19 20:08:27 - robotic_functions - [INFO] - Robotics broadcast received

2024-11-19 20:09:12 - robotic_functions - [INFO] - Robotics broadcast received

2024-11-19 20:09:13 - robotic_functions - [INFO] - pausing experiment

2024-11-19 20:09:15 - robotic_functions - [INFO] - exiting experiment

2024-11-19 20:09:15 - robotic_functions - [INFO] - dpu disconnected from robotics_eVOLVER server

2024-11-19 20:14:51 - robotic_functions - [INFO] - dpu connected to robotics_eVOLVER server

2024-11-19 20:14:51 - robotic_functions - [INFO] - requesting robotics status

2024-11-19 20:14:51 - robotic_functions - [INFO] - {'type': 'robotics', 'data': {'mode': 'idle', 'active_quad': None, 'active_pumps': [], 'vial_window': [], 'xArm': {'warning_code': 0, 'error_code': 0, 'arm_state': None, 'connected': True}, 'OctoPrint': {'octoprint_0': {'connection_status': True}}, 'prime_status': {'influx': True, 'efflux': False}}}

2024-11-19 20:15:35 - robotic_functions - [INFO] - Robotics broadcast received

2024-11-19 20:16:06 - robotic_functions - [INFO] - Robotics broadcast received

2024-11-19 20:16:06 - evolver - [INFO] - running routine number: 1

2024-11-19 20:16:06 - robotic_functions - [INFO] - requesting robotics status

2024-11-19 20:16:06 - robotic_functions - [INFO] - {'type': 'robotics', 'data': {'mode': 'idle', 'active_quad': None, 'active_pumps': [], 'vial_window': [], 'xArm': {'warning_code': 0, 'error_code': 0, 'arm_state': None, 'connected': True}, 'OctoPrint': {'octoprint_0': {'connection_status': True}}, 'prime_status': {'influx': True, 'efflux': False}}}

2024-11-19 20:16:06 - robotic_functions - [INFO] - dilution routine execution: {'syringe_pump_command': {'base_media_0': {'quad_0': {'vial_0': 619, 'vial_1': 619, 'vial_2': 619, 'vial_3': 619, 'vial_4': 619, 'vial_5': 619, 'vial_6': 619, 'vial_7': 619, 'vial_8': 619, 'vial_9': 619, 'vial_10': 619, 'vial_11': 619, 'vial_12': 619, 'vial_13': 619, 'vial_14': 619, 'vial_15': 619, 'vial_16': 619, 'vial_17': 619}}}, 'ipp_efflux_command': {'quad_0': {'frequency': 5, 'duration': 120, 'polarity': 0}}}

2024-11-19 20:16:35 - robotic_functions - [INFO] - Robotics broadcast received

2024-11-19 20:17:10 - robotic_functions - [INFO] - Robotics broadcast received

2024-11-19 20:17:47 - robotic_functions - [INFO] - Robotics broadcast received

2024-11-19 20:18:23 - robotic_functions - [INFO] - Robotics broadcast received

2024-11-19 20:18:59 - robotic_functions - [INFO] - Robotics broadcast received

2024-11-19 20:19:35 - robotic_functions - [INFO] - Robotics broadcast received

2024-11-19 20:20:11 - robotic_functions - [INFO] - Robotics broadcast received

2024-11-19 20:20:50 - robotic_functions - [INFO] - Robotics broadcast received

2024-11-19 20:21:23 - robotic_functions - [INFO] - Robotics broadcast received

2024-11-19 20:21:59 - robotic_functions - [INFO] - Robotics broadcast received

2024-11-19 20:22:36 - robotic_functions - [INFO] - Robotics broadcast received

2024-11-19 20:23:12 - robotic_functions - [INFO] - Robotics broadcast received

2024-11-19 20:23:48 - robotic_functions - [INFO] - Robotics broadcast received

2024-11-19 20:24:24 - robotic_functions - [INFO] - Robotics broadcast received

2024-11-19 20:25:01 - robotic_functions - [INFO] - Robotics broadcast received

2024-11-19 20:25:36 - robotic_functions - [INFO] - Robotics broadcast received

2024-11-19 20:26:12 - robotic_functions - [INFO] - Robotics broadcast received

2024-11-19 20:26:51 - robotic_functions - [INFO] - Robotics broadcast received

2024-11-19 20:27:25 - robotic_functions - [INFO] - Robotics broadcast received

2024-11-19 20:28:01 - robotic_functions - [INFO] - Robotics broadcast received

2024-11-19 20:28:41 - robotic_functions - [INFO] - Robotics broadcast received

2024-11-19 20:29:13 - robotic_functions - [INFO] - Robotics broadcast received

2024-11-19 20:29:50 - robotic_functions - [INFO] - Robotics broadcast received

2024-11-19 20:30:28 - robotic_functions - [INFO] - Robotics broadcast received

2024-11-19 20:31:03 - robotic_functions - [INFO] - Robotics broadcast received

2024-11-19 20:31:38 - robotic_functions - [INFO] - Robotics broadcast received

2024-11-19 20:31:40 - robotic_functions - [INFO] - {'done': True, 'routine': 'influx', 'robotics_status': {'mode': 'idle', 'active_quad': None, 'active_pumps': ['base_media_0'], 'vial_window': None, 'xArm': {'warning_code': 0, 'error_code': 0, 'arm_state': 2, 'connected': True}, 'OctoPrint': {'octoprint_0': {'connection_status': True}}, 'prime_status': {'influx': True, 'efflux': False}}, 'elapsed_time': 934.1498055458069, 'message': 'influx_snake_helper called successfully'}

2024-11-19 20:32:20 - robotic_functions - [INFO] - Robotics broadcast received

2024-11-19 20:32:57 - robotic_functions - [INFO] - Robotics broadcast received

2024-11-19 20:32:57 - evolver - [INFO] - running routine number: 2

2024-11-19 20:32:57 - robotic_functions - [INFO] - requesting robotics status

2024-11-19 20:32:57 - robotic_functions - [INFO] - {'type': 'robotics', 'data': {'mode': 'idle', 'active_quad': None, 'active_pumps': ['base_media_0'], 'vial_window': None, 'xArm': {'warning_code': 0, 'error_code': 0, 'arm_state': 2, 'connected': True}, 'OctoPrint': {'octoprint_0': {'connection_status': True}}, 'prime_status': {'influx': True, 'efflux': False}}}

2024-11-19 20:32:57 - robotic_functions - [INFO] - dilution routine execution: {'syringe_pump_command': {'base_media_0': {'quad_0': {'vial_0': 619, 'vial_1': 619, 'vial_2': 619, 'vial_3': 619, 'vial_4': 619, 'vial_5': 619, 'vial_6': 619, 'vial_7': 619, 'vial_8': 619, 'vial_9': 619, 'vial_10': 619, 'vial_11': 619, 'vial_12': 619, 'vial_13': 619, 'vial_14': 619, 'vial_15': 619, 'vial_16': 619, 'vial_17': 619}}}, 'ipp_efflux_command': {'quad_0': {'frequency': 5, 'duration': 120, 'polarity': 0}}}

2024-11-19 20:33:29 - robotic_functions - [INFO] - Robotics broadcast received

2024-11-19 20:34:03 - robotic_functions - [INFO] - Robotics broadcast received

2024-11-19 20:34:39 - robotic_functions - [INFO] - Robotics broadcast received

2024-11-19 20:35:17 - robotic_functions - [INFO] - Robotics broadcast received

2024-11-19 20:35:52 - robotic_functions - [INFO] - Robotics broadcast received

2024-11-19 20:36:27 - robotic_functions - [INFO] - Robotics broadcast received

2024-11-19 20:37:03 - robotic_functions - [INFO] - Robotics broadcast received

2024-11-19 20:37:40 - robotic_functions - [INFO] - Robotics broadcast received

2024-11-19 20:38:16 - robotic_functions - [INFO] - Robotics broadcast received

2024-11-19 20:38:52 - robotic_functions - [INFO] - Robotics broadcast received

2024-11-19 20:39:29 - robotic_functions - [INFO] - Robotics broadcast received

2024-11-19 20:40:06 - robotic_functions - [INFO] - Robotics broadcast received

2024-11-19 20:40:41 - robotic_functions - [INFO] - Robotics broadcast received

2024-11-19 20:41:17 - robotic_functions - [INFO] - Robotics broadcast received

2024-11-19 20:41:56 - robotic_functions - [INFO] - Robotics broadcast received

2024-11-19 20:42:31 - robotic_functions - [INFO] - Robotics broadcast received

2024-11-19 20:43:05 - robotic_functions - [INFO] - Robotics broadcast received

2024-11-19 20:43:42 - robotic_functions - [INFO] - Robotics broadcast received

2024-11-19 20:44:20 - robotic_functions - [INFO] - Robotics broadcast received

2024-11-19 20:44:54 - robotic_functions - [INFO] - Robotics broadcast received

2024-11-19 20:45:30 - robotic_functions - [INFO] - Robotics broadcast received

2024-11-19 20:46:13 - robotic_functions - [INFO] - Robotics broadcast received

2024-11-19 20:46:43 - robotic_functions - [INFO] - Robotics broadcast received

2024-11-19 20:47:19 - robotic_functions - [INFO] - Robotics broadcast received

2024-11-19 20:47:55 - robotic_functions - [INFO] - Robotics broadcast received

2024-11-19 20:48:13 - robotic_functions - [INFO] - {'done': True, 'routine': 'influx', 'robotics_status': {'mode': 'idle', 'active_quad': None, 'active_pumps': ['base_media_0'], 'vial_window': None, 'xArm': {'warning_code': 0, 'error_code': 0, 'arm_state': 2, 'connected': True}, 'OctoPrint': {'octoprint_0': {'connection_status': True}}, 'prime_status': {'influx': True, 'efflux': False}}, 'elapsed_time': 915.9659609794617, 'message': 'influx_snake_helper called successfully'}

2024-11-19 20:48:36 - robotic_functions - [INFO] - pausing experiment

2024-11-19 20:48:36 - robotic_functions - [INFO] - Robotics broadcast received

2024-11-19 20:48:37 - robotic_functions - [INFO] - exiting experiment

2024-11-19 20:48:37 - robotic_functions - [INFO] - dpu disconnected from robotics_eVOLVER server

