2025-04-11 13:29:07 - htevolver_client - [INFO] - dpu connected to eVOLVER server

2025-04-11 13:29:19 - htevolver_client - [INFO] - eVOLVER broadcast received

2025-04-11 13:29:19 - htevolver_client - [INFO] - eVOLVER broadcast received

2025-04-11 13:29:19 - htevolver_client - [INFO] - [2177, 4059, 4058, 4058]

2025-04-11 13:29:19 - htevolver_client - [INFO] - transforming temp

2025-04-11 13:29:19 - htevolver_client - [WARNING] - tried to transform temperature voltages but not calibrations found

2025-04-11 13:29:19 - htevolver_client - [INFO] - transforming od

2025-04-11 13:29:19 - htevolver_client - [WARNING] - tried to transform temperature voltages but not calibrations found

2025-04-11 13:29:19 - htevolver_client - [WARNING] - tried to transform temperature voltages but not calibrations found

2025-04-11 13:29:19 - htevolver_client - [WARNING] - tried to transform temperature voltages but not calibrations found

2025-04-11 13:29:19 - htevolver_client - [WARNING] - tried to transform temperature voltages but not calibrations found

2025-04-11 13:29:19 - htevolver_client - [WARNING] - tried to transform temperature voltages but not calibrations found

2025-04-11 13:29:19 - htevolver_client - [WARNING] - tried to transform temperature voltages but not calibrations found

2025-04-11 13:29:19 - htevolver_client - [WARNING] - tried to transform temperature voltages but not calibrations found

2025-04-11 13:29:19 - htevolver_client - [WARNING] - tried to transform temperature voltages but not calibrations found

2025-04-11 13:29:19 - htevolver_client - [WARNING] - tried to transform temperature voltages but not calibrations found

2025-04-11 13:29:19 - htevolver_client - [WARNING] - tried to transform temperature voltages but not calibrations found

2025-04-11 13:29:19 - htevolver_client - [WARNING] - tried to transform temperature voltages but not calibrations found

2025-04-11 13:29:19 - htevolver_client - [WARNING] - tried to transform temperature voltages but not calibrations found

2025-04-11 13:29:19 - htevolver_client - [WARNING] - tried to transform temperature voltages but not calibrations found

2025-04-11 13:29:19 - htevolver_client - [WARNING] - tried to transform temperature voltages but not calibrations found

2025-04-11 13:29:19 - htevolver_client - [WARNING] - tried to transform temperature voltages but not calibrations found

2025-04-11 13:29:19 - htevolver_client - [WARNING] - tried to transform temperature voltages but not calibrations found

2025-04-11 13:29:19 - htevolver_client - [WARNING] - tried to transform temperature voltages but not calibrations found

2025-04-11 13:29:19 - htevolver_client - [WARNING] - tried to transform temperature voltages but not calibrations found

2025-04-11 13:29:29 - htevolver_client - [INFO] - eVOLVER broadcast received

2025-04-11 13:29:39 - htevolver_client - [INFO] - eVOLVER broadcast received

2025-04-11 13:29:39 - htevolver_client - [INFO] - [2177, 4059, 4058, 4059]

2025-04-11 13:29:39 - htevolver_client - [INFO] - transforming temp

2025-04-11 13:29:39 - htevolver_client - [WARNING] - tried to transform temperature voltages but not calibrations found

2025-04-11 13:29:39 - htevolver_client - [INFO] - transforming od

2025-04-11 13:29:39 - htevolver_client - [WARNING] - tried to transform temperature voltages but not calibrations found

2025-04-11 13:29:39 - htevolver_client - [WARNING] - tried to transform temperature voltages but not calibrations found

2025-04-11 13:29:39 - htevolver_client - [WARNING] - tried to transform temperature voltages but not calibrations found

2025-04-11 13:29:39 - htevolver_client - [WARNING] - tried to transform temperature voltages but not calibrations found

2025-04-11 13:29:39 - htevolver_client - [WARNING] - tried to transform temperature voltages but not calibrations found

2025-04-11 13:29:39 - htevolver_client - [WARNING] - tried to transform temperature voltages but not calibrations found

2025-04-11 13:29:39 - htevolver_client - [WARNING] - tried to transform temperature voltages but not calibrations found

2025-04-11 13:29:39 - htevolver_client - [WARNING] - tried to transform temperature voltages but not calibrations found

2025-04-11 13:29:39 - htevolver_client - [WARNING] - tried to transform temperature voltages but not calibrations found

2025-04-11 13:29:39 - htevolver_client - [WARNING] - tried to transform temperature voltages but not calibrations found

2025-04-11 13:29:39 - htevolver_client - [WARNING] - tried to transform temperature voltages but not calibrations found

2025-04-11 13:29:39 - htevolver_client - [WARNING] - tried to transform temperature voltages but not calibrations found

2025-04-11 13:29:39 - htevolver_client - [WARNING] - tried to transform temperature voltages but not calibrations found

2025-04-11 13:29:39 - htevolver_client - [WARNING] - tried to transform temperature voltages but not calibrations found

2025-04-11 13:29:39 - htevolver_client - [WARNING] - tried to transform temperature voltages but not calibrations found

2025-04-11 13:29:39 - htevolver_client - [WARNING] - tried to transform temperature voltages but not calibrations found

2025-04-11 13:29:39 - htevolver_client - [WARNING] - tried to transform temperature voltages but not calibrations found

2025-04-11 13:29:39 - htevolver_client - [WARNING] - tried to transform temperature voltages but not calibrations found

2025-04-11 13:29:49 - htevolver_client - [INFO] - eVOLVER broadcast received

2025-04-11 13:29:57 - htevolver_client - [INFO] - eVOLVER broadcast received

2025-04-11 13:29:57 - htevolver_client - [INFO] - [2176, 4059, 4057, 4059]

2025-04-11 13:29:57 - htevolver_client - [INFO] - transforming temp

2025-04-11 13:29:57 - htevolver_client - [WARNING] - tried to transform temperature voltages but not calibrations found

2025-04-11 13:29:57 - htevolver_client - [INFO] - transforming od

2025-04-11 13:29:57 - htevolver_client - [WARNING] - tried to transform temperature voltages but not calibrations found

2025-04-11 13:29:57 - htevolver_client - [WARNING] - tried to transform temperature voltages but not calibrations found

2025-04-11 13:29:57 - htevolver_client - [WARNING] - tried to transform temperature voltages but not calibrations found

2025-04-11 13:29:57 - htevolver_client - [WARNING] - tried to transform temperature voltages but not calibrations found

2025-04-11 13:29:57 - htevolver_client - [WARNING] - tried to transform temperature voltages but not calibrations found

2025-04-11 13:29:57 - htevolver_client - [WARNING] - tried to transform temperature voltages but not calibrations found

2025-04-11 13:29:57 - htevolver_client - [WARNING] - tried to transform temperature voltages but not calibrations found

2025-04-11 13:29:57 - htevolver_client - [WARNING] - tried to transform temperature voltages but not calibrations found

2025-04-11 13:29:57 - htevolver_client - [WARNING] - tried to transform temperature voltages but not calibrations found

2025-04-11 13:29:57 - htevolver_client - [WARNING] - tried to transform temperature voltages but not calibrations found

2025-04-11 13:29:57 - htevolver_client - [WARNING] - tried to transform temperature voltages but not calibrations found

2025-04-11 13:29:57 - htevolver_client - [WARNING] - tried to transform temperature voltages but not calibrations found

2025-04-11 13:29:57 - htevolver_client - [WARNING] - tried to transform temperature voltages but not calibrations found

2025-04-11 13:29:57 - htevolver_client - [WARNING] - tried to transform temperature voltages but not calibrations found

2025-04-11 13:29:57 - htevolver_client - [WARNING] - tried to transform temperature voltages but not calibrations found

2025-04-11 13:29:57 - htevolver_client - [WARNING] - tried to transform temperature voltages but not calibrations found

2025-04-11 13:29:57 - htevolver_client - [WARNING] - tried to transform temperature voltages but not calibrations found

2025-04-11 13:29:57 - htevolver_client - [WARNING] - tried to transform temperature voltages but not calibrations found

2025-04-11 13:30:09 - htevolver_client - [INFO] - eVOLVER broadcast received

2025-04-11 13:30:19 - htevolver_client - [INFO] - eVOLVER broadcast received

2025-04-11 13:30:19 - htevolver_client - [INFO] - [2176, 4058, 4057, 4059]

2025-04-11 13:30:19 - htevolver_client - [INFO] - transforming temp

2025-04-11 13:30:19 - htevolver_client - [WARNING] - tried to transform temperature voltages but not calibrations found

2025-04-11 13:30:19 - htevolver_client - [INFO] - transforming od

2025-04-11 13:30:19 - htevolver_client - [WARNING] - tried to transform temperature voltages but not calibrations found

2025-04-11 13:30:19 - htevolver_client - [WARNING] - tried to transform temperature voltages but not calibrations found

2025-04-11 13:30:19 - htevolver_client - [WARNING] - tried to transform temperature voltages but not calibrations found

2025-04-11 13:30:19 - htevolver_client - [WARNING] - tried to transform temperature voltages but not calibrations found

2025-04-11 13:30:19 - htevolver_client - [WARNING] - tried to transform temperature voltages but not calibrations found

2025-04-11 13:30:19 - htevolver_client - [WARNING] - tried to transform temperature voltages but not calibrations found

2025-04-11 13:30:19 - htevolver_client - [WARNING] - tried to transform temperature voltages but not calibrations found

2025-04-11 13:30:19 - htevolver_client - [WARNING] - tried to transform temperature voltages but not calibrations found

2025-04-11 13:30:19 - htevolver_client - [WARNING] - tried to transform temperature voltages but not calibrations found

2025-04-11 13:30:19 - htevolver_client - [WARNING] - tried to transform temperature voltages but not calibrations found

2025-04-11 13:30:19 - htevolver_client - [WARNING] - tried to transform temperature voltages but not calibrations found

2025-04-11 13:30:19 - htevolver_client - [WARNING] - tried to transform temperature voltages but not calibrations found

2025-04-11 13:30:19 - htevolver_client - [WARNING] - tried to transform temperature voltages but not calibrations found

2025-04-11 13:30:19 - htevolver_client - [WARNING] - tried to transform temperature voltages but not calibrations found

2025-04-11 13:30:19 - htevolver_client - [WARNING] - tried to transform temperature voltages but not calibrations found

2025-04-11 13:30:19 - htevolver_client - [WARNING] - tried to transform temperature voltages but not calibrations found

2025-04-11 13:30:19 - htevolver_client - [WARNING] - tried to transform temperature voltages but not calibrations found

2025-04-11 13:30:19 - htevolver_client - [WARNING] - tried to transform temperature voltages but not calibrations found

2025-04-11 13:30:29 - htevolver_client - [INFO] - eVOLVER broadcast received

2025-04-11 13:30:39 - htevolver_client - [INFO] - eVOLVER broadcast received

2025-04-11 13:30:39 - htevolver_client - [INFO] - [2177, 4059, 4058, 4059]

2025-04-11 13:30:39 - htevolver_client - [INFO] - transforming temp

2025-04-11 13:30:39 - htevolver_client - [WARNING] - tried to transform temperature voltages but not calibrations found

2025-04-11 13:30:39 - htevolver_client - [INFO] - transforming od

2025-04-11 13:30:39 - htevolver_client - [WARNING] - tried to transform temperature voltages but not calibrations found

2025-04-11 13:30:39 - htevolver_client - [WARNING] - tried to transform temperature voltages but not calibrations found

2025-04-11 13:30:39 - htevolver_client - [WARNING] - tried to transform temperature voltages but not calibrations found

2025-04-11 13:30:39 - htevolver_client - [WARNING] - tried to transform temperature voltages but not calibrations found

2025-04-11 13:30:39 - htevolver_client - [WARNING] - tried to transform temperature voltages but not calibrations found

2025-04-11 13:30:39 - htevolver_client - [WARNING] - tried to transform temperature voltages but not calibrations found

2025-04-11 13:30:39 - htevolver_client - [WARNING] - tried to transform temperature voltages but not calibrations found

2025-04-11 13:30:39 - htevolver_client - [WARNING] - tried to transform temperature voltages but not calibrations found

2025-04-11 13:30:39 - htevolver_client - [WARNING] - tried to transform temperature voltages but not calibrations found

2025-04-11 13:30:39 - htevolver_client - [WARNING] - tried to transform temperature voltages but not calibrations found

2025-04-11 13:30:39 - htevolver_client - [WARNING] - tried to transform temperature voltages but not calibrations found

2025-04-11 13:30:39 - htevolver_client - [WARNING] - tried to transform temperature voltages but not calibrations found

2025-04-11 13:30:39 - htevolver_client - [WARNING] - tried to transform temperature voltages but not calibrations found

2025-04-11 13:30:39 - htevolver_client - [WARNING] - tried to transform temperature voltages but not calibrations found

2025-04-11 13:30:39 - htevolver_client - [WARNING] - tried to transform temperature voltages but not calibrations found

2025-04-11 13:30:39 - htevolver_client - [WARNING] - tried to transform temperature voltages but not calibrations found

2025-04-11 13:30:39 - htevolver_client - [WARNING] - tried to transform temperature voltages but not calibrations found

2025-04-11 13:30:39 - htevolver_client - [WARNING] - tried to transform temperature voltages but not calibrations found

2025-04-11 13:30:44 - htevolver_client - [INFO] - eVOLVER broadcast received

2025-04-11 13:30:59 - htevolver_client - [INFO] - eVOLVER broadcast received

2025-04-11 13:30:59 - htevolver_client - [INFO] - [2176, 4059, 4058, 4060]

2025-04-11 13:30:59 - htevolver_client - [INFO] - transforming temp

2025-04-11 13:30:59 - htevolver_client - [WARNING] - tried to transform temperature voltages but not calibrations found

2025-04-11 13:30:59 - htevolver_client - [INFO] - transforming od

2025-04-11 13:30:59 - htevolver_client - [WARNING] - tried to transform temperature voltages but not calibrations found

2025-04-11 13:30:59 - htevolver_client - [WARNING] - tried to transform temperature voltages but not calibrations found

2025-04-11 13:30:59 - htevolver_client - [WARNING] - tried to transform temperature voltages but not calibrations found

2025-04-11 13:30:59 - htevolver_client - [WARNING] - tried to transform temperature voltages but not calibrations found

2025-04-11 13:30:59 - htevolver_client - [WARNING] - tried to transform temperature voltages but not calibrations found

2025-04-11 13:30:59 - htevolver_client - [WARNING] - tried to transform temperature voltages but not calibrations found

2025-04-11 13:30:59 - htevolver_client - [WARNING] - tried to transform temperature voltages but not calibrations found

2025-04-11 13:30:59 - htevolver_client - [WARNING] - tried to transform temperature voltages but not calibrations found

2025-04-11 13:30:59 - htevolver_client - [WARNING] - tried to transform temperature voltages but not calibrations found

2025-04-11 13:30:59 - htevolver_client - [WARNING] - tried to transform temperature voltages but not calibrations found

2025-04-11 13:30:59 - htevolver_client - [WARNING] - tried to transform temperature voltages but not calibrations found

2025-04-11 13:30:59 - htevolver_client - [WARNING] - tried to transform temperature voltages but not calibrations found

2025-04-11 13:30:59 - htevolver_client - [WARNING] - tried to transform temperature voltages but not calibrations found

2025-04-11 13:30:59 - htevolver_client - [WARNING] - tried to transform temperature voltages but not calibrations found

2025-04-11 13:30:59 - htevolver_client - [WARNING] - tried to transform temperature voltages but not calibrations found

2025-04-11 13:30:59 - htevolver_client - [WARNING] - tried to transform temperature voltages but not calibrations found

2025-04-11 13:30:59 - htevolver_client - [WARNING] - tried to transform temperature voltages but not calibrations found

2025-04-11 13:30:59 - htevolver_client - [WARNING] - tried to transform temperature voltages but not calibrations found

2025-04-11 13:31:09 - htevolver_client - [INFO] - eVOLVER broadcast received

2025-04-11 13:31:12 - htevolver_client - [INFO] - eVOLVER broadcast received

2025-04-11 13:31:12 - htevolver_client - [INFO] - [2175, 4059, 4057, 4059]

2025-04-11 13:31:12 - htevolver_client - [INFO] - transforming temp

2025-04-11 13:31:12 - htevolver_client - [WARNING] - tried to transform temperature voltages but not calibrations found

2025-04-11 13:31:12 - htevolver_client - [INFO] - transforming od

2025-04-11 13:31:12 - htevolver_client - [WARNING] - tried to transform temperature voltages but not calibrations found

2025-04-11 13:31:12 - htevolver_client - [WARNING] - tried to transform temperature voltages but not calibrations found

2025-04-11 13:31:12 - htevolver_client - [WARNING] - tried to transform temperature voltages but not calibrations found

2025-04-11 13:31:12 - htevolver_client - [WARNING] - tried to transform temperature voltages but not calibrations found

2025-04-11 13:31:12 - htevolver_client - [WARNING] - tried to transform temperature voltages but not calibrations found

2025-04-11 13:31:12 - htevolver_client - [WARNING] - tried to transform temperature voltages but not calibrations found

2025-04-11 13:31:12 - htevolver_client - [WARNING] - tried to transform temperature voltages but not calibrations found

2025-04-11 13:31:12 - htevolver_client - [WARNING] - tried to transform temperature voltages but not calibrations found

2025-04-11 13:31:12 - htevolver_client - [WARNING] - tried to transform temperature voltages but not calibrations found

2025-04-11 13:31:12 - htevolver_client - [WARNING] - tried to transform temperature voltages but not calibrations found

2025-04-11 13:31:12 - htevolver_client - [WARNING] - tried to transform temperature voltages but not calibrations found

2025-04-11 13:31:12 - htevolver_client - [WARNING] - tried to transform temperature voltages but not calibrations found

2025-04-11 13:31:12 - htevolver_client - [WARNING] - tried to transform temperature voltages but not calibrations found

2025-04-11 13:31:12 - htevolver_client - [WARNING] - tried to transform temperature voltages but not calibrations found

2025-04-11 13:31:12 - htevolver_client - [WARNING] - tried to transform temperature voltages but not calibrations found

2025-04-11 13:31:12 - htevolver_client - [WARNING] - tried to transform temperature voltages but not calibrations found

2025-04-11 13:31:12 - htevolver_client - [WARNING] - tried to transform temperature voltages but not calibrations found

2025-04-11 13:31:12 - htevolver_client - [WARNING] - tried to transform temperature voltages but not calibrations found

2025-04-11 13:31:29 - htevolver_client - [INFO] - eVOLVER broadcast received

2025-04-11 13:31:29 - htevolver_client - [INFO] - eVOLVER broadcast received

2025-04-11 13:31:29 - htevolver_client - [INFO] - [2175, 4059, 4057, 4059]

2025-04-11 13:31:29 - htevolver_client - [INFO] - transforming temp

2025-04-11 13:31:29 - htevolver_client - [WARNING] - tried to transform temperature voltages but not calibrations found

2025-04-11 13:31:29 - htevolver_client - [INFO] - transforming od

2025-04-11 13:31:29 - htevolver_client - [WARNING] - tried to transform temperature voltages but not calibrations found

2025-04-11 13:31:29 - htevolver_client - [WARNING] - tried to transform temperature voltages but not calibrations found

2025-04-11 13:31:29 - htevolver_client - [WARNING] - tried to transform temperature voltages but not calibrations found

2025-04-11 13:31:29 - htevolver_client - [WARNING] - tried to transform temperature voltages but not calibrations found

2025-04-11 13:31:29 - htevolver_client - [WARNING] - tried to transform temperature voltages but not calibrations found

2025-04-11 13:31:29 - htevolver_client - [WARNING] - tried to transform temperature voltages but not calibrations found

2025-04-11 13:31:29 - htevolver_client - [WARNING] - tried to transform temperature voltages but not calibrations found

2025-04-11 13:31:29 - htevolver_client - [WARNING] - tried to transform temperature voltages but not calibrations found

2025-04-11 13:31:29 - htevolver_client - [WARNING] - tried to transform temperature voltages but not calibrations found

2025-04-11 13:31:29 - htevolver_client - [WARNING] - tried to transform temperature voltages but not calibrations found

2025-04-11 13:31:29 - htevolver_client - [WARNING] - tried to transform temperature voltages but not calibrations found

2025-04-11 13:31:29 - htevolver_client - [WARNING] - tried to transform temperature voltages but not calibrations found

2025-04-11 13:31:29 - htevolver_client - [WARNING] - tried to transform temperature voltages but not calibrations found

2025-04-11 13:31:29 - htevolver_client - [WARNING] - tried to transform temperature voltages but not calibrations found

2025-04-11 13:31:29 - htevolver_client - [WARNING] - tried to transform temperature voltages but not calibrations found

2025-04-11 13:31:29 - htevolver_client - [WARNING] - tried to transform temperature voltages but not calibrations found

2025-04-11 13:31:29 - htevolver_client - [WARNING] - tried to transform temperature voltages but not calibrations found

2025-04-11 13:31:29 - htevolver_client - [WARNING] - tried to transform temperature voltages but not calibrations found

2025-04-11 13:31:49 - htevolver_client - [INFO] - eVOLVER broadcast received

2025-04-11 13:31:49 - htevolver_client - [INFO] - eVOLVER broadcast received

2025-04-11 13:31:49 - htevolver_client - [INFO] - [2176, 4059, 4057, 4059]

2025-04-11 13:31:49 - htevolver_client - [INFO] - transforming temp

2025-04-11 13:31:49 - htevolver_client - [WARNING] - tried to transform temperature voltages but not calibrations found

2025-04-11 13:31:49 - htevolver_client - [INFO] - transforming od

2025-04-11 13:31:49 - htevolver_client - [WARNING] - tried to transform temperature voltages but not calibrations found

2025-04-11 13:31:49 - htevolver_client - [WARNING] - tried to transform temperature voltages but not calibrations found

2025-04-11 13:31:49 - htevolver_client - [WARNING] - tried to transform temperature voltages but not calibrations found

2025-04-11 13:31:49 - htevolver_client - [WARNING] - tried to transform temperature voltages but not calibrations found

2025-04-11 13:31:49 - htevolver_client - [WARNING] - tried to transform temperature voltages but not calibrations found

2025-04-11 13:31:49 - htevolver_client - [WARNING] - tried to transform temperature voltages but not calibrations found

2025-04-11 13:31:49 - htevolver_client - [WARNING] - tried to transform temperature voltages but not calibrations found

2025-04-11 13:31:49 - htevolver_client - [WARNING] - tried to transform temperature voltages but not calibrations found

2025-04-11 13:31:49 - htevolver_client - [WARNING] - tried to transform temperature voltages but not calibrations found

2025-04-11 13:31:49 - htevolver_client - [WARNING] - tried to transform temperature voltages but not calibrations found

2025-04-11 13:31:49 - htevolver_client - [WARNING] - tried to transform temperature voltages but not calibrations found

2025-04-11 13:31:49 - htevolver_client - [WARNING] - tried to transform temperature voltages but not calibrations found

2025-04-11 13:31:49 - htevolver_client - [WARNING] - tried to transform temperature voltages but not calibrations found

2025-04-11 13:31:49 - htevolver_client - [WARNING] - tried to transform temperature voltages but not calibrations found

2025-04-11 13:31:49 - htevolver_client - [WARNING] - tried to transform temperature voltages but not calibrations found

2025-04-11 13:31:49 - htevolver_client - [WARNING] - tried to transform temperature voltages but not calibrations found

2025-04-11 13:31:49 - htevolver_client - [WARNING] - tried to transform temperature voltages but not calibrations found

2025-04-11 13:31:49 - htevolver_client - [WARNING] - tried to transform temperature voltages but not calibrations found

2025-04-11 13:31:59 - htevolver_client - [INFO] - eVOLVER broadcast received

2025-04-11 13:32:09 - htevolver_client - [INFO] - eVOLVER broadcast received

2025-04-11 13:32:09 - htevolver_client - [INFO] - [2175, 4060, 4057, 4059]

2025-04-11 13:32:09 - htevolver_client - [INFO] - transforming temp

2025-04-11 13:32:09 - htevolver_client - [WARNING] - tried to transform temperature voltages but not calibrations found

2025-04-11 13:32:09 - htevolver_client - [INFO] - transforming od

2025-04-11 13:32:09 - htevolver_client - [WARNING] - tried to transform temperature voltages but not calibrations found

2025-04-11 13:32:09 - htevolver_client - [WARNING] - tried to transform temperature voltages but not calibrations found

2025-04-11 13:32:09 - htevolver_client - [WARNING] - tried to transform temperature voltages but not calibrations found

2025-04-11 13:32:09 - htevolver_client - [WARNING] - tried to transform temperature voltages but not calibrations found

2025-04-11 13:32:09 - htevolver_client - [WARNING] - tried to transform temperature voltages but not calibrations found

2025-04-11 13:32:09 - htevolver_client - [WARNING] - tried to transform temperature voltages but not calibrations found

2025-04-11 13:32:09 - htevolver_client - [WARNING] - tried to transform temperature voltages but not calibrations found

2025-04-11 13:32:09 - htevolver_client - [WARNING] - tried to transform temperature voltages but not calibrations found

2025-04-11 13:32:09 - htevolver_client - [WARNING] - tried to transform temperature voltages but not calibrations found

2025-04-11 13:32:09 - htevolver_client - [WARNING] - tried to transform temperature voltages but not calibrations found

2025-04-11 13:32:09 - htevolver_client - [WARNING] - tried to transform temperature voltages but not calibrations found

2025-04-11 13:32:09 - htevolver_client - [WARNING] - tried to transform temperature voltages but not calibrations found

2025-04-11 13:32:09 - htevolver_client - [WARNING] - tried to transform temperature voltages but not calibrations found

2025-04-11 13:32:09 - htevolver_client - [WARNING] - tried to transform temperature voltages but not calibrations found

2025-04-11 13:32:09 - htevolver_client - [WARNING] - tried to transform temperature voltages but not calibrations found

2025-04-11 13:32:09 - htevolver_client - [WARNING] - tried to transform temperature voltages but not calibrations found

2025-04-11 13:32:09 - htevolver_client - [WARNING] - tried to transform temperature voltages but not calibrations found

2025-04-11 13:32:09 - htevolver_client - [WARNING] - tried to transform temperature voltages but not calibrations found

2025-04-11 13:32:19 - htevolver_client - [INFO] - eVOLVER broadcast received

2025-04-11 13:32:27 - htevolver_client - [INFO] - eVOLVER broadcast received

2025-04-11 13:32:27 - htevolver_client - [INFO] - [2174, 4059, 4058, 4059]

2025-04-11 13:32:27 - htevolver_client - [INFO] - transforming temp

2025-04-11 13:32:27 - htevolver_client - [WARNING] - tried to transform temperature voltages but not calibrations found

2025-04-11 13:32:27 - htevolver_client - [INFO] - transforming od

2025-04-11 13:32:27 - htevolver_client - [WARNING] - tried to transform temperature voltages but not calibrations found

2025-04-11 13:32:27 - htevolver_client - [WARNING] - tried to transform temperature voltages but not calibrations found

2025-04-11 13:32:27 - htevolver_client - [WARNING] - tried to transform temperature voltages but not calibrations found

2025-04-11 13:32:27 - htevolver_client - [WARNING] - tried to transform temperature voltages but not calibrations found

2025-04-11 13:32:27 - htevolver_client - [WARNING] - tried to transform temperature voltages but not calibrations found

2025-04-11 13:32:27 - htevolver_client - [WARNING] - tried to transform temperature voltages but not calibrations found

2025-04-11 13:32:27 - htevolver_client - [WARNING] - tried to transform temperature voltages but not calibrations found

2025-04-11 13:32:27 - htevolver_client - [WARNING] - tried to transform temperature voltages but not calibrations found

2025-04-11 13:32:27 - htevolver_client - [WARNING] - tried to transform temperature voltages but not calibrations found

2025-04-11 13:32:27 - htevolver_client - [WARNING] - tried to transform temperature voltages but not calibrations found

2025-04-11 13:32:27 - htevolver_client - [WARNING] - tried to transform temperature voltages but not calibrations found

2025-04-11 13:32:27 - htevolver_client - [WARNING] - tried to transform temperature voltages but not calibrations found

2025-04-11 13:32:27 - htevolver_client - [WARNING] - tried to transform temperature voltages but not calibrations found

2025-04-11 13:32:27 - htevolver_client - [WARNING] - tried to transform temperature voltages but not calibrations found

2025-04-11 13:32:27 - htevolver_client - [WARNING] - tried to transform temperature voltages but not calibrations found

2025-04-11 13:32:27 - htevolver_client - [WARNING] - tried to transform temperature voltages but not calibrations found

2025-04-11 13:32:27 - htevolver_client - [WARNING] - tried to transform temperature voltages but not calibrations found

2025-04-11 13:32:27 - htevolver_client - [WARNING] - tried to transform temperature voltages but not calibrations found

2025-04-11 13:32:27 - htevolver_client - [INFO] - popping temp

2025-04-11 13:32:27 - htevolver_client - [INFO] - popping od

2025-04-11 13:32:39 - htevolver_client - [INFO] - eVOLVER broadcast received

2025-04-11 13:32:49 - htevolver_client - [INFO] - eVOLVER broadcast received

2025-04-11 13:32:49 - htevolver_client - [INFO] - [2174, 4059, 4058, 4059]

2025-04-11 13:32:49 - htevolver_client - [INFO] - transforming temp

2025-04-11 13:32:49 - htevolver_client - [WARNING] - tried to transform temperature voltages but not calibrations found

2025-04-11 13:32:49 - htevolver_client - [INFO] - transforming od

2025-04-11 13:32:49 - htevolver_client - [WARNING] - tried to transform temperature voltages but not calibrations found

2025-04-11 13:32:49 - htevolver_client - [WARNING] - tried to transform temperature voltages but not calibrations found

2025-04-11 13:32:49 - htevolver_client - [WARNING] - tried to transform temperature voltages but not calibrations found

2025-04-11 13:32:49 - htevolver_client - [WARNING] - tried to transform temperature voltages but not calibrations found

2025-04-11 13:32:49 - htevolver_client - [WARNING] - tried to transform temperature voltages but not calibrations found

2025-04-11 13:32:49 - htevolver_client - [WARNING] - tried to transform temperature voltages but not calibrations found

2025-04-11 13:32:49 - htevolver_client - [WARNING] - tried to transform temperature voltages but not calibrations found

2025-04-11 13:32:49 - htevolver_client - [WARNING] - tried to transform temperature voltages but not calibrations found

2025-04-11 13:32:49 - htevolver_client - [WARNING] - tried to transform temperature voltages but not calibrations found

2025-04-11 13:32:49 - htevolver_client - [WARNING] - tried to transform temperature voltages but not calibrations found

2025-04-11 13:32:49 - htevolver_client - [WARNING] - tried to transform temperature voltages but not calibrations found

2025-04-11 13:32:49 - htevolver_client - [WARNING] - tried to transform temperature voltages but not calibrations found

2025-04-11 13:32:49 - htevolver_client - [WARNING] - tried to transform temperature voltages but not calibrations found

2025-04-11 13:32:49 - htevolver_client - [WARNING] - tried to transform temperature voltages but not calibrations found

2025-04-11 13:32:49 - htevolver_client - [WARNING] - tried to transform temperature voltages but not calibrations found

2025-04-11 13:32:49 - htevolver_client - [WARNING] - tried to transform temperature voltages but not calibrations found

2025-04-11 13:32:49 - htevolver_client - [WARNING] - tried to transform temperature voltages but not calibrations found

2025-04-11 13:32:49 - htevolver_client - [WARNING] - tried to transform temperature voltages but not calibrations found

2025-04-11 13:32:49 - htevolver_client - [INFO] - popping temp

2025-04-11 13:32:49 - htevolver_client - [INFO] - popping od

2025-04-11 13:32:59 - htevolver_client - [INFO] - eVOLVER broadcast received

2025-04-11 13:33:09 - htevolver_client - [INFO] - eVOLVER broadcast received

2025-04-11 13:33:09 - htevolver_client - [INFO] - [2174, 4059, 4058, 4059]

2025-04-11 13:33:09 - htevolver_client - [INFO] - transforming temp

2025-04-11 13:33:09 - htevolver_client - [WARNING] - tried to transform temperature voltages but not calibrations found

2025-04-11 13:33:09 - htevolver_client - [INFO] - transforming od

2025-04-11 13:33:09 - htevolver_client - [WARNING] - tried to transform temperature voltages but not calibrations found

2025-04-11 13:33:09 - htevolver_client - [WARNING] - tried to transform temperature voltages but not calibrations found

2025-04-11 13:33:09 - htevolver_client - [WARNING] - tried to transform temperature voltages but not calibrations found

2025-04-11 13:33:09 - htevolver_client - [WARNING] - tried to transform temperature voltages but not calibrations found

2025-04-11 13:33:09 - htevolver_client - [WARNING] - tried to transform temperature voltages but not calibrations found

2025-04-11 13:33:09 - htevolver_client - [WARNING] - tried to transform temperature voltages but not calibrations found

2025-04-11 13:33:09 - htevolver_client - [WARNING] - tried to transform temperature voltages but not calibrations found

2025-04-11 13:33:09 - htevolver_client - [WARNING] - tried to transform temperature voltages but not calibrations found

2025-04-11 13:33:09 - htevolver_client - [WARNING] - tried to transform temperature voltages but not calibrations found

2025-04-11 13:33:09 - htevolver_client - [WARNING] - tried to transform temperature voltages but not calibrations found

2025-04-11 13:33:09 - htevolver_client - [WARNING] - tried to transform temperature voltages but not calibrations found

2025-04-11 13:33:09 - htevolver_client - [WARNING] - tried to transform temperature voltages but not calibrations found

2025-04-11 13:33:09 - htevolver_client - [WARNING] - tried to transform temperature voltages but not calibrations found

2025-04-11 13:33:09 - htevolver_client - [WARNING] - tried to transform temperature voltages but not calibrations found

2025-04-11 13:33:09 - htevolver_client - [WARNING] - tried to transform temperature voltages but not calibrations found

2025-04-11 13:33:09 - htevolver_client - [WARNING] - tried to transform temperature voltages but not calibrations found

2025-04-11 13:33:09 - htevolver_client - [WARNING] - tried to transform temperature voltages but not calibrations found

2025-04-11 13:33:09 - htevolver_client - [WARNING] - tried to transform temperature voltages but not calibrations found

2025-04-11 13:33:09 - htevolver_client - [INFO] - popping temp

2025-04-11 13:33:09 - htevolver_client - [INFO] - popping od

2025-04-11 13:33:14 - htevolver_client - [INFO] - eVOLVER broadcast received

2025-04-11 13:33:29 - htevolver_client - [INFO] - eVOLVER broadcast received

2025-04-11 13:33:29 - htevolver_client - [INFO] - [2174, 4059, 4059, 4059]

2025-04-11 13:33:29 - htevolver_client - [INFO] - transforming temp

2025-04-11 13:33:29 - htevolver_client - [WARNING] - tried to transform temperature voltages but not calibrations found

2025-04-11 13:33:29 - htevolver_client - [INFO] - transforming od

2025-04-11 13:33:29 - htevolver_client - [WARNING] - tried to transform temperature voltages but not calibrations found

2025-04-11 13:33:29 - htevolver_client - [WARNING] - tried to transform temperature voltages but not calibrations found

2025-04-11 13:33:29 - htevolver_client - [WARNING] - tried to transform temperature voltages but not calibrations found

2025-04-11 13:33:29 - htevolver_client - [WARNING] - tried to transform temperature voltages but not calibrations found

2025-04-11 13:33:29 - htevolver_client - [WARNING] - tried to transform temperature voltages but not calibrations found

2025-04-11 13:33:29 - htevolver_client - [WARNING] - tried to transform temperature voltages but not calibrations found

2025-04-11 13:33:29 - htevolver_client - [WARNING] - tried to transform temperature voltages but not calibrations found

2025-04-11 13:33:29 - htevolver_client - [WARNING] - tried to transform temperature voltages but not calibrations found

2025-04-11 13:33:29 - htevolver_client - [WARNING] - tried to transform temperature voltages but not calibrations found

2025-04-11 13:33:29 - htevolver_client - [WARNING] - tried to transform temperature voltages but not calibrations found

2025-04-11 13:33:29 - htevolver_client - [WARNING] - tried to transform temperature voltages but not calibrations found

2025-04-11 13:33:29 - htevolver_client - [WARNING] - tried to transform temperature voltages but not calibrations found

2025-04-11 13:33:29 - htevolver_client - [WARNING] - tried to transform temperature voltages but not calibrations found

2025-04-11 13:33:29 - htevolver_client - [WARNING] - tried to transform temperature voltages but not calibrations found

2025-04-11 13:33:29 - htevolver_client - [WARNING] - tried to transform temperature voltages but not calibrations found

2025-04-11 13:33:29 - htevolver_client - [WARNING] - tried to transform temperature voltages but not calibrations found

2025-04-11 13:33:29 - htevolver_client - [WARNING] - tried to transform temperature voltages but not calibrations found

2025-04-11 13:33:29 - htevolver_client - [WARNING] - tried to transform temperature voltages but not calibrations found

2025-04-11 13:33:29 - htevolver_client - [INFO] - popping temp

2025-04-11 13:33:29 - htevolver_client - [INFO] - popping od

2025-04-11 13:33:39 - htevolver_client - [INFO] - eVOLVER broadcast received

2025-04-11 13:33:42 - htevolver_client - [INFO] - eVOLVER broadcast received

2025-04-11 13:33:42 - htevolver_client - [INFO] - [2173, 4059, 4057, 4059]

2025-04-11 13:33:42 - htevolver_client - [INFO] - transforming temp

2025-04-11 13:33:42 - htevolver_client - [WARNING] - tried to transform temperature voltages but not calibrations found

2025-04-11 13:33:42 - htevolver_client - [INFO] - transforming od

2025-04-11 13:33:42 - htevolver_client - [WARNING] - tried to transform temperature voltages but not calibrations found

2025-04-11 13:33:42 - htevolver_client - [WARNING] - tried to transform temperature voltages but not calibrations found

2025-04-11 13:33:42 - htevolver_client - [WARNING] - tried to transform temperature voltages but not calibrations found

2025-04-11 13:33:42 - htevolver_client - [WARNING] - tried to transform temperature voltages but not calibrations found

2025-04-11 13:33:42 - htevolver_client - [WARNING] - tried to transform temperature voltages but not calibrations found

2025-04-11 13:33:42 - htevolver_client - [WARNING] - tried to transform temperature voltages but not calibrations found

2025-04-11 13:33:42 - htevolver_client - [WARNING] - tried to transform temperature voltages but not calibrations found

2025-04-11 13:33:42 - htevolver_client - [WARNING] - tried to transform temperature voltages but not calibrations found

2025-04-11 13:33:42 - htevolver_client - [WARNING] - tried to transform temperature voltages but not calibrations found

2025-04-11 13:33:42 - htevolver_client - [WARNING] - tried to transform temperature voltages but not calibrations found

2025-04-11 13:33:42 - htevolver_client - [WARNING] - tried to transform temperature voltages but not calibrations found

2025-04-11 13:33:42 - htevolver_client - [WARNING] - tried to transform temperature voltages but not calibrations found

2025-04-11 13:33:42 - htevolver_client - [WARNING] - tried to transform temperature voltages but not calibrations found

2025-04-11 13:33:42 - htevolver_client - [WARNING] - tried to transform temperature voltages but not calibrations found

2025-04-11 13:33:42 - htevolver_client - [WARNING] - tried to transform temperature voltages but not calibrations found

2025-04-11 13:33:42 - htevolver_client - [WARNING] - tried to transform temperature voltages but not calibrations found

2025-04-11 13:33:42 - htevolver_client - [WARNING] - tried to transform temperature voltages but not calibrations found

2025-04-11 13:33:42 - htevolver_client - [WARNING] - tried to transform temperature voltages but not calibrations found

2025-04-11 13:33:42 - htevolver_client - [INFO] - popping temp

2025-04-11 13:33:42 - htevolver_client - [INFO] - popping od

2025-04-11 13:33:59 - htevolver_client - [INFO] - eVOLVER broadcast received

2025-04-11 13:33:59 - htevolver_client - [INFO] - eVOLVER broadcast received

2025-04-11 13:33:59 - htevolver_client - [INFO] - [2173, 4059, 4057, 4059]

2025-04-11 13:33:59 - htevolver_client - [INFO] - transforming temp

2025-04-11 13:33:59 - htevolver_client - [WARNING] - tried to transform temperature voltages but not calibrations found

2025-04-11 13:33:59 - htevolver_client - [INFO] - transforming od

2025-04-11 13:33:59 - htevolver_client - [WARNING] - tried to transform temperature voltages but not calibrations found

2025-04-11 13:33:59 - htevolver_client - [WARNING] - tried to transform temperature voltages but not calibrations found

2025-04-11 13:33:59 - htevolver_client - [WARNING] - tried to transform temperature voltages but not calibrations found

2025-04-11 13:33:59 - htevolver_client - [WARNING] - tried to transform temperature voltages but not calibrations found

2025-04-11 13:33:59 - htevolver_client - [WARNING] - tried to transform temperature voltages but not calibrations found

2025-04-11 13:33:59 - htevolver_client - [WARNING] - tried to transform temperature voltages but not calibrations found

2025-04-11 13:33:59 - htevolver_client - [WARNING] - tried to transform temperature voltages but not calibrations found

2025-04-11 13:33:59 - htevolver_client - [WARNING] - tried to transform temperature voltages but not calibrations found

2025-04-11 13:33:59 - htevolver_client - [WARNING] - tried to transform temperature voltages but not calibrations found

2025-04-11 13:33:59 - htevolver_client - [WARNING] - tried to transform temperature voltages but not calibrations found

2025-04-11 13:33:59 - htevolver_client - [WARNING] - tried to transform temperature voltages but not calibrations found

2025-04-11 13:33:59 - htevolver_client - [WARNING] - tried to transform temperature voltages but not calibrations found

2025-04-11 13:33:59 - htevolver_client - [WARNING] - tried to transform temperature voltages but not calibrations found

2025-04-11 13:33:59 - htevolver_client - [WARNING] - tried to transform temperature voltages but not calibrations found

2025-04-11 13:33:59 - htevolver_client - [WARNING] - tried to transform temperature voltages but not calibrations found

2025-04-11 13:33:59 - htevolver_client - [WARNING] - tried to transform temperature voltages but not calibrations found

2025-04-11 13:33:59 - htevolver_client - [WARNING] - tried to transform temperature voltages but not calibrations found

2025-04-11 13:33:59 - htevolver_client - [WARNING] - tried to transform temperature voltages but not calibrations found

2025-04-11 13:33:59 - htevolver_client - [INFO] - popping temp

2025-04-11 13:33:59 - htevolver_client - [INFO] - popping od

2025-04-11 13:34:19 - htevolver_client - [INFO] - eVOLVER broadcast received

2025-04-11 13:34:19 - htevolver_client - [INFO] - eVOLVER broadcast received

2025-04-11 13:34:19 - htevolver_client - [INFO] - [2173, 4059, 4057, 4059]

2025-04-11 13:34:19 - htevolver_client - [INFO] - transforming temp

2025-04-11 13:34:19 - htevolver_client - [WARNING] - tried to transform temperature voltages but not calibrations found

2025-04-11 13:34:19 - htevolver_client - [INFO] - transforming od

2025-04-11 13:34:19 - htevolver_client - [WARNING] - tried to transform temperature voltages but not calibrations found

2025-04-11 13:34:19 - htevolver_client - [WARNING] - tried to transform temperature voltages but not calibrations found

2025-04-11 13:34:19 - htevolver_client - [WARNING] - tried to transform temperature voltages but not calibrations found

2025-04-11 13:34:19 - htevolver_client - [WARNING] - tried to transform temperature voltages but not calibrations found

2025-04-11 13:34:19 - htevolver_client - [WARNING] - tried to transform temperature voltages but not calibrations found

2025-04-11 13:34:19 - htevolver_client - [WARNING] - tried to transform temperature voltages but not calibrations found

2025-04-11 13:34:19 - htevolver_client - [WARNING] - tried to transform temperature voltages but not calibrations found

2025-04-11 13:34:19 - htevolver_client - [WARNING] - tried to transform temperature voltages but not calibrations found

2025-04-11 13:34:19 - htevolver_client - [WARNING] - tried to transform temperature voltages but not calibrations found

2025-04-11 13:34:19 - htevolver_client - [WARNING] - tried to transform temperature voltages but not calibrations found

2025-04-11 13:34:19 - htevolver_client - [WARNING] - tried to transform temperature voltages but not calibrations found

2025-04-11 13:34:19 - htevolver_client - [WARNING] - tried to transform temperature voltages but not calibrations found

2025-04-11 13:34:19 - htevolver_client - [WARNING] - tried to transform temperature voltages but not calibrations found

2025-04-11 13:34:19 - htevolver_client - [WARNING] - tried to transform temperature voltages but not calibrations found

2025-04-11 13:34:19 - htevolver_client - [WARNING] - tried to transform temperature voltages but not calibrations found

2025-04-11 13:34:19 - htevolver_client - [WARNING] - tried to transform temperature voltages but not calibrations found

2025-04-11 13:34:19 - htevolver_client - [WARNING] - tried to transform temperature voltages but not calibrations found

2025-04-11 13:34:19 - htevolver_client - [WARNING] - tried to transform temperature voltages but not calibrations found

2025-04-11 13:34:19 - htevolver_client - [INFO] - popping temp

2025-04-11 13:34:19 - htevolver_client - [INFO] - popping od

2025-04-11 13:34:29 - htevolver_client - [INFO] - eVOLVER broadcast received

2025-04-11 13:34:39 - htevolver_client - [INFO] - eVOLVER broadcast received

2025-04-11 13:34:39 - htevolver_client - [INFO] - [2172, 4059, 4057, 4059]

2025-04-11 13:34:39 - htevolver_client - [INFO] - transforming temp

2025-04-11 13:34:39 - htevolver_client - [WARNING] - tried to transform temperature voltages but not calibrations found

2025-04-11 13:34:39 - htevolver_client - [INFO] - transforming od

2025-04-11 13:34:39 - htevolver_client - [WARNING] - tried to transform temperature voltages but not calibrations found

2025-04-11 13:34:39 - htevolver_client - [WARNING] - tried to transform temperature voltages but not calibrations found

2025-04-11 13:34:39 - htevolver_client - [WARNING] - tried to transform temperature voltages but not calibrations found

2025-04-11 13:34:39 - htevolver_client - [WARNING] - tried to transform temperature voltages but not calibrations found

2025-04-11 13:34:39 - htevolver_client - [WARNING] - tried to transform temperature voltages but not calibrations found

2025-04-11 13:34:39 - htevolver_client - [WARNING] - tried to transform temperature voltages but not calibrations found

2025-04-11 13:34:39 - htevolver_client - [WARNING] - tried to transform temperature voltages but not calibrations found

2025-04-11 13:34:39 - htevolver_client - [WARNING] - tried to transform temperature voltages but not calibrations found

2025-04-11 13:34:39 - htevolver_client - [WARNING] - tried to transform temperature voltages but not calibrations found

2025-04-11 13:34:39 - htevolver_client - [WARNING] - tried to transform temperature voltages but not calibrations found

2025-04-11 13:34:39 - htevolver_client - [WARNING] - tried to transform temperature voltages but not calibrations found

2025-04-11 13:34:39 - htevolver_client - [WARNING] - tried to transform temperature voltages but not calibrations found

2025-04-11 13:34:39 - htevolver_client - [WARNING] - tried to transform temperature voltages but not calibrations found

2025-04-11 13:34:39 - htevolver_client - [WARNING] - tried to transform temperature voltages but not calibrations found

2025-04-11 13:34:39 - htevolver_client - [WARNING] - tried to transform temperature voltages but not calibrations found

2025-04-11 13:34:39 - htevolver_client - [WARNING] - tried to transform temperature voltages but not calibrations found

2025-04-11 13:34:39 - htevolver_client - [WARNING] - tried to transform temperature voltages but not calibrations found

2025-04-11 13:34:39 - htevolver_client - [WARNING] - tried to transform temperature voltages but not calibrations found

2025-04-11 13:34:39 - htevolver_client - [INFO] - popping temp

2025-04-11 13:34:39 - htevolver_client - [INFO] - popping od

2025-04-11 13:34:50 - htevolver_client - [INFO] - eVOLVER broadcast received

2025-04-11 13:34:57 - htevolver_client - [INFO] - eVOLVER broadcast received

2025-04-11 13:34:57 - htevolver_client - [INFO] - [2172, 4059, 4058, 4059]

2025-04-11 13:34:57 - htevolver_client - [INFO] - transforming temp

2025-04-11 13:34:57 - htevolver_client - [WARNING] - tried to transform temperature voltages but not calibrations found

2025-04-11 13:34:57 - htevolver_client - [INFO] - transforming od

2025-04-11 13:34:57 - htevolver_client - [WARNING] - tried to transform temperature voltages but not calibrations found

2025-04-11 13:34:57 - htevolver_client - [WARNING] - tried to transform temperature voltages but not calibrations found

2025-04-11 13:34:57 - htevolver_client - [WARNING] - tried to transform temperature voltages but not calibrations found

2025-04-11 13:34:57 - htevolver_client - [WARNING] - tried to transform temperature voltages but not calibrations found

2025-04-11 13:34:57 - htevolver_client - [WARNING] - tried to transform temperature voltages but not calibrations found

2025-04-11 13:34:57 - htevolver_client - [WARNING] - tried to transform temperature voltages but not calibrations found

2025-04-11 13:34:57 - htevolver_client - [WARNING] - tried to transform temperature voltages but not calibrations found

2025-04-11 13:34:57 - htevolver_client - [WARNING] - tried to transform temperature voltages but not calibrations found

2025-04-11 13:34:57 - htevolver_client - [WARNING] - tried to transform temperature voltages but not calibrations found

2025-04-11 13:34:57 - htevolver_client - [WARNING] - tried to transform temperature voltages but not calibrations found

2025-04-11 13:34:57 - htevolver_client - [WARNING] - tried to transform temperature voltages but not calibrations found

2025-04-11 13:34:57 - htevolver_client - [WARNING] - tried to transform temperature voltages but not calibrations found

2025-04-11 13:34:57 - htevolver_client - [WARNING] - tried to transform temperature voltages but not calibrations found

2025-04-11 13:34:57 - htevolver_client - [WARNING] - tried to transform temperature voltages but not calibrations found

2025-04-11 13:34:57 - htevolver_client - [WARNING] - tried to transform temperature voltages but not calibrations found

2025-04-11 13:34:57 - htevolver_client - [WARNING] - tried to transform temperature voltages but not calibrations found

2025-04-11 13:34:57 - htevolver_client - [WARNING] - tried to transform temperature voltages but not calibrations found

2025-04-11 13:34:57 - htevolver_client - [WARNING] - tried to transform temperature voltages but not calibrations found

2025-04-11 13:34:57 - htevolver_client - [INFO] - popping temp

2025-04-11 13:34:57 - htevolver_client - [INFO] - popping od

2025-04-11 13:35:09 - htevolver_client - [INFO] - eVOLVER broadcast received

2025-04-11 13:35:19 - htevolver_client - [INFO] - eVOLVER broadcast received

2025-04-11 13:35:19 - htevolver_client - [INFO] - [2172, 4059, 4058, 4059]

2025-04-11 13:35:19 - htevolver_client - [INFO] - transforming temp

2025-04-11 13:35:19 - htevolver_client - [WARNING] - tried to transform temperature voltages but not calibrations found

2025-04-11 13:35:19 - htevolver_client - [INFO] - transforming od

2025-04-11 13:35:19 - htevolver_client - [WARNING] - tried to transform temperature voltages but not calibrations found

2025-04-11 13:35:19 - htevolver_client - [WARNING] - tried to transform temperature voltages but not calibrations found

2025-04-11 13:35:19 - htevolver_client - [WARNING] - tried to transform temperature voltages but not calibrations found

2025-04-11 13:35:19 - htevolver_client - [WARNING] - tried to transform temperature voltages but not calibrations found

2025-04-11 13:35:19 - htevolver_client - [WARNING] - tried to transform temperature voltages but not calibrations found

2025-04-11 13:35:19 - htevolver_client - [WARNING] - tried to transform temperature voltages but not calibrations found

2025-04-11 13:35:19 - htevolver_client - [WARNING] - tried to transform temperature voltages but not calibrations found

2025-04-11 13:35:19 - htevolver_client - [WARNING] - tried to transform temperature voltages but not calibrations found

2025-04-11 13:35:19 - htevolver_client - [WARNING] - tried to transform temperature voltages but not calibrations found

2025-04-11 13:35:19 - htevolver_client - [WARNING] - tried to transform temperature voltages but not calibrations found

2025-04-11 13:35:19 - htevolver_client - [WARNING] - tried to transform temperature voltages but not calibrations found

2025-04-11 13:35:19 - htevolver_client - [WARNING] - tried to transform temperature voltages but not calibrations found

2025-04-11 13:35:19 - htevolver_client - [WARNING] - tried to transform temperature voltages but not calibrations found

2025-04-11 13:35:19 - htevolver_client - [WARNING] - tried to transform temperature voltages but not calibrations found

2025-04-11 13:35:19 - htevolver_client - [WARNING] - tried to transform temperature voltages but not calibrations found

2025-04-11 13:35:19 - htevolver_client - [WARNING] - tried to transform temperature voltages but not calibrations found

2025-04-11 13:35:19 - htevolver_client - [WARNING] - tried to transform temperature voltages but not calibrations found

2025-04-11 13:35:19 - htevolver_client - [WARNING] - tried to transform temperature voltages but not calibrations found

2025-04-11 13:35:19 - htevolver_client - [INFO] - popping temp

2025-04-11 13:35:19 - htevolver_client - [INFO] - popping od

2025-04-11 13:35:30 - htevolver_client - [INFO] - eVOLVER broadcast received

2025-04-11 13:35:40 - htevolver_client - [INFO] - eVOLVER broadcast received

2025-04-11 13:35:40 - htevolver_client - [INFO] - [2171, 4058, 4058, 4060]

2025-04-11 13:35:40 - htevolver_client - [INFO] - transforming temp

2025-04-11 13:35:40 - htevolver_client - [WARNING] - tried to transform temperature voltages but not calibrations found

2025-04-11 13:35:40 - htevolver_client - [INFO] - transforming od

2025-04-11 13:35:40 - htevolver_client - [WARNING] - tried to transform temperature voltages but not calibrations found

2025-04-11 13:35:40 - htevolver_client - [WARNING] - tried to transform temperature voltages but not calibrations found

2025-04-11 13:35:40 - htevolver_client - [WARNING] - tried to transform temperature voltages but not calibrations found

2025-04-11 13:35:40 - htevolver_client - [WARNING] - tried to transform temperature voltages but not calibrations found

2025-04-11 13:35:40 - htevolver_client - [WARNING] - tried to transform temperature voltages but not calibrations found

2025-04-11 13:35:40 - htevolver_client - [WARNING] - tried to transform temperature voltages but not calibrations found

2025-04-11 13:35:40 - htevolver_client - [WARNING] - tried to transform temperature voltages but not calibrations found

2025-04-11 13:35:40 - htevolver_client - [WARNING] - tried to transform temperature voltages but not calibrations found

2025-04-11 13:35:40 - htevolver_client - [WARNING] - tried to transform temperature voltages but not calibrations found

2025-04-11 13:35:40 - htevolver_client - [WARNING] - tried to transform temperature voltages but not calibrations found

2025-04-11 13:35:40 - htevolver_client - [WARNING] - tried to transform temperature voltages but not calibrations found

2025-04-11 13:35:40 - htevolver_client - [WARNING] - tried to transform temperature voltages but not calibrations found

2025-04-11 13:35:40 - htevolver_client - [WARNING] - tried to transform temperature voltages but not calibrations found

2025-04-11 13:35:40 - htevolver_client - [WARNING] - tried to transform temperature voltages but not calibrations found

2025-04-11 13:35:40 - htevolver_client - [WARNING] - tried to transform temperature voltages but not calibrations found

2025-04-11 13:35:40 - htevolver_client - [WARNING] - tried to transform temperature voltages but not calibrations found

2025-04-11 13:35:40 - htevolver_client - [WARNING] - tried to transform temperature voltages but not calibrations found

2025-04-11 13:35:40 - htevolver_client - [WARNING] - tried to transform temperature voltages but not calibrations found

2025-04-11 13:35:40 - htevolver_client - [INFO] - popping temp

2025-04-11 13:35:40 - htevolver_client - [INFO] - popping od

2025-04-11 13:35:45 - htevolver_client - [INFO] - eVOLVER broadcast received

2025-04-11 13:36:00 - htevolver_client - [INFO] - eVOLVER broadcast received

2025-04-11 13:36:00 - htevolver_client - [INFO] - [2171, 4059, 4058, 4059]

2025-04-11 13:36:00 - htevolver_client - [INFO] - transforming temp

2025-04-11 13:36:00 - htevolver_client - [WARNING] - tried to transform temperature voltages but not calibrations found

2025-04-11 13:36:00 - htevolver_client - [INFO] - transforming od

2025-04-11 13:36:00 - htevolver_client - [WARNING] - tried to transform temperature voltages but not calibrations found

2025-04-11 13:36:00 - htevolver_client - [WARNING] - tried to transform temperature voltages but not calibrations found

2025-04-11 13:36:00 - htevolver_client - [WARNING] - tried to transform temperature voltages but not calibrations found

2025-04-11 13:36:00 - htevolver_client - [WARNING] - tried to transform temperature voltages but not calibrations found

2025-04-11 13:36:00 - htevolver_client - [WARNING] - tried to transform temperature voltages but not calibrations found

2025-04-11 13:36:00 - htevolver_client - [WARNING] - tried to transform temperature voltages but not calibrations found

2025-04-11 13:36:00 - htevolver_client - [WARNING] - tried to transform temperature voltages but not calibrations found

2025-04-11 13:36:00 - htevolver_client - [WARNING] - tried to transform temperature voltages but not calibrations found

2025-04-11 13:36:00 - htevolver_client - [WARNING] - tried to transform temperature voltages but not calibrations found

2025-04-11 13:36:00 - htevolver_client - [WARNING] - tried to transform temperature voltages but not calibrations found

2025-04-11 13:36:00 - htevolver_client - [WARNING] - tried to transform temperature voltages but not calibrations found

2025-04-11 13:36:00 - htevolver_client - [WARNING] - tried to transform temperature voltages but not calibrations found

2025-04-11 13:36:00 - htevolver_client - [WARNING] - tried to transform temperature voltages but not calibrations found

2025-04-11 13:36:00 - htevolver_client - [WARNING] - tried to transform temperature voltages but not calibrations found

2025-04-11 13:36:00 - htevolver_client - [WARNING] - tried to transform temperature voltages but not calibrations found

2025-04-11 13:36:00 - htevolver_client - [WARNING] - tried to transform temperature voltages but not calibrations found

2025-04-11 13:36:00 - htevolver_client - [WARNING] - tried to transform temperature voltages but not calibrations found

2025-04-11 13:36:00 - htevolver_client - [WARNING] - tried to transform temperature voltages but not calibrations found

2025-04-11 13:36:00 - htevolver_client - [INFO] - popping temp

2025-04-11 13:36:00 - htevolver_client - [INFO] - popping od

2025-04-11 13:36:10 - htevolver_client - [INFO] - eVOLVER broadcast received

2025-04-11 13:36:12 - htevolver_client - [INFO] - eVOLVER broadcast received

2025-04-11 13:36:12 - htevolver_client - [INFO] - [2171, 4059, 4058, 4059]

2025-04-11 13:36:12 - htevolver_client - [INFO] - transforming temp

2025-04-11 13:36:12 - htevolver_client - [WARNING] - tried to transform temperature voltages but not calibrations found

2025-04-11 13:36:12 - htevolver_client - [INFO] - transforming od

2025-04-11 13:36:12 - htevolver_client - [WARNING] - tried to transform temperature voltages but not calibrations found

2025-04-11 13:36:12 - htevolver_client - [WARNING] - tried to transform temperature voltages but not calibrations found

2025-04-11 13:36:12 - htevolver_client - [WARNING] - tried to transform temperature voltages but not calibrations found

2025-04-11 13:36:12 - htevolver_client - [WARNING] - tried to transform temperature voltages but not calibrations found

2025-04-11 13:36:12 - htevolver_client - [WARNING] - tried to transform temperature voltages but not calibrations found

2025-04-11 13:36:12 - htevolver_client - [WARNING] - tried to transform temperature voltages but not calibrations found

2025-04-11 13:36:12 - htevolver_client - [WARNING] - tried to transform temperature voltages but not calibrations found

2025-04-11 13:36:12 - htevolver_client - [WARNING] - tried to transform temperature voltages but not calibrations found

2025-04-11 13:36:12 - htevolver_client - [WARNING] - tried to transform temperature voltages but not calibrations found

2025-04-11 13:36:12 - htevolver_client - [WARNING] - tried to transform temperature voltages but not calibrations found

2025-04-11 13:36:12 - htevolver_client - [WARNING] - tried to transform temperature voltages but not calibrations found

2025-04-11 13:36:12 - htevolver_client - [WARNING] - tried to transform temperature voltages but not calibrations found

2025-04-11 13:36:12 - htevolver_client - [WARNING] - tried to transform temperature voltages but not calibrations found

2025-04-11 13:36:12 - htevolver_client - [WARNING] - tried to transform temperature voltages but not calibrations found

2025-04-11 13:36:12 - htevolver_client - [WARNING] - tried to transform temperature voltages but not calibrations found

2025-04-11 13:36:12 - htevolver_client - [WARNING] - tried to transform temperature voltages but not calibrations found

2025-04-11 13:36:12 - htevolver_client - [WARNING] - tried to transform temperature voltages but not calibrations found

2025-04-11 13:36:12 - htevolver_client - [WARNING] - tried to transform temperature voltages but not calibrations found

2025-04-11 13:36:12 - htevolver_client - [INFO] - popping temp

2025-04-11 13:36:12 - htevolver_client - [INFO] - popping od

2025-04-11 13:36:30 - htevolver_client - [INFO] - eVOLVER broadcast received

2025-04-11 13:36:30 - htevolver_client - [INFO] - eVOLVER broadcast received

2025-04-11 13:36:30 - htevolver_client - [INFO] - [2171, 4059, 4059, 4059]

2025-04-11 13:36:30 - htevolver_client - [INFO] - transforming temp

2025-04-11 13:36:30 - htevolver_client - [WARNING] - tried to transform temperature voltages but not calibrations found

2025-04-11 13:36:30 - htevolver_client - [INFO] - transforming od

2025-04-11 13:36:30 - htevolver_client - [WARNING] - tried to transform temperature voltages but not calibrations found

2025-04-11 13:36:30 - htevolver_client - [WARNING] - tried to transform temperature voltages but not calibrations found

2025-04-11 13:36:30 - htevolver_client - [WARNING] - tried to transform temperature voltages but not calibrations found

2025-04-11 13:36:30 - htevolver_client - [WARNING] - tried to transform temperature voltages but not calibrations found

2025-04-11 13:36:30 - htevolver_client - [WARNING] - tried to transform temperature voltages but not calibrations found

2025-04-11 13:36:30 - htevolver_client - [WARNING] - tried to transform temperature voltages but not calibrations found

2025-04-11 13:36:30 - htevolver_client - [WARNING] - tried to transform temperature voltages but not calibrations found

2025-04-11 13:36:30 - htevolver_client - [WARNING] - tried to transform temperature voltages but not calibrations found

2025-04-11 13:36:30 - htevolver_client - [WARNING] - tried to transform temperature voltages but not calibrations found

2025-04-11 13:36:30 - htevolver_client - [WARNING] - tried to transform temperature voltages but not calibrations found

2025-04-11 13:36:30 - htevolver_client - [WARNING] - tried to transform temperature voltages but not calibrations found

2025-04-11 13:36:30 - htevolver_client - [WARNING] - tried to transform temperature voltages but not calibrations found

2025-04-11 13:36:30 - htevolver_client - [WARNING] - tried to transform temperature voltages but not calibrations found

2025-04-11 13:36:30 - htevolver_client - [WARNING] - tried to transform temperature voltages but not calibrations found

2025-04-11 13:36:30 - htevolver_client - [WARNING] - tried to transform temperature voltages but not calibrations found

2025-04-11 13:36:30 - htevolver_client - [WARNING] - tried to transform temperature voltages but not calibrations found

2025-04-11 13:36:30 - htevolver_client - [WARNING] - tried to transform temperature voltages but not calibrations found

2025-04-11 13:36:30 - htevolver_client - [WARNING] - tried to transform temperature voltages but not calibrations found

2025-04-11 13:36:30 - htevolver_client - [INFO] - popping temp

2025-04-11 13:36:30 - htevolver_client - [INFO] - popping od

2025-04-11 13:36:50 - htevolver_client - [INFO] - eVOLVER broadcast received

2025-04-11 13:36:50 - htevolver_client - [INFO] - eVOLVER broadcast received

2025-04-11 13:36:50 - htevolver_client - [INFO] - [2171, 4059, 4058, 4059]

2025-04-11 13:36:50 - htevolver_client - [INFO] - transforming temp

2025-04-11 13:36:50 - htevolver_client - [WARNING] - tried to transform temperature voltages but not calibrations found

2025-04-11 13:36:50 - htevolver_client - [INFO] - transforming od

2025-04-11 13:36:50 - htevolver_client - [WARNING] - tried to transform temperature voltages but not calibrations found

2025-04-11 13:36:50 - htevolver_client - [WARNING] - tried to transform temperature voltages but not calibrations found

2025-04-11 13:36:50 - htevolver_client - [WARNING] - tried to transform temperature voltages but not calibrations found

2025-04-11 13:36:50 - htevolver_client - [WARNING] - tried to transform temperature voltages but not calibrations found

2025-04-11 13:36:50 - htevolver_client - [WARNING] - tried to transform temperature voltages but not calibrations found

2025-04-11 13:36:50 - htevolver_client - [WARNING] - tried to transform temperature voltages but not calibrations found

2025-04-11 13:36:50 - htevolver_client - [WARNING] - tried to transform temperature voltages but not calibrations found

2025-04-11 13:36:50 - htevolver_client - [WARNING] - tried to transform temperature voltages but not calibrations found

2025-04-11 13:36:50 - htevolver_client - [WARNING] - tried to transform temperature voltages but not calibrations found

2025-04-11 13:36:50 - htevolver_client - [WARNING] - tried to transform temperature voltages but not calibrations found

2025-04-11 13:36:50 - htevolver_client - [WARNING] - tried to transform temperature voltages but not calibrations found

2025-04-11 13:36:50 - htevolver_client - [WARNING] - tried to transform temperature voltages but not calibrations found

2025-04-11 13:36:50 - htevolver_client - [WARNING] - tried to transform temperature voltages but not calibrations found

2025-04-11 13:36:50 - htevolver_client - [WARNING] - tried to transform temperature voltages but not calibrations found

2025-04-11 13:36:50 - htevolver_client - [WARNING] - tried to transform temperature voltages but not calibrations found

2025-04-11 13:36:50 - htevolver_client - [WARNING] - tried to transform temperature voltages but not calibrations found

2025-04-11 13:36:50 - htevolver_client - [WARNING] - tried to transform temperature voltages but not calibrations found

2025-04-11 13:36:50 - htevolver_client - [WARNING] - tried to transform temperature voltages but not calibrations found

2025-04-11 13:36:50 - htevolver_client - [INFO] - popping temp

2025-04-11 13:36:50 - htevolver_client - [INFO] - popping od

2025-04-11 13:37:00 - htevolver_client - [INFO] - eVOLVER broadcast received

2025-04-11 13:37:06 - htevolver_client - [INFO] - dpu disconnected from eVOLVER server

2025-04-11 13:37:06 - htevolver_client - [INFO] - eVOLVER broadcast received

2025-04-11 13:37:06 - htevolver_client - [INFO] - [2170, 4058, 4057, 4059]

2025-04-11 13:37:06 - htevolver_client - [INFO] - transforming temp

2025-04-11 13:37:06 - htevolver_client - [WARNING] - tried to transform temperature voltages but not calibrations found

2025-04-11 13:37:06 - htevolver_client - [INFO] - transforming od

2025-04-11 13:37:06 - htevolver_client - [WARNING] - tried to transform temperature voltages but not calibrations found

2025-04-11 13:37:06 - htevolver_client - [WARNING] - tried to transform temperature voltages but not calibrations found

2025-04-11 13:37:06 - htevolver_client - [WARNING] - tried to transform temperature voltages but not calibrations found

2025-04-11 13:37:06 - htevolver_client - [WARNING] - tried to transform temperature voltages but not calibrations found

2025-04-11 13:37:06 - htevolver_client - [WARNING] - tried to transform temperature voltages but not calibrations found

2025-04-11 13:37:06 - htevolver_client - [WARNING] - tried to transform temperature voltages but not calibrations found

2025-04-11 13:37:06 - htevolver_client - [WARNING] - tried to transform temperature voltages but not calibrations found

2025-04-11 13:37:06 - htevolver_client - [WARNING] - tried to transform temperature voltages but not calibrations found

2025-04-11 13:37:06 - htevolver_client - [WARNING] - tried to transform temperature voltages but not calibrations found

2025-04-11 13:37:06 - htevolver_client - [WARNING] - tried to transform temperature voltages but not calibrations found

2025-04-11 13:37:06 - htevolver_client - [WARNING] - tried to transform temperature voltages but not calibrations found

2025-04-11 13:37:06 - htevolver_client - [WARNING] - tried to transform temperature voltages but not calibrations found

2025-04-11 13:37:06 - htevolver_client - [WARNING] - tried to transform temperature voltages but not calibrations found

2025-04-11 13:37:06 - htevolver_client - [WARNING] - tried to transform temperature voltages but not calibrations found

2025-04-11 13:37:06 - htevolver_client - [WARNING] - tried to transform temperature voltages but not calibrations found

2025-04-11 13:37:06 - htevolver_client - [WARNING] - tried to transform temperature voltages but not calibrations found

2025-04-11 13:37:06 - htevolver_client - [WARNING] - tried to transform temperature voltages but not calibrations found

2025-04-11 13:37:06 - htevolver_client - [WARNING] - tried to transform temperature voltages but not calibrations found

2025-04-11 13:37:06 - htevolver_client - [INFO] - popping temp

2025-04-11 13:37:06 - htevolver_client - [INFO] - popping od

2025-04-11 13:37:09 - htevolver_client - [INFO] - dpu connected to eVOLVER server

2025-04-11 13:37:20 - htevolver_client - [INFO] - eVOLVER broadcast received

2025-04-11 13:37:27 - htevolver_client - [INFO] - eVOLVER broadcast received

2025-04-11 13:37:27 - htevolver_client - [INFO] - [2170, 4059, 4058, 4059]

2025-04-11 13:37:27 - htevolver_client - [INFO] - transforming temp

2025-04-11 13:37:27 - htevolver_client - [WARNING] - tried to transform temperature voltages but not calibrations found

2025-04-11 13:37:27 - htevolver_client - [INFO] - transforming od

2025-04-11 13:37:27 - htevolver_client - [WARNING] - tried to transform temperature voltages but not calibrations found

2025-04-11 13:37:27 - htevolver_client - [WARNING] - tried to transform temperature voltages but not calibrations found

2025-04-11 13:37:27 - htevolver_client - [WARNING] - tried to transform temperature voltages but not calibrations found

2025-04-11 13:37:27 - htevolver_client - [WARNING] - tried to transform temperature voltages but not calibrations found

2025-04-11 13:37:27 - htevolver_client - [WARNING] - tried to transform temperature voltages but not calibrations found

2025-04-11 13:37:27 - htevolver_client - [WARNING] - tried to transform temperature voltages but not calibrations found

2025-04-11 13:37:27 - htevolver_client - [WARNING] - tried to transform temperature voltages but not calibrations found

2025-04-11 13:37:27 - htevolver_client - [WARNING] - tried to transform temperature voltages but not calibrations found

2025-04-11 13:37:27 - htevolver_client - [WARNING] - tried to transform temperature voltages but not calibrations found

2025-04-11 13:37:27 - htevolver_client - [WARNING] - tried to transform temperature voltages but not calibrations found

2025-04-11 13:37:27 - htevolver_client - [WARNING] - tried to transform temperature voltages but not calibrations found

2025-04-11 13:37:27 - htevolver_client - [WARNING] - tried to transform temperature voltages but not calibrations found

2025-04-11 13:37:27 - htevolver_client - [WARNING] - tried to transform temperature voltages but not calibrations found

2025-04-11 13:37:27 - htevolver_client - [WARNING] - tried to transform temperature voltages but not calibrations found

2025-04-11 13:37:27 - htevolver_client - [WARNING] - tried to transform temperature voltages but not calibrations found

2025-04-11 13:37:27 - htevolver_client - [WARNING] - tried to transform temperature voltages but not calibrations found

2025-04-11 13:37:27 - htevolver_client - [WARNING] - tried to transform temperature voltages but not calibrations found

2025-04-11 13:37:27 - htevolver_client - [WARNING] - tried to transform temperature voltages but not calibrations found

2025-04-11 13:37:40 - htevolver_client - [INFO] - eVOLVER broadcast received

2025-04-11 13:37:50 - htevolver_client - [INFO] - eVOLVER broadcast received

2025-04-11 13:37:50 - htevolver_client - [INFO] - [2170, 4059, 4058, 4059]

2025-04-11 13:37:50 - htevolver_client - [INFO] - transforming temp

2025-04-11 13:37:50 - htevolver_client - [WARNING] - tried to transform temperature voltages but not calibrations found

2025-04-11 13:37:50 - htevolver_client - [INFO] - transforming od

2025-04-11 13:37:50 - htevolver_client - [WARNING] - tried to transform temperature voltages but not calibrations found

2025-04-11 13:37:50 - htevolver_client - [WARNING] - tried to transform temperature voltages but not calibrations found

2025-04-11 13:37:50 - htevolver_client - [WARNING] - tried to transform temperature voltages but not calibrations found

2025-04-11 13:37:50 - htevolver_client - [WARNING] - tried to transform temperature voltages but not calibrations found

2025-04-11 13:37:50 - htevolver_client - [WARNING] - tried to transform temperature voltages but not calibrations found

2025-04-11 13:37:50 - htevolver_client - [WARNING] - tried to transform temperature voltages but not calibrations found

2025-04-11 13:37:50 - htevolver_client - [WARNING] - tried to transform temperature voltages but not calibrations found

2025-04-11 13:37:50 - htevolver_client - [WARNING] - tried to transform temperature voltages but not calibrations found

2025-04-11 13:37:50 - htevolver_client - [WARNING] - tried to transform temperature voltages but not calibrations found

2025-04-11 13:37:50 - htevolver_client - [WARNING] - tried to transform temperature voltages but not calibrations found

2025-04-11 13:37:50 - htevolver_client - [WARNING] - tried to transform temperature voltages but not calibrations found

2025-04-11 13:37:50 - htevolver_client - [WARNING] - tried to transform temperature voltages but not calibrations found

2025-04-11 13:37:50 - htevolver_client - [WARNING] - tried to transform temperature voltages but not calibrations found

2025-04-11 13:37:50 - htevolver_client - [WARNING] - tried to transform temperature voltages but not calibrations found

2025-04-11 13:37:50 - htevolver_client - [WARNING] - tried to transform temperature voltages but not calibrations found

2025-04-11 13:37:50 - htevolver_client - [WARNING] - tried to transform temperature voltages but not calibrations found

2025-04-11 13:37:50 - htevolver_client - [WARNING] - tried to transform temperature voltages but not calibrations found

2025-04-11 13:37:50 - htevolver_client - [WARNING] - tried to transform temperature voltages but not calibrations found

2025-04-11 13:37:59 - htevolver_client - [INFO] - eVOLVER broadcast received

2025-04-11 13:38:10 - htevolver_client - [INFO] - eVOLVER broadcast received

2025-04-11 13:38:10 - htevolver_client - [INFO] - [2170, 4059, 4058, 4060]

2025-04-11 13:38:10 - htevolver_client - [INFO] - transforming temp

2025-04-11 13:38:10 - htevolver_client - [WARNING] - tried to transform temperature voltages but not calibrations found

2025-04-11 13:38:10 - htevolver_client - [INFO] - transforming od

2025-04-11 13:38:10 - htevolver_client - [WARNING] - tried to transform temperature voltages but not calibrations found

2025-04-11 13:38:10 - htevolver_client - [WARNING] - tried to transform temperature voltages but not calibrations found

2025-04-11 13:38:10 - htevolver_client - [WARNING] - tried to transform temperature voltages but not calibrations found

2025-04-11 13:38:10 - htevolver_client - [WARNING] - tried to transform temperature voltages but not calibrations found

2025-04-11 13:38:10 - htevolver_client - [WARNING] - tried to transform temperature voltages but not calibrations found

2025-04-11 13:38:10 - htevolver_client - [WARNING] - tried to transform temperature voltages but not calibrations found

2025-04-11 13:38:10 - htevolver_client - [WARNING] - tried to transform temperature voltages but not calibrations found

2025-04-11 13:38:10 - htevolver_client - [WARNING] - tried to transform temperature voltages but not calibrations found

2025-04-11 13:38:10 - htevolver_client - [WARNING] - tried to transform temperature voltages but not calibrations found

2025-04-11 13:38:10 - htevolver_client - [WARNING] - tried to transform temperature voltages but not calibrations found

2025-04-11 13:38:10 - htevolver_client - [WARNING] - tried to transform temperature voltages but not calibrations found

2025-04-11 13:38:10 - htevolver_client - [WARNING] - tried to transform temperature voltages but not calibrations found

2025-04-11 13:38:10 - htevolver_client - [WARNING] - tried to transform temperature voltages but not calibrations found

2025-04-11 13:38:10 - htevolver_client - [WARNING] - tried to transform temperature voltages but not calibrations found

2025-04-11 13:38:10 - htevolver_client - [WARNING] - tried to transform temperature voltages but not calibrations found

2025-04-11 13:38:10 - htevolver_client - [WARNING] - tried to transform temperature voltages but not calibrations found

2025-04-11 13:38:10 - htevolver_client - [WARNING] - tried to transform temperature voltages but not calibrations found

2025-04-11 13:38:10 - htevolver_client - [WARNING] - tried to transform temperature voltages but not calibrations found

2025-04-11 13:38:15 - htevolver_client - [INFO] - eVOLVER broadcast received

2025-04-11 13:38:24 - htevolver_client - [INFO] - eVOLVER broadcast received

2025-04-11 13:38:24 - htevolver_client - [INFO] - [2169, 4060, 4058, 4059]

2025-04-11 13:38:24 - htevolver_client - [INFO] - transforming temp

2025-04-11 13:38:24 - htevolver_client - [WARNING] - tried to transform temperature voltages but not calibrations found

2025-04-11 13:38:24 - htevolver_client - [INFO] - transforming od

2025-04-11 13:38:24 - htevolver_client - [WARNING] - tried to transform temperature voltages but not calibrations found

2025-04-11 13:38:24 - htevolver_client - [WARNING] - tried to transform temperature voltages but not calibrations found

2025-04-11 13:38:24 - htevolver_client - [WARNING] - tried to transform temperature voltages but not calibrations found

2025-04-11 13:38:24 - htevolver_client - [WARNING] - tried to transform temperature voltages but not calibrations found

2025-04-11 13:38:24 - htevolver_client - [WARNING] - tried to transform temperature voltages but not calibrations found

2025-04-11 13:38:24 - htevolver_client - [WARNING] - tried to transform temperature voltages but not calibrations found

2025-04-11 13:38:24 - htevolver_client - [WARNING] - tried to transform temperature voltages but not calibrations found

2025-04-11 13:38:24 - htevolver_client - [WARNING] - tried to transform temperature voltages but not calibrations found

2025-04-11 13:38:24 - htevolver_client - [WARNING] - tried to transform temperature voltages but not calibrations found

2025-04-11 13:38:24 - htevolver_client - [WARNING] - tried to transform temperature voltages but not calibrations found

2025-04-11 13:38:24 - htevolver_client - [WARNING] - tried to transform temperature voltages but not calibrations found

2025-04-11 13:38:24 - htevolver_client - [WARNING] - tried to transform temperature voltages but not calibrations found

2025-04-11 13:38:24 - htevolver_client - [WARNING] - tried to transform temperature voltages but not calibrations found

2025-04-11 13:38:24 - htevolver_client - [WARNING] - tried to transform temperature voltages but not calibrations found

2025-04-11 13:38:24 - htevolver_client - [WARNING] - tried to transform temperature voltages but not calibrations found

2025-04-11 13:38:24 - htevolver_client - [WARNING] - tried to transform temperature voltages but not calibrations found

2025-04-11 13:38:24 - htevolver_client - [WARNING] - tried to transform temperature voltages but not calibrations found

2025-04-11 13:38:24 - htevolver_client - [WARNING] - tried to transform temperature voltages but not calibrations found

2025-04-11 13:38:40 - htevolver_client - [INFO] - eVOLVER broadcast received

2025-04-11 13:38:49 - htevolver_client - [INFO] - eVOLVER broadcast received

2025-04-11 13:38:49 - htevolver_client - [INFO] - [2169, 4059, 4058, 4060]

2025-04-11 13:38:49 - htevolver_client - [INFO] - transforming temp

2025-04-11 13:38:49 - htevolver_client - [WARNING] - tried to transform temperature voltages but not calibrations found

2025-04-11 13:38:49 - htevolver_client - [INFO] - transforming od

2025-04-11 13:38:49 - htevolver_client - [WARNING] - tried to transform temperature voltages but not calibrations found

2025-04-11 13:38:49 - htevolver_client - [WARNING] - tried to transform temperature voltages but not calibrations found

2025-04-11 13:38:49 - htevolver_client - [WARNING] - tried to transform temperature voltages but not calibrations found

2025-04-11 13:38:49 - htevolver_client - [WARNING] - tried to transform temperature voltages but not calibrations found

2025-04-11 13:38:49 - htevolver_client - [WARNING] - tried to transform temperature voltages but not calibrations found

2025-04-11 13:38:49 - htevolver_client - [WARNING] - tried to transform temperature voltages but not calibrations found

2025-04-11 13:38:49 - htevolver_client - [WARNING] - tried to transform temperature voltages but not calibrations found

2025-04-11 13:38:49 - htevolver_client - [WARNING] - tried to transform temperature voltages but not calibrations found

2025-04-11 13:38:49 - htevolver_client - [WARNING] - tried to transform temperature voltages but not calibrations found

2025-04-11 13:38:49 - htevolver_client - [WARNING] - tried to transform temperature voltages but not calibrations found

2025-04-11 13:38:49 - htevolver_client - [WARNING] - tried to transform temperature voltages but not calibrations found

2025-04-11 13:38:49 - htevolver_client - [WARNING] - tried to transform temperature voltages but not calibrations found

2025-04-11 13:38:49 - htevolver_client - [WARNING] - tried to transform temperature voltages but not calibrations found

2025-04-11 13:38:49 - htevolver_client - [WARNING] - tried to transform temperature voltages but not calibrations found

2025-04-11 13:38:49 - htevolver_client - [WARNING] - tried to transform temperature voltages but not calibrations found

2025-04-11 13:38:49 - htevolver_client - [WARNING] - tried to transform temperature voltages but not calibrations found

2025-04-11 13:38:49 - htevolver_client - [WARNING] - tried to transform temperature voltages but not calibrations found

2025-04-11 13:38:49 - htevolver_client - [WARNING] - tried to transform temperature voltages but not calibrations found

2025-04-11 13:39:00 - htevolver_client - [INFO] - eVOLVER broadcast received

2025-04-11 13:39:00 - htevolver_client - [INFO] - eVOLVER broadcast received

2025-04-11 13:39:00 - htevolver_client - [INFO] - [2169, 4059, 4057, 4059]

2025-04-11 13:39:00 - htevolver_client - [INFO] - transforming temp

2025-04-11 13:39:00 - htevolver_client - [WARNING] - tried to transform temperature voltages but not calibrations found

2025-04-11 13:39:00 - htevolver_client - [INFO] - transforming od

2025-04-11 13:39:00 - htevolver_client - [WARNING] - tried to transform temperature voltages but not calibrations found

2025-04-11 13:39:00 - htevolver_client - [WARNING] - tried to transform temperature voltages but not calibrations found

2025-04-11 13:39:00 - htevolver_client - [WARNING] - tried to transform temperature voltages but not calibrations found

2025-04-11 13:39:00 - htevolver_client - [WARNING] - tried to transform temperature voltages but not calibrations found

2025-04-11 13:39:00 - htevolver_client - [WARNING] - tried to transform temperature voltages but not calibrations found

2025-04-11 13:39:00 - htevolver_client - [WARNING] - tried to transform temperature voltages but not calibrations found

2025-04-11 13:39:00 - htevolver_client - [WARNING] - tried to transform temperature voltages but not calibrations found

2025-04-11 13:39:00 - htevolver_client - [WARNING] - tried to transform temperature voltages but not calibrations found

2025-04-11 13:39:00 - htevolver_client - [WARNING] - tried to transform temperature voltages but not calibrations found

2025-04-11 13:39:00 - htevolver_client - [WARNING] - tried to transform temperature voltages but not calibrations found

2025-04-11 13:39:00 - htevolver_client - [WARNING] - tried to transform temperature voltages but not calibrations found

2025-04-11 13:39:00 - htevolver_client - [WARNING] - tried to transform temperature voltages but not calibrations found

2025-04-11 13:39:00 - htevolver_client - [WARNING] - tried to transform temperature voltages but not calibrations found

2025-04-11 13:39:00 - htevolver_client - [WARNING] - tried to transform temperature voltages but not calibrations found

2025-04-11 13:39:00 - htevolver_client - [WARNING] - tried to transform temperature voltages but not calibrations found

2025-04-11 13:39:00 - htevolver_client - [WARNING] - tried to transform temperature voltages but not calibrations found

2025-04-11 13:39:00 - htevolver_client - [WARNING] - tried to transform temperature voltages but not calibrations found

2025-04-11 13:39:00 - htevolver_client - [WARNING] - tried to transform temperature voltages but not calibrations found

2025-04-11 13:39:14 - htevolver_client - [INFO] - eVOLVER broadcast received

2025-04-11 13:39:20 - htevolver_client - [INFO] - eVOLVER broadcast received

2025-04-11 13:39:20 - htevolver_client - [INFO] - [2169, 4059, 4059, 4059]

2025-04-11 13:39:20 - htevolver_client - [INFO] - transforming temp

2025-04-11 13:39:20 - htevolver_client - [WARNING] - tried to transform temperature voltages but not calibrations found

2025-04-11 13:39:20 - htevolver_client - [INFO] - transforming od

2025-04-11 13:39:20 - htevolver_client - [WARNING] - tried to transform temperature voltages but not calibrations found

2025-04-11 13:39:20 - htevolver_client - [WARNING] - tried to transform temperature voltages but not calibrations found

2025-04-11 13:39:20 - htevolver_client - [WARNING] - tried to transform temperature voltages but not calibrations found

2025-04-11 13:39:20 - htevolver_client - [WARNING] - tried to transform temperature voltages but not calibrations found

2025-04-11 13:39:20 - htevolver_client - [WARNING] - tried to transform temperature voltages but not calibrations found

2025-04-11 13:39:20 - htevolver_client - [WARNING] - tried to transform temperature voltages but not calibrations found

2025-04-11 13:39:20 - htevolver_client - [WARNING] - tried to transform temperature voltages but not calibrations found

2025-04-11 13:39:20 - htevolver_client - [WARNING] - tried to transform temperature voltages but not calibrations found

2025-04-11 13:39:20 - htevolver_client - [WARNING] - tried to transform temperature voltages but not calibrations found

2025-04-11 13:39:20 - htevolver_client - [WARNING] - tried to transform temperature voltages but not calibrations found

2025-04-11 13:39:20 - htevolver_client - [WARNING] - tried to transform temperature voltages but not calibrations found

2025-04-11 13:39:20 - htevolver_client - [WARNING] - tried to transform temperature voltages but not calibrations found

2025-04-11 13:39:20 - htevolver_client - [WARNING] - tried to transform temperature voltages but not calibrations found

2025-04-11 13:39:20 - htevolver_client - [WARNING] - tried to transform temperature voltages but not calibrations found

2025-04-11 13:39:20 - htevolver_client - [WARNING] - tried to transform temperature voltages but not calibrations found

2025-04-11 13:39:20 - htevolver_client - [WARNING] - tried to transform temperature voltages but not calibrations found

2025-04-11 13:39:20 - htevolver_client - [WARNING] - tried to transform temperature voltages but not calibrations found

2025-04-11 13:39:20 - htevolver_client - [WARNING] - tried to transform temperature voltages but not calibrations found

2025-04-11 13:39:30 - htevolver_client - [INFO] - eVOLVER broadcast received

2025-04-11 13:39:39 - htevolver_client - [INFO] - eVOLVER broadcast received

2025-04-11 13:39:39 - htevolver_client - [INFO] - [2168, 4059, 4057, 4059]

2025-04-11 13:39:39 - htevolver_client - [INFO] - transforming temp

2025-04-11 13:39:39 - htevolver_client - [WARNING] - tried to transform temperature voltages but not calibrations found

2025-04-11 13:39:39 - htevolver_client - [INFO] - transforming od

2025-04-11 13:39:39 - htevolver_client - [WARNING] - tried to transform temperature voltages but not calibrations found

2025-04-11 13:39:39 - htevolver_client - [WARNING] - tried to transform temperature voltages but not calibrations found

2025-04-11 13:39:39 - htevolver_client - [WARNING] - tried to transform temperature voltages but not calibrations found

2025-04-11 13:39:39 - htevolver_client - [WARNING] - tried to transform temperature voltages but not calibrations found

2025-04-11 13:39:39 - htevolver_client - [WARNING] - tried to transform temperature voltages but not calibrations found

2025-04-11 13:39:39 - htevolver_client - [WARNING] - tried to transform temperature voltages but not calibrations found

2025-04-11 13:39:39 - htevolver_client - [WARNING] - tried to transform temperature voltages but not calibrations found

2025-04-11 13:39:39 - htevolver_client - [WARNING] - tried to transform temperature voltages but not calibrations found

2025-04-11 13:39:39 - htevolver_client - [WARNING] - tried to transform temperature voltages but not calibrations found

2025-04-11 13:39:39 - htevolver_client - [WARNING] - tried to transform temperature voltages but not calibrations found

2025-04-11 13:39:39 - htevolver_client - [WARNING] - tried to transform temperature voltages but not calibrations found

2025-04-11 13:39:39 - htevolver_client - [WARNING] - tried to transform temperature voltages but not calibrations found

2025-04-11 13:39:39 - htevolver_client - [WARNING] - tried to transform temperature voltages but not calibrations found

2025-04-11 13:39:39 - htevolver_client - [WARNING] - tried to transform temperature voltages but not calibrations found

2025-04-11 13:39:39 - htevolver_client - [WARNING] - tried to transform temperature voltages but not calibrations found

2025-04-11 13:39:39 - htevolver_client - [WARNING] - tried to transform temperature voltages but not calibrations found

2025-04-11 13:39:39 - htevolver_client - [WARNING] - tried to transform temperature voltages but not calibrations found

2025-04-11 13:39:39 - htevolver_client - [WARNING] - tried to transform temperature voltages but not calibrations found

2025-04-11 13:39:50 - htevolver_client - [INFO] - eVOLVER broadcast received

2025-04-11 13:40:00 - htevolver_client - [INFO] - eVOLVER broadcast received

2025-04-11 13:40:00 - htevolver_client - [INFO] - [2168, 4059, 4058, 4059]

2025-04-11 13:40:00 - htevolver_client - [INFO] - transforming temp

2025-04-11 13:40:00 - htevolver_client - [WARNING] - tried to transform temperature voltages but not calibrations found

2025-04-11 13:40:00 - htevolver_client - [INFO] - transforming od

2025-04-11 13:40:00 - htevolver_client - [WARNING] - tried to transform temperature voltages but not calibrations found

2025-04-11 13:40:00 - htevolver_client - [WARNING] - tried to transform temperature voltages but not calibrations found

2025-04-11 13:40:00 - htevolver_client - [WARNING] - tried to transform temperature voltages but not calibrations found

2025-04-11 13:40:00 - htevolver_client - [WARNING] - tried to transform temperature voltages but not calibrations found

2025-04-11 13:40:00 - htevolver_client - [WARNING] - tried to transform temperature voltages but not calibrations found

2025-04-11 13:40:00 - htevolver_client - [WARNING] - tried to transform temperature voltages but not calibrations found

2025-04-11 13:40:00 - htevolver_client - [WARNING] - tried to transform temperature voltages but not calibrations found

2025-04-11 13:40:00 - htevolver_client - [WARNING] - tried to transform temperature voltages but not calibrations found

2025-04-11 13:40:00 - htevolver_client - [WARNING] - tried to transform temperature voltages but not calibrations found

2025-04-11 13:40:00 - htevolver_client - [WARNING] - tried to transform temperature voltages but not calibrations found

2025-04-11 13:40:00 - htevolver_client - [WARNING] - tried to transform temperature voltages but not calibrations found

2025-04-11 13:40:00 - htevolver_client - [WARNING] - tried to transform temperature voltages but not calibrations found

2025-04-11 13:40:00 - htevolver_client - [WARNING] - tried to transform temperature voltages but not calibrations found

2025-04-11 13:40:00 - htevolver_client - [WARNING] - tried to transform temperature voltages but not calibrations found

2025-04-11 13:40:00 - htevolver_client - [WARNING] - tried to transform temperature voltages but not calibrations found

2025-04-11 13:40:00 - htevolver_client - [WARNING] - tried to transform temperature voltages but not calibrations found

2025-04-11 13:40:00 - htevolver_client - [WARNING] - tried to transform temperature voltages but not calibrations found

2025-04-11 13:40:00 - htevolver_client - [WARNING] - tried to transform temperature voltages but not calibrations found

2025-04-11 13:40:10 - htevolver_client - [INFO] - eVOLVER broadcast received

2025-04-11 13:40:16 - htevolver_client - [INFO] - eVOLVER broadcast received

2025-04-11 13:40:16 - htevolver_client - [INFO] - [2167, 4059, 4058, 4059]

2025-04-11 13:40:16 - htevolver_client - [INFO] - transforming temp

2025-04-11 13:40:16 - htevolver_client - [WARNING] - tried to transform temperature voltages but not calibrations found

2025-04-11 13:40:16 - htevolver_client - [INFO] - transforming od

2025-04-11 13:40:16 - htevolver_client - [WARNING] - tried to transform temperature voltages but not calibrations found

2025-04-11 13:40:16 - htevolver_client - [WARNING] - tried to transform temperature voltages but not calibrations found

2025-04-11 13:40:16 - htevolver_client - [WARNING] - tried to transform temperature voltages but not calibrations found

2025-04-11 13:40:16 - htevolver_client - [WARNING] - tried to transform temperature voltages but not calibrations found

2025-04-11 13:40:16 - htevolver_client - [WARNING] - tried to transform temperature voltages but not calibrations found

2025-04-11 13:40:16 - htevolver_client - [WARNING] - tried to transform temperature voltages but not calibrations found

2025-04-11 13:40:16 - htevolver_client - [WARNING] - tried to transform temperature voltages but not calibrations found

2025-04-11 13:40:16 - htevolver_client - [WARNING] - tried to transform temperature voltages but not calibrations found

2025-04-11 13:40:16 - htevolver_client - [WARNING] - tried to transform temperature voltages but not calibrations found

2025-04-11 13:40:16 - htevolver_client - [WARNING] - tried to transform temperature voltages but not calibrations found

2025-04-11 13:40:16 - htevolver_client - [WARNING] - tried to transform temperature voltages but not calibrations found

2025-04-11 13:40:16 - htevolver_client - [WARNING] - tried to transform temperature voltages but not calibrations found

2025-04-11 13:40:16 - htevolver_client - [WARNING] - tried to transform temperature voltages but not calibrations found

2025-04-11 13:40:16 - htevolver_client - [WARNING] - tried to transform temperature voltages but not calibrations found

2025-04-11 13:40:16 - htevolver_client - [WARNING] - tried to transform temperature voltages but not calibrations found

2025-04-11 13:40:16 - htevolver_client - [WARNING] - tried to transform temperature voltages but not calibrations found

2025-04-11 13:40:16 - htevolver_client - [WARNING] - tried to transform temperature voltages but not calibrations found

2025-04-11 13:40:16 - htevolver_client - [WARNING] - tried to transform temperature voltages but not calibrations found

2025-04-11 13:40:29 - htevolver_client - [INFO] - eVOLVER broadcast received

2025-04-11 13:40:35 - htevolver_client - [INFO] - eVOLVER broadcast received

2025-04-11 13:40:35 - htevolver_client - [INFO] - [2167, 4059, 4058, 4059]

2025-04-11 13:40:35 - htevolver_client - [INFO] - transforming temp

2025-04-11 13:40:35 - htevolver_client - [WARNING] - tried to transform temperature voltages but not calibrations found

2025-04-11 13:40:35 - htevolver_client - [INFO] - transforming od

2025-04-11 13:40:35 - htevolver_client - [WARNING] - tried to transform temperature voltages but not calibrations found

2025-04-11 13:40:35 - htevolver_client - [WARNING] - tried to transform temperature voltages but not calibrations found

2025-04-11 13:40:35 - htevolver_client - [WARNING] - tried to transform temperature voltages but not calibrations found

2025-04-11 13:40:35 - htevolver_client - [WARNING] - tried to transform temperature voltages but not calibrations found

2025-04-11 13:40:35 - htevolver_client - [WARNING] - tried to transform temperature voltages but not calibrations found

2025-04-11 13:40:35 - htevolver_client - [WARNING] - tried to transform temperature voltages but not calibrations found

2025-04-11 13:40:35 - htevolver_client - [WARNING] - tried to transform temperature voltages but not calibrations found

2025-04-11 13:40:35 - htevolver_client - [WARNING] - tried to transform temperature voltages but not calibrations found

2025-04-11 13:40:35 - htevolver_client - [WARNING] - tried to transform temperature voltages but not calibrations found

2025-04-11 13:40:35 - htevolver_client - [WARNING] - tried to transform temperature voltages but not calibrations found

2025-04-11 13:40:35 - htevolver_client - [WARNING] - tried to transform temperature voltages but not calibrations found

2025-04-11 13:40:35 - htevolver_client - [WARNING] - tried to transform temperature voltages but not calibrations found

2025-04-11 13:40:35 - htevolver_client - [WARNING] - tried to transform temperature voltages but not calibrations found

2025-04-11 13:40:35 - htevolver_client - [WARNING] - tried to transform temperature voltages but not calibrations found

2025-04-11 13:40:35 - htevolver_client - [WARNING] - tried to transform temperature voltages but not calibrations found

2025-04-11 13:40:35 - htevolver_client - [WARNING] - tried to transform temperature voltages but not calibrations found

2025-04-11 13:40:35 - htevolver_client - [WARNING] - tried to transform temperature voltages but not calibrations found

2025-04-11 13:40:35 - htevolver_client - [WARNING] - tried to transform temperature voltages but not calibrations found

2025-04-11 13:40:35 - htevolver_client - [INFO] - popping temp

2025-04-11 13:40:35 - htevolver_client - [INFO] - popping od

2025-04-11 13:40:45 - htevolver_client - [INFO] - eVOLVER broadcast received

2025-04-11 13:40:54 - htevolver_client - [INFO] - eVOLVER broadcast received

2025-04-11 13:40:54 - htevolver_client - [INFO] - [2168, 4059, 4058, 4060]

2025-04-11 13:40:54 - htevolver_client - [INFO] - transforming temp

2025-04-11 13:40:54 - htevolver_client - [WARNING] - tried to transform temperature voltages but not calibrations found

2025-04-11 13:40:54 - htevolver_client - [INFO] - transforming od

2025-04-11 13:40:54 - htevolver_client - [WARNING] - tried to transform temperature voltages but not calibrations found

2025-04-11 13:40:54 - htevolver_client - [WARNING] - tried to transform temperature voltages but not calibrations found

2025-04-11 13:40:54 - htevolver_client - [WARNING] - tried to transform temperature voltages but not calibrations found

2025-04-11 13:40:54 - htevolver_client - [WARNING] - tried to transform temperature voltages but not calibrations found

2025-04-11 13:40:54 - htevolver_client - [WARNING] - tried to transform temperature voltages but not calibrations found

2025-04-11 13:40:54 - htevolver_client - [WARNING] - tried to transform temperature voltages but not calibrations found

2025-04-11 13:40:54 - htevolver_client - [WARNING] - tried to transform temperature voltages but not calibrations found

2025-04-11 13:40:54 - htevolver_client - [WARNING] - tried to transform temperature voltages but not calibrations found

2025-04-11 13:40:54 - htevolver_client - [WARNING] - tried to transform temperature voltages but not calibrations found

2025-04-11 13:40:54 - htevolver_client - [WARNING] - tried to transform temperature voltages but not calibrations found

2025-04-11 13:40:54 - htevolver_client - [WARNING] - tried to transform temperature voltages but not calibrations found

2025-04-11 13:40:54 - htevolver_client - [WARNING] - tried to transform temperature voltages but not calibrations found

2025-04-11 13:40:54 - htevolver_client - [WARNING] - tried to transform temperature voltages but not calibrations found

2025-04-11 13:40:54 - htevolver_client - [WARNING] - tried to transform temperature voltages but not calibrations found

2025-04-11 13:40:54 - htevolver_client - [WARNING] - tried to transform temperature voltages but not calibrations found

2025-04-11 13:40:54 - htevolver_client - [WARNING] - tried to transform temperature voltages but not calibrations found

2025-04-11 13:40:54 - htevolver_client - [WARNING] - tried to transform temperature voltages but not calibrations found

2025-04-11 13:40:54 - htevolver_client - [WARNING] - tried to transform temperature voltages but not calibrations found

2025-04-11 13:40:54 - htevolver_client - [INFO] - popping temp

2025-04-11 13:40:54 - htevolver_client - [INFO] - popping od

2025-04-11 13:41:10 - htevolver_client - [INFO] - eVOLVER broadcast received

2025-04-11 13:41:19 - htevolver_client - [INFO] - eVOLVER broadcast received

2025-04-11 13:41:19 - htevolver_client - [INFO] - [2167, 4060, 4058, 4059]

2025-04-11 13:41:19 - htevolver_client - [INFO] - transforming temp

2025-04-11 13:41:19 - htevolver_client - [WARNING] - tried to transform temperature voltages but not calibrations found

2025-04-11 13:41:19 - htevolver_client - [INFO] - transforming od

2025-04-11 13:41:19 - htevolver_client - [WARNING] - tried to transform temperature voltages but not calibrations found

2025-04-11 13:41:19 - htevolver_client - [WARNING] - tried to transform temperature voltages but not calibrations found

2025-04-11 13:41:19 - htevolver_client - [WARNING] - tried to transform temperature voltages but not calibrations found

2025-04-11 13:41:19 - htevolver_client - [WARNING] - tried to transform temperature voltages but not calibrations found

2025-04-11 13:41:19 - htevolver_client - [WARNING] - tried to transform temperature voltages but not calibrations found

2025-04-11 13:41:19 - htevolver_client - [WARNING] - tried to transform temperature voltages but not calibrations found

2025-04-11 13:41:19 - htevolver_client - [WARNING] - tried to transform temperature voltages but not calibrations found

2025-04-11 13:41:19 - htevolver_client - [WARNING] - tried to transform temperature voltages but not calibrations found

2025-04-11 13:41:19 - htevolver_client - [WARNING] - tried to transform temperature voltages but not calibrations found

2025-04-11 13:41:19 - htevolver_client - [WARNING] - tried to transform temperature voltages but not calibrations found

2025-04-11 13:41:19 - htevolver_client - [WARNING] - tried to transform temperature voltages but not calibrations found

2025-04-11 13:41:19 - htevolver_client - [WARNING] - tried to transform temperature voltages but not calibrations found

2025-04-11 13:41:19 - htevolver_client - [WARNING] - tried to transform temperature voltages but not calibrations found

2025-04-11 13:41:19 - htevolver_client - [WARNING] - tried to transform temperature voltages but not calibrations found

2025-04-11 13:41:19 - htevolver_client - [WARNING] - tried to transform temperature voltages but not calibrations found

2025-04-11 13:41:19 - htevolver_client - [WARNING] - tried to transform temperature voltages but not calibrations found

2025-04-11 13:41:19 - htevolver_client - [WARNING] - tried to transform temperature voltages but not calibrations found

2025-04-11 13:41:19 - htevolver_client - [WARNING] - tried to transform temperature voltages but not calibrations found

2025-04-11 13:41:19 - htevolver_client - [INFO] - popping temp

2025-04-11 13:41:19 - htevolver_client - [INFO] - popping od

2025-04-11 13:41:30 - htevolver_client - [INFO] - eVOLVER broadcast received

2025-04-11 13:41:30 - htevolver_client - [INFO] - eVOLVER broadcast received

2025-04-11 13:41:30 - htevolver_client - [INFO] - [2167, 4059, 4058, 4059]

2025-04-11 13:41:30 - htevolver_client - [INFO] - transforming temp

2025-04-11 13:41:30 - htevolver_client - [WARNING] - tried to transform temperature voltages but not calibrations found

2025-04-11 13:41:30 - htevolver_client - [INFO] - transforming od

2025-04-11 13:41:30 - htevolver_client - [WARNING] - tried to transform temperature voltages but not calibrations found

2025-04-11 13:41:30 - htevolver_client - [WARNING] - tried to transform temperature voltages but not calibrations found

2025-04-11 13:41:30 - htevolver_client - [WARNING] - tried to transform temperature voltages but not calibrations found

2025-04-11 13:41:30 - htevolver_client - [WARNING] - tried to transform temperature voltages but not calibrations found

2025-04-11 13:41:30 - htevolver_client - [WARNING] - tried to transform temperature voltages but not calibrations found

2025-04-11 13:41:30 - htevolver_client - [WARNING] - tried to transform temperature voltages but not calibrations found

2025-04-11 13:41:30 - htevolver_client - [WARNING] - tried to transform temperature voltages but not calibrations found

2025-04-11 13:41:30 - htevolver_client - [WARNING] - tried to transform temperature voltages but not calibrations found

2025-04-11 13:41:30 - htevolver_client - [WARNING] - tried to transform temperature voltages but not calibrations found

2025-04-11 13:41:30 - htevolver_client - [WARNING] - tried to transform temperature voltages but not calibrations found

2025-04-11 13:41:30 - htevolver_client - [WARNING] - tried to transform temperature voltages but not calibrations found

2025-04-11 13:41:30 - htevolver_client - [WARNING] - tried to transform temperature voltages but not calibrations found

2025-04-11 13:41:30 - htevolver_client - [WARNING] - tried to transform temperature voltages but not calibrations found

2025-04-11 13:41:30 - htevolver_client - [WARNING] - tried to transform temperature voltages but not calibrations found

2025-04-11 13:41:30 - htevolver_client - [WARNING] - tried to transform temperature voltages but not calibrations found

2025-04-11 13:41:30 - htevolver_client - [WARNING] - tried to transform temperature voltages but not calibrations found

2025-04-11 13:41:30 - htevolver_client - [WARNING] - tried to transform temperature voltages but not calibrations found

2025-04-11 13:41:30 - htevolver_client - [WARNING] - tried to transform temperature voltages but not calibrations found

2025-04-11 13:41:30 - htevolver_client - [INFO] - popping temp

2025-04-11 13:41:30 - htevolver_client - [INFO] - popping od

2025-04-11 13:41:44 - htevolver_client - [INFO] - eVOLVER broadcast received

2025-04-11 13:41:50 - htevolver_client - [INFO] - eVOLVER broadcast received

2025-04-11 13:41:50 - htevolver_client - [INFO] - [2167, 4059, 4058, 4060]

2025-04-11 13:41:50 - htevolver_client - [INFO] - transforming temp

2025-04-11 13:41:50 - htevolver_client - [WARNING] - tried to transform temperature voltages but not calibrations found

2025-04-11 13:41:50 - htevolver_client - [INFO] - transforming od

2025-04-11 13:41:50 - htevolver_client - [WARNING] - tried to transform temperature voltages but not calibrations found

2025-04-11 13:41:50 - htevolver_client - [WARNING] - tried to transform temperature voltages but not calibrations found

2025-04-11 13:41:50 - htevolver_client - [WARNING] - tried to transform temperature voltages but not calibrations found

2025-04-11 13:41:50 - htevolver_client - [WARNING] - tried to transform temperature voltages but not calibrations found

2025-04-11 13:41:50 - htevolver_client - [WARNING] - tried to transform temperature voltages but not calibrations found

2025-04-11 13:41:50 - htevolver_client - [WARNING] - tried to transform temperature voltages but not calibrations found

2025-04-11 13:41:50 - htevolver_client - [WARNING] - tried to transform temperature voltages but not calibrations found

2025-04-11 13:41:50 - htevolver_client - [WARNING] - tried to transform temperature voltages but not calibrations found

2025-04-11 13:41:50 - htevolver_client - [WARNING] - tried to transform temperature voltages but not calibrations found

2025-04-11 13:41:50 - htevolver_client - [WARNING] - tried to transform temperature voltages but not calibrations found

2025-04-11 13:41:50 - htevolver_client - [WARNING] - tried to transform temperature voltages but not calibrations found

2025-04-11 13:41:50 - htevolver_client - [WARNING] - tried to transform temperature voltages but not calibrations found

2025-04-11 13:41:50 - htevolver_client - [WARNING] - tried to transform temperature voltages but not calibrations found

2025-04-11 13:41:50 - htevolver_client - [WARNING] - tried to transform temperature voltages but not calibrations found

2025-04-11 13:41:50 - htevolver_client - [WARNING] - tried to transform temperature voltages but not calibrations found

2025-04-11 13:41:50 - htevolver_client - [WARNING] - tried to transform temperature voltages but not calibrations found

2025-04-11 13:41:50 - htevolver_client - [WARNING] - tried to transform temperature voltages but not calibrations found

2025-04-11 13:41:50 - htevolver_client - [WARNING] - tried to transform temperature voltages but not calibrations found

2025-04-11 13:41:50 - htevolver_client - [INFO] - popping temp

2025-04-11 13:41:50 - htevolver_client - [INFO] - popping od

2025-04-11 13:41:50 - htevolver_client - [INFO] - updating temp with {'param': 'temp', 'address': 8, 'value': [1500, 2147483647, 2147483647, 2147483647], 'immediate': True, 'recurring': True}

2025-04-11 13:42:00 - htevolver_client - [INFO] - eVOLVER broadcast received

2025-04-11 13:42:09 - htevolver_client - [INFO] - eVOLVER broadcast received

2025-04-11 13:42:09 - htevolver_client - [INFO] - [2162, 4059, 4058, 4059]

2025-04-11 13:42:09 - htevolver_client - [INFO] - transforming temp

2025-04-11 13:42:09 - htevolver_client - [WARNING] - tried to transform temperature voltages but not calibrations found

2025-04-11 13:42:09 - htevolver_client - [INFO] - transforming od

2025-04-11 13:42:09 - htevolver_client - [WARNING] - tried to transform temperature voltages but not calibrations found

2025-04-11 13:42:09 - htevolver_client - [WARNING] - tried to transform temperature voltages but not calibrations found

2025-04-11 13:42:09 - htevolver_client - [WARNING] - tried to transform temperature voltages but not calibrations found

2025-04-11 13:42:09 - htevolver_client - [WARNING] - tried to transform temperature voltages but not calibrations found

2025-04-11 13:42:09 - htevolver_client - [WARNING] - tried to transform temperature voltages but not calibrations found

2025-04-11 13:42:09 - htevolver_client - [WARNING] - tried to transform temperature voltages but not calibrations found

2025-04-11 13:42:09 - htevolver_client - [WARNING] - tried to transform temperature voltages but not calibrations found

2025-04-11 13:42:09 - htevolver_client - [WARNING] - tried to transform temperature voltages but not calibrations found

2025-04-11 13:42:09 - htevolver_client - [WARNING] - tried to transform temperature voltages but not calibrations found

2025-04-11 13:42:09 - htevolver_client - [WARNING] - tried to transform temperature voltages but not calibrations found

2025-04-11 13:42:09 - htevolver_client - [WARNING] - tried to transform temperature voltages but not calibrations found

2025-04-11 13:42:09 - htevolver_client - [WARNING] - tried to transform temperature voltages but not calibrations found

2025-04-11 13:42:09 - htevolver_client - [WARNING] - tried to transform temperature voltages but not calibrations found

2025-04-11 13:42:09 - htevolver_client - [WARNING] - tried to transform temperature voltages but not calibrations found

2025-04-11 13:42:09 - htevolver_client - [WARNING] - tried to transform temperature voltages but not calibrations found

2025-04-11 13:42:09 - htevolver_client - [WARNING] - tried to transform temperature voltages but not calibrations found

2025-04-11 13:42:09 - htevolver_client - [WARNING] - tried to transform temperature voltages but not calibrations found

2025-04-11 13:42:09 - htevolver_client - [WARNING] - tried to transform temperature voltages but not calibrations found

2025-04-11 13:42:09 - htevolver_client - [INFO] - popping temp

2025-04-11 13:42:09 - htevolver_client - [INFO] - popping od

2025-04-11 13:42:20 - htevolver_client - [INFO] - eVOLVER broadcast received

2025-04-11 13:42:30 - htevolver_client - [INFO] - eVOLVER broadcast received

2025-04-11 13:42:30 - htevolver_client - [INFO] - [2124, 4059, 4058, 4059]

2025-04-11 13:42:30 - htevolver_client - [INFO] - transforming temp

2025-04-11 13:42:30 - htevolver_client - [WARNING] - tried to transform temperature voltages but not calibrations found

2025-04-11 13:42:30 - htevolver_client - [INFO] - transforming od

2025-04-11 13:42:30 - htevolver_client - [WARNING] - tried to transform temperature voltages but not calibrations found

2025-04-11 13:42:30 - htevolver_client - [WARNING] - tried to transform temperature voltages but not calibrations found

2025-04-11 13:42:30 - htevolver_client - [WARNING] - tried to transform temperature voltages but not calibrations found

2025-04-11 13:42:30 - htevolver_client - [WARNING] - tried to transform temperature voltages but not calibrations found

2025-04-11 13:42:30 - htevolver_client - [WARNING] - tried to transform temperature voltages but not calibrations found

2025-04-11 13:42:30 - htevolver_client - [WARNING] - tried to transform temperature voltages but not calibrations found

2025-04-11 13:42:30 - htevolver_client - [WARNING] - tried to transform temperature voltages but not calibrations found

2025-04-11 13:42:30 - htevolver_client - [WARNING] - tried to transform temperature voltages but not calibrations found

2025-04-11 13:42:30 - htevolver_client - [WARNING] - tried to transform temperature voltages but not calibrations found

2025-04-11 13:42:30 - htevolver_client - [WARNING] - tried to transform temperature voltages but not calibrations found

2025-04-11 13:42:30 - htevolver_client - [WARNING] - tried to transform temperature voltages but not calibrations found

2025-04-11 13:42:30 - htevolver_client - [WARNING] - tried to transform temperature voltages but not calibrations found

2025-04-11 13:42:30 - htevolver_client - [WARNING] - tried to transform temperature voltages but not calibrations found

2025-04-11 13:42:30 - htevolver_client - [WARNING] - tried to transform temperature voltages but not calibrations found

2025-04-11 13:42:30 - htevolver_client - [WARNING] - tried to transform temperature voltages but not calibrations found

2025-04-11 13:42:30 - htevolver_client - [WARNING] - tried to transform temperature voltages but not calibrations found

2025-04-11 13:42:30 - htevolver_client - [WARNING] - tried to transform temperature voltages but not calibrations found

2025-04-11 13:42:30 - htevolver_client - [WARNING] - tried to transform temperature voltages but not calibrations found

2025-04-11 13:42:30 - htevolver_client - [INFO] - popping temp

2025-04-11 13:42:30 - htevolver_client - [INFO] - popping od

2025-04-11 13:42:40 - htevolver_client - [INFO] - eVOLVER broadcast received

2025-04-11 13:42:50 - htevolver_client - [INFO] - eVOLVER broadcast received

2025-04-11 13:42:50 - htevolver_client - [INFO] - [2060, 4059, 4058, 4060]

2025-04-11 13:42:50 - htevolver_client - [INFO] - transforming temp

2025-04-11 13:42:50 - htevolver_client - [WARNING] - tried to transform temperature voltages but not calibrations found

2025-04-11 13:42:50 - htevolver_client - [INFO] - transforming od

2025-04-11 13:42:50 - htevolver_client - [WARNING] - tried to transform temperature voltages but not calibrations found

2025-04-11 13:42:50 - htevolver_client - [WARNING] - tried to transform temperature voltages but not calibrations found

2025-04-11 13:42:50 - htevolver_client - [WARNING] - tried to transform temperature voltages but not calibrations found

2025-04-11 13:42:50 - htevolver_client - [WARNING] - tried to transform temperature voltages but not calibrations found

2025-04-11 13:42:50 - htevolver_client - [WARNING] - tried to transform temperature voltages but not calibrations found

2025-04-11 13:42:50 - htevolver_client - [WARNING] - tried to transform temperature voltages but not calibrations found

2025-04-11 13:42:50 - htevolver_client - [WARNING] - tried to transform temperature voltages but not calibrations found

2025-04-11 13:42:50 - htevolver_client - [WARNING] - tried to transform temperature voltages but not calibrations found

2025-04-11 13:42:50 - htevolver_client - [WARNING] - tried to transform temperature voltages but not calibrations found

2025-04-11 13:42:50 - htevolver_client - [WARNING] - tried to transform temperature voltages but not calibrations found

2025-04-11 13:42:50 - htevolver_client - [WARNING] - tried to transform temperature voltages but not calibrations found

2025-04-11 13:42:50 - htevolver_client - [WARNING] - tried to transform temperature voltages but not calibrations found

2025-04-11 13:42:50 - htevolver_client - [WARNING] - tried to transform temperature voltages but not calibrations found

2025-04-11 13:42:50 - htevolver_client - [WARNING] - tried to transform temperature voltages but not calibrations found

2025-04-11 13:42:50 - htevolver_client - [WARNING] - tried to transform temperature voltages but not calibrations found

2025-04-11 13:42:50 - htevolver_client - [WARNING] - tried to transform temperature voltages but not calibrations found

2025-04-11 13:42:50 - htevolver_client - [WARNING] - tried to transform temperature voltages but not calibrations found

2025-04-11 13:42:50 - htevolver_client - [WARNING] - tried to transform temperature voltages but not calibrations found

2025-04-11 13:42:50 - htevolver_client - [INFO] - popping temp

2025-04-11 13:42:50 - htevolver_client - [INFO] - popping od

2025-04-11 13:42:53 - htevolver_client - [INFO] - dpu disconnected from eVOLVER server

2025-04-11 13:43:16 - htevolver_client - [INFO] - dpu connected to eVOLVER server

2025-04-11 13:43:17 - htevolver_client - [INFO] - dpu disconnected from eVOLVER server

2025-04-11 13:43:22 - htevolver_client - [INFO] - dpu connected to eVOLVER server

2025-04-11 13:43:25 - htevolver_client - [INFO] - eVOLVER broadcast received

2025-04-11 13:43:25 - htevolver_client - [INFO] - [1921, 4059, 4058, 4059]

2025-04-11 13:43:25 - htevolver_client - [INFO] - transforming temp

2025-04-11 13:43:25 - htevolver_client - [WARNING] - tried to transform temperature voltages but not calibrations found

2025-04-11 13:43:25 - htevolver_client - [INFO] - transforming od

2025-04-11 13:43:25 - htevolver_client - [WARNING] - tried to transform temperature voltages but not calibrations found

2025-04-11 13:43:25 - htevolver_client - [WARNING] - tried to transform temperature voltages but not calibrations found

2025-04-11 13:43:25 - htevolver_client - [WARNING] - tried to transform temperature voltages but not calibrations found

2025-04-11 13:43:25 - htevolver_client - [WARNING] - tried to transform temperature voltages but not calibrations found

2025-04-11 13:43:25 - htevolver_client - [WARNING] - tried to transform temperature voltages but not calibrations found

2025-04-11 13:43:25 - htevolver_client - [WARNING] - tried to transform temperature voltages but not calibrations found

2025-04-11 13:43:25 - htevolver_client - [WARNING] - tried to transform temperature voltages but not calibrations found

2025-04-11 13:43:25 - htevolver_client - [WARNING] - tried to transform temperature voltages but not calibrations found

2025-04-11 13:43:25 - htevolver_client - [WARNING] - tried to transform temperature voltages but not calibrations found

2025-04-11 13:43:25 - htevolver_client - [WARNING] - tried to transform temperature voltages but not calibrations found

2025-04-11 13:43:25 - htevolver_client - [WARNING] - tried to transform temperature voltages but not calibrations found

2025-04-11 13:43:25 - htevolver_client - [WARNING] - tried to transform temperature voltages but not calibrations found

2025-04-11 13:43:25 - htevolver_client - [WARNING] - tried to transform temperature voltages but not calibrations found

2025-04-11 13:43:25 - htevolver_client - [WARNING] - tried to transform temperature voltages but not calibrations found

2025-04-11 13:43:25 - htevolver_client - [WARNING] - tried to transform temperature voltages but not calibrations found

2025-04-11 13:43:25 - htevolver_client - [WARNING] - tried to transform temperature voltages but not calibrations found

2025-04-11 13:43:25 - htevolver_client - [WARNING] - tried to transform temperature voltages but not calibrations found

2025-04-11 13:43:25 - htevolver_client - [WARNING] - tried to transform temperature voltages but not calibrations found

2025-04-11 13:43:31 - htevolver_client - [INFO] - dpu disconnected from eVOLVER server

